ISO-10303-21;
HEADER;
/* Generated by software containing ST-Developer
 * from STEP Tools, Inc. (www.steptools.com) 
 */

FILE_DESCRIPTION(
/* description */ (''),
/* implementation_level */ '2;1');

FILE_NAME(
/* name */ 'BoxRepeater.step',
/* time_stamp */ '2026-08-10T17:11:34+02:00',
/* author */ (''),
/* organization */ (''),
/* preprocessor_version */ 'ST-DEVELOPER v20.1',
/* originating_system */ 'Autodesk Translation Framework v15.8.0.0',
/* authorisation */ '');

FILE_SCHEMA (('AUTOMOTIVE_DESIGN { 1 0 10303 214 3 1 1 }'));
ENDSEC;

DATA;
#10=MECHANICAL_DESIGN_GEOMETRIC_PRESENTATION_REPRESENTATION('',(#17,#18,
#19,#20,#21),#12446);
#11=SHAPE_REPRESENTATION_RELATIONSHIP('SRR','None',#12453,#12);
#12=ADVANCED_BREP_SHAPE_REPRESENTATION('',(#22,#23,#24,#25,#26),#12445);
#13=CONICAL_SURFACE('',#6743,0.63225,1.02974425867665);
#14=CONICAL_SURFACE('',#6753,0.63225,1.02974425867665);
#15=CONICAL_SURFACE('',#6763,0.63225,1.02974425867665);
#16=CONICAL_SURFACE('',#6773,0.63225,1.02974425867665);
#17=STYLED_ITEM('',(#12462),#22);
#18=STYLED_ITEM('',(#12462),#23);
#19=STYLED_ITEM('',(#12462),#24);
#20=STYLED_ITEM('',(#12462),#25);
#21=STYLED_ITEM('',(#12462),#26);
#22=MANIFOLD_SOLID_BREP('Corps1',#6500);
#23=MANIFOLD_SOLID_BREP('Corps2',#6501);
#24=MANIFOLD_SOLID_BREP('Corps3',#6502);
#25=MANIFOLD_SOLID_BREP('Corps4',#6503);
#26=MANIFOLD_SOLID_BREP('Corps5',#6504);
#27=SPHERICAL_SURFACE('',#6691,2.5);
#28=SPHERICAL_SURFACE('',#6695,2.5);
#29=SPHERICAL_SURFACE('',#6700,2.5);
#30=SPHERICAL_SURFACE('',#6705,2.5);
#31=SPHERICAL_SURFACE('',#6710,2.5);
#32=SPHERICAL_SURFACE('',#6716,2.5);
#33=SPHERICAL_SURFACE('',#6721,2.5);
#34=SPHERICAL_SURFACE('',#6727,2.5);
#35=CIRCLE('',#6615,1.2645);
#36=CIRCLE('',#6616,1.2645);
#37=CIRCLE('',#6618,1.2645);
#38=CIRCLE('',#6619,1.2645);
#39=CIRCLE('',#6622,3.00000004470349);
#40=CIRCLE('',#6623,3.00000004470349);
#41=CIRCLE('',#6626,3.00000004470348);
#42=CIRCLE('',#6627,3.00000004470348);
#43=CIRCLE('',#6629,1.7);
#44=CIRCLE('',#6630,1.7);
#45=CIRCLE('',#6631,1.7);
#46=CIRCLE('',#6633,1.7);
#47=CIRCLE('',#6634,1.7);
#48=CIRCLE('',#6635,1.7);
#49=CIRCLE('',#6637,9.5);
#50=CIRCLE('',#6638,9.5);
#51=CIRCLE('',#6640,9.5);
#52=CIRCLE('',#6641,9.5);
#53=CIRCLE('',#6643,1.7);
#54=CIRCLE('',#6644,1.7);
#55=CIRCLE('',#6645,1.7);
#56=CIRCLE('',#6647,1.7);
#57=CIRCLE('',#6648,1.7);
#58=CIRCLE('',#6649,1.7);
#59=CIRCLE('',#6663,1.2645);
#60=CIRCLE('',#6664,1.2645);
#61=CIRCLE('',#6667,1.2645);
#62=CIRCLE('',#6668,1.2645);
#63=CIRCLE('',#6671,1.2645);
#64=CIRCLE('',#6672,1.2645);
#65=CIRCLE('',#6675,1.2645);
#66=CIRCLE('',#6676,1.2645);
#67=CIRCLE('',#6692,2.5);
#68=CIRCLE('',#6693,2.5);
#69=CIRCLE('',#6694,2.5);
#70=CIRCLE('',#6696,2.5);
#71=CIRCLE('',#6697,2.5);
#72=CIRCLE('',#6698,2.5);
#73=CIRCLE('',#6701,2.5);
#74=CIRCLE('',#6702,2.5);
#75=CIRCLE('',#6703,2.5);
#76=CIRCLE('',#6706,2.5);
#77=CIRCLE('',#6707,2.5);
#78=CIRCLE('',#6708,2.5);
#79=CIRCLE('',#6711,2.5);
#80=CIRCLE('',#6712,2.5);
#81=CIRCLE('',#6713,2.5);
#82=CIRCLE('',#6717,2.5);
#83=CIRCLE('',#6718,2.5);
#84=CIRCLE('',#6719,2.5);
#85=CIRCLE('',#6722,2.5);
#86=CIRCLE('',#6723,2.5);
#87=CIRCLE('',#6724,2.5);
#88=CIRCLE('',#6728,2.5);
#89=CIRCLE('',#6729,2.5);
#90=CIRCLE('',#6730,2.5);
#91=CIRCLE('',#6744,1.2645);
#92=CIRCLE('',#6746,1.2645);
#93=CIRCLE('',#6754,1.2645);
#94=CIRCLE('',#6756,1.2645);
#95=CIRCLE('',#6764,1.2645);
#96=CIRCLE('',#6766,1.2645);
#97=CIRCLE('',#6774,1.2645);
#98=CIRCLE('',#6776,1.2645);
#99=CYLINDRICAL_SURFACE('',#6614,1.2645);
#100=CYLINDRICAL_SURFACE('',#6617,1.2645);
#101=CYLINDRICAL_SURFACE('',#6621,3.00000004470349);
#102=CYLINDRICAL_SURFACE('',#6625,3.00000004470348);
#103=CYLINDRICAL_SURFACE('',#6628,1.7);
#104=CYLINDRICAL_SURFACE('',#6632,1.7);
#105=CYLINDRICAL_SURFACE('',#6636,9.5);
#106=CYLINDRICAL_SURFACE('',#6639,9.5);
#107=CYLINDRICAL_SURFACE('',#6642,1.7);
#108=CYLINDRICAL_SURFACE('',#6646,1.7);
#109=CYLINDRICAL_SURFACE('',#6662,1.2645);
#110=CYLINDRICAL_SURFACE('',#6666,1.2645);
#111=CYLINDRICAL_SURFACE('',#6670,1.2645);
#112=CYLINDRICAL_SURFACE('',#6674,1.2645);
#113=CYLINDRICAL_SURFACE('',#6699,2.5);
#114=CYLINDRICAL_SURFACE('',#6704,2.5);
#115=CYLINDRICAL_SURFACE('',#6709,2.5);
#116=CYLINDRICAL_SURFACE('',#6714,2.5);
#117=CYLINDRICAL_SURFACE('',#6715,2.5);
#118=CYLINDRICAL_SURFACE('',#6720,2.5);
#119=CYLINDRICAL_SURFACE('',#6725,2.5);
#120=CYLINDRICAL_SURFACE('',#6726,2.5);
#121=CYLINDRICAL_SURFACE('',#6731,2.5);
#122=CYLINDRICAL_SURFACE('',#6732,2.5);
#123=CYLINDRICAL_SURFACE('',#6733,2.5);
#124=CYLINDRICAL_SURFACE('',#6734,2.5);
#125=CYLINDRICAL_SURFACE('',#6745,1.2645);
#126=CYLINDRICAL_SURFACE('',#6755,1.2645);
#127=CYLINDRICAL_SURFACE('',#6765,1.2645);
#128=CYLINDRICAL_SURFACE('',#6775,1.2645);
#129=FACE_BOUND('',#1035,.T.);
#130=FACE_BOUND('',#1071,.T.);
#131=FACE_BOUND('',#1114,.T.);
#132=FACE_BOUND('',#1153,.T.);
#133=FACE_BOUND('',#1178,.T.);
#134=FACE_BOUND('',#1200,.T.);
#135=FACE_BOUND('',#1241,.T.);
#136=FACE_BOUND('',#1265,.T.);
#137=FACE_BOUND('',#1267,.T.);
#138=FACE_BOUND('',#1286,.T.);
#139=FACE_BOUND('',#1291,.T.);
#140=FACE_BOUND('',#1295,.T.);
#141=FACE_BOUND('',#1299,.T.);
#142=FACE_BOUND('',#1321,.T.);
#143=FACE_BOUND('',#1322,.T.);
#144=FACE_BOUND('',#1323,.T.);
#145=FACE_BOUND('',#1324,.T.);
#146=FACE_BOUND('',#1325,.T.);
#147=FACE_BOUND('',#1326,.T.);
#148=FACE_BOUND('',#1327,.T.);
#149=FACE_BOUND('',#1328,.T.);
#150=FACE_BOUND('',#1329,.T.);
#151=FACE_BOUND('',#1330,.T.);
#152=FACE_BOUND('',#1331,.T.);
#153=FACE_BOUND('',#1334,.T.);
#154=FACE_BOUND('',#1335,.T.);
#155=FACE_BOUND('',#1336,.T.);
#156=FACE_BOUND('',#1338,.T.);
#157=FACE_BOUND('',#1339,.T.);
#158=FACE_BOUND('',#1340,.T.);
#159=FACE_BOUND('',#1342,.T.);
#160=FACE_BOUND('',#1343,.T.);
#161=FACE_BOUND('',#1344,.T.);
#162=FACE_BOUND('',#1346,.T.);
#163=FACE_BOUND('',#1349,.T.);
#164=FACE_BOUND('',#1350,.T.);
#165=FACE_BOUND('',#1351,.T.);
#166=FACE_BOUND('',#1359,.T.);
#167=FACE_BOUND('',#1368,.T.);
#168=FACE_BOUND('',#1377,.T.);
#169=FACE_BOUND('',#1386,.T.);
#170=B_SPLINE_CURVE_WITH_KNOTS('',3,(#7955,#7956,#7957,#7958,#7959),
 .UNSPECIFIED.,.F.,.F.,(4,1,4),(0.,0.0566467995485146,0.135121974579295),
 .UNSPECIFIED.);
#171=B_SPLINE_CURVE_WITH_KNOTS('',3,(#7962,#7963,#7964,#7965,#7966),
 .UNSPECIFIED.,.F.,.F.,(4,1,4),(0.,0.0566467995485146,0.135121974579295),
 .UNSPECIFIED.);
#172=B_SPLINE_CURVE_WITH_KNOTS('',3,(#7978,#7979,#7980,#7981,#7982),
 .UNSPECIFIED.,.F.,.F.,(4,1,4),(0.,0.0727808132447133,0.124427776689591),
 .UNSPECIFIED.);
#173=B_SPLINE_CURVE_WITH_KNOTS('',3,(#7985,#7986,#7987,#7988,#7989),
 .UNSPECIFIED.,.F.,.F.,(4,1,4),(0.,0.0727808132447133,0.124427776689591),
 .UNSPECIFIED.);
#174=B_SPLINE_CURVE_WITH_KNOTS('',3,(#8032,#8033,#8034,#8035,#8036),
 .UNSPECIFIED.,.F.,.F.,(4,1,4),(0.,0.0597960482080904,0.137348888333811),
 .UNSPECIFIED.);
#175=B_SPLINE_CURVE_WITH_KNOTS('',3,(#8039,#8040,#8041,#8042,#8043),
 .UNSPECIFIED.,.F.,.F.,(4,1,4),(0.,0.0597960482080904,0.137348888333811),
 .UNSPECIFIED.);
#176=B_SPLINE_CURVE_WITH_KNOTS('',3,(#8055,#8056,#8057,#8058,#8059),
 .UNSPECIFIED.,.F.,.F.,(4,1,4),(0.,0.0527213199776103,0.104550047453046),
 .UNSPECIFIED.);
#177=B_SPLINE_CURVE_WITH_KNOTS('',3,(#8062,#8063,#8064,#8065,#8066),
 .UNSPECIFIED.,.F.,.F.,(4,1,4),(0.,0.0527213199776103,0.104550047453046),
 .UNSPECIFIED.);
#178=B_SPLINE_CURVE_WITH_KNOTS('',3,(#8078,#8079,#8080,#8081,#8082),
 .UNSPECIFIED.,.F.,.F.,(4,1,4),(0.,0.0379658705756983,0.0756558091186905),
 .UNSPECIFIED.);
#179=B_SPLINE_CURVE_WITH_KNOTS('',3,(#8085,#8086,#8087,#8088,#8089),
 .UNSPECIFIED.,.F.,.F.,(4,1,4),(0.,0.0379658705756983,0.0756558091186905),
 .UNSPECIFIED.);
#180=B_SPLINE_CURVE_WITH_KNOTS('',3,(#8101,#8102,#8103,#8104,#8105),
 .UNSPECIFIED.,.F.,.F.,(4,1,4),(0.,0.0409605091222615,0.0796788089435422),
 .UNSPECIFIED.);
#181=B_SPLINE_CURVE_WITH_KNOTS('',3,(#8108,#8109,#8110,#8111,#8112),
 .UNSPECIFIED.,.F.,.F.,(4,1,4),(0.,0.0409605091222615,0.0796788089435422),
 .UNSPECIFIED.);
#182=B_SPLINE_CURVE_WITH_KNOTS('',3,(#8124,#8125,#8126,#8127,#8128),
 .UNSPECIFIED.,.F.,.F.,(4,1,4),(0.,0.0647745368614765,0.114894881855694),
 .UNSPECIFIED.);
#183=B_SPLINE_CURVE_WITH_KNOTS('',3,(#8131,#8132,#8133,#8134,#8135),
 .UNSPECIFIED.,.F.,.F.,(4,1,4),(0.,0.0647745368614765,0.114894881855694),
 .UNSPECIFIED.);
#184=B_SPLINE_CURVE_WITH_KNOTS('',3,(#8171,#8172,#8173,#8174,#8175),
 .UNSPECIFIED.,.F.,.F.,(4,1,4),(0.,0.0239104066286747,0.0591210944221453),
 .UNSPECIFIED.);
#185=B_SPLINE_CURVE_WITH_KNOTS('',3,(#8178,#8179,#8180,#8181,#8182),
 .UNSPECIFIED.,.F.,.F.,(4,1,4),(0.,0.0239104066286747,0.0591210944221453),
 .UNSPECIFIED.);
#186=B_SPLINE_CURVE_WITH_KNOTS('',3,(#8194,#8195,#8196,#8197,#8198),
 .UNSPECIFIED.,.F.,.F.,(4,1,4),(0.,0.0272254689805393,0.0529602159246442),
 .UNSPECIFIED.);
#187=B_SPLINE_CURVE_WITH_KNOTS('',3,(#8201,#8202,#8203,#8204,#8205),
 .UNSPECIFIED.,.F.,.F.,(4,1,4),(0.,0.0272254689805393,0.0529602159246442),
 .UNSPECIFIED.);
#188=B_SPLINE_CURVE_WITH_KNOTS('',3,(#8217,#8218,#8219,#8220,#8221),
 .UNSPECIFIED.,.F.,.F.,(4,1,4),(0.,0.043166725320906,0.0760581073595898),
 .UNSPECIFIED.);
#189=B_SPLINE_CURVE_WITH_KNOTS('',3,(#8224,#8225,#8226,#8227,#8228),
 .UNSPECIFIED.,.F.,.F.,(4,1,4),(0.,0.043166725320906,0.0760581073595898),
 .UNSPECIFIED.);
#190=B_SPLINE_CURVE_WITH_KNOTS('',3,(#8240,#8241,#8242,#8243,#8244),
 .UNSPECIFIED.,.F.,.F.,(4,1,4),(0.,0.0763563782546319,0.134150677109798),
 .UNSPECIFIED.);
#191=B_SPLINE_CURVE_WITH_KNOTS('',3,(#8247,#8248,#8249,#8250,#8251),
 .UNSPECIFIED.,.F.,.F.,(4,1,4),(0.,0.0763563782546319,0.134150677109798),
 .UNSPECIFIED.);
#192=B_SPLINE_CURVE_WITH_KNOTS('',3,(#8281,#8282,#8283,#8284,#8285),
 .UNSPECIFIED.,.F.,.F.,(4,1,4),(0.,0.0658191757843137,0.138267524928525),
 .UNSPECIFIED.);
#193=B_SPLINE_CURVE_WITH_KNOTS('',3,(#8288,#8289,#8290,#8291,#8292),
 .UNSPECIFIED.,.F.,.F.,(4,1,4),(0.,0.0658191757843137,0.138267524928525),
 .UNSPECIFIED.);
#194=B_SPLINE_CURVE_WITH_KNOTS('',3,(#8304,#8305,#8306,#8307,#8308),
 .UNSPECIFIED.,.F.,.F.,(4,1,4),(0.,0.0420602593855569,0.0754312212463265),
 .UNSPECIFIED.);
#195=B_SPLINE_CURVE_WITH_KNOTS('',3,(#8311,#8312,#8313,#8314,#8315),
 .UNSPECIFIED.,.F.,.F.,(4,1,4),(0.,0.0420602593855569,0.0754312212463265),
 .UNSPECIFIED.);
#196=B_SPLINE_CURVE_WITH_KNOTS('',3,(#8327,#8328,#8329,#8330,#8331),
 .UNSPECIFIED.,.F.,.F.,(4,1,4),(0.,0.0848360499429507,0.188410930709268),
 .UNSPECIFIED.);
#197=B_SPLINE_CURVE_WITH_KNOTS('',3,(#8334,#8335,#8336,#8337,#8338),
 .UNSPECIFIED.,.F.,.F.,(4,1,4),(0.,0.0848360499429507,0.188410930709268),
 .UNSPECIFIED.);
#198=B_SPLINE_CURVE_WITH_KNOTS('',3,(#8350,#8351,#8352,#8353,#8354),
 .UNSPECIFIED.,.F.,.F.,(4,1,4),(0.,0.0796457113174367,0.156739871130188),
 .UNSPECIFIED.);
#199=B_SPLINE_CURVE_WITH_KNOTS('',3,(#8357,#8358,#8359,#8360,#8361),
 .UNSPECIFIED.,.F.,.F.,(4,1,4),(0.,0.0796457113174367,0.156739871130188),
 .UNSPECIFIED.);
#200=B_SPLINE_CURVE_WITH_KNOTS('',3,(#8373,#8374,#8375,#8376,#8377),
 .UNSPECIFIED.,.F.,.F.,(4,1,4),(0.,0.0626268073839263,0.126337698280044),
 .UNSPECIFIED.);
#201=B_SPLINE_CURVE_WITH_KNOTS('',3,(#8380,#8381,#8382,#8383,#8384),
 .UNSPECIFIED.,.F.,.F.,(4,1,4),(0.,0.0626268073839263,0.126337698280044),
 .UNSPECIFIED.);
#202=B_SPLINE_CURVE_WITH_KNOTS('',3,(#8396,#8397,#8398,#8399,#8400),
 .UNSPECIFIED.,.F.,.F.,(4,1,4),(0.,0.0582700181418522,0.118742939544553),
 .UNSPECIFIED.);
#203=B_SPLINE_CURVE_WITH_KNOTS('',3,(#8403,#8404,#8405,#8406,#8407),
 .UNSPECIFIED.,.F.,.F.,(4,1,4),(0.,0.0582700181418522,0.118742939544553),
 .UNSPECIFIED.);
#204=B_SPLINE_CURVE_WITH_KNOTS('',3,(#8419,#8420,#8421,#8422,#8423),
 .UNSPECIFIED.,.F.,.F.,(4,1,4),(0.,0.0942877335172003,0.164655710174023),
 .UNSPECIFIED.);
#205=B_SPLINE_CURVE_WITH_KNOTS('',3,(#8426,#8427,#8428,#8429,#8430),
 .UNSPECIFIED.,.F.,.F.,(4,1,4),(0.,0.0942877335172003,0.164655710174023),
 .UNSPECIFIED.);
#206=B_SPLINE_CURVE_WITH_KNOTS('',3,(#8467,#8468,#8469,#8470,#8471),
 .UNSPECIFIED.,.F.,.F.,(4,1,4),(0.,0.0562007690775342,0.116095134999061),
 .UNSPECIFIED.);
#207=B_SPLINE_CURVE_WITH_KNOTS('',3,(#8474,#8475,#8476,#8477,#8478),
 .UNSPECIFIED.,.F.,.F.,(4,1,4),(0.,0.0562007690775342,0.116095134999061),
 .UNSPECIFIED.);
#208=B_SPLINE_CURVE_WITH_KNOTS('',3,(#8490,#8491,#8492,#8493,#8494),
 .UNSPECIFIED.,.F.,.F.,(4,1,4),(0.,0.0318930306147123,0.0658216153656417),
 .UNSPECIFIED.);
#209=B_SPLINE_CURVE_WITH_KNOTS('',3,(#8497,#8498,#8499,#8500,#8501),
 .UNSPECIFIED.,.F.,.F.,(4,1,4),(0.,0.0318930306147123,0.0658216153656417),
 .UNSPECIFIED.);
#210=B_SPLINE_CURVE_WITH_KNOTS('',3,(#8513,#8514,#8515,#8516,#8517),
 .UNSPECIFIED.,.F.,.F.,(4,1,4),(0.,0.0309404605585066,0.0618528383616323),
 .UNSPECIFIED.);
#211=B_SPLINE_CURVE_WITH_KNOTS('',3,(#8520,#8521,#8522,#8523,#8524),
 .UNSPECIFIED.,.F.,.F.,(4,1,4),(0.,0.0309404605585066,0.0618528383616323),
 .UNSPECIFIED.);
#212=B_SPLINE_CURVE_WITH_KNOTS('',3,(#8536,#8537,#8538,#8539,#8540),
 .UNSPECIFIED.,.F.,.F.,(4,1,4),(0.,0.0393949702052335,0.0758023037749496),
 .UNSPECIFIED.);
#213=B_SPLINE_CURVE_WITH_KNOTS('',3,(#8543,#8544,#8545,#8546,#8547),
 .UNSPECIFIED.,.F.,.F.,(4,1,4),(0.,0.0393949702052335,0.0758023037749496),
 .UNSPECIFIED.);
#214=B_SPLINE_CURVE_WITH_KNOTS('',3,(#8565,#8566,#8567,#8568,#8569),
 .UNSPECIFIED.,.F.,.F.,(4,1,4),(0.,0.0506892945020551,0.106840851137746),
 .UNSPECIFIED.);
#215=B_SPLINE_CURVE_WITH_KNOTS('',3,(#8572,#8573,#8574,#8575,#8576),
 .UNSPECIFIED.,.F.,.F.,(4,1,4),(0.,0.0506892945020551,0.106840851137746),
 .UNSPECIFIED.);
#216=B_SPLINE_CURVE_WITH_KNOTS('',3,(#8588,#8589,#8590,#8591,#8592),
 .UNSPECIFIED.,.F.,.F.,(4,1,4),(0.,0.0334966928138248,0.0668073288246311),
 .UNSPECIFIED.);
#217=B_SPLINE_CURVE_WITH_KNOTS('',3,(#8595,#8596,#8597,#8598,#8599),
 .UNSPECIFIED.,.F.,.F.,(4,1,4),(0.,0.0334966928138248,0.0668073288246311),
 .UNSPECIFIED.);
#218=B_SPLINE_CURVE_WITH_KNOTS('',3,(#8611,#8612,#8613,#8614,#8615),
 .UNSPECIFIED.,.F.,.F.,(4,1,4),(0.,0.0606299684335201,0.103124185150567),
 .UNSPECIFIED.);
#219=B_SPLINE_CURVE_WITH_KNOTS('',3,(#8618,#8619,#8620,#8621,#8622),
 .UNSPECIFIED.,.F.,.F.,(4,1,4),(0.,0.0606299684335201,0.103124185150567),
 .UNSPECIFIED.);
#220=B_SPLINE_CURVE_WITH_KNOTS('',3,(#8657,#8658,#8659,#8660,#8661),
 .UNSPECIFIED.,.F.,.F.,(4,1,4),(0.,0.0632997651090605,0.124994462566424),
 .UNSPECIFIED.);
#221=B_SPLINE_CURVE_WITH_KNOTS('',3,(#8665,#8666,#8667,#8668,#8669),
 .UNSPECIFIED.,.F.,.F.,(4,1,4),(0.,0.0632997651090605,0.124994462566424),
 .UNSPECIFIED.);
#222=B_SPLINE_CURVE_WITH_KNOTS('',3,(#8682,#8683,#8684,#8685,#8686),
 .UNSPECIFIED.,.F.,.F.,(4,1,4),(0.,0.0686710204556168,0.137942993807543),
 .UNSPECIFIED.);
#223=B_SPLINE_CURVE_WITH_KNOTS('',3,(#8689,#8690,#8691,#8692,#8693),
 .UNSPECIFIED.,.F.,.F.,(4,1,4),(0.,0.0686710204556168,0.137942993807543),
 .UNSPECIFIED.);
#224=B_SPLINE_CURVE_WITH_KNOTS('',3,(#8705,#8706,#8707,#8708,#8709),
 .UNSPECIFIED.,.F.,.F.,(4,1,4),(0.,0.065203025312127,0.117085140946693),
 .UNSPECIFIED.);
#225=B_SPLINE_CURVE_WITH_KNOTS('',3,(#8712,#8713,#8714,#8715,#8716),
 .UNSPECIFIED.,.F.,.F.,(4,1,4),(0.,0.065203025312127,0.117085140946693),
 .UNSPECIFIED.);
#226=B_SPLINE_CURVE_WITH_KNOTS('',3,(#8733,#8734,#8735,#8736,#8737),
 .UNSPECIFIED.,.F.,.F.,(4,1,4),(0.,0.0639093499088358,0.133797755126522),
 .UNSPECIFIED.);
#227=B_SPLINE_CURVE_WITH_KNOTS('',3,(#8738,#8739,#8740,#8741,#8742),
 .UNSPECIFIED.,.F.,.F.,(4,1,4),(0.,0.0639093499088358,0.133797755126522),
 .UNSPECIFIED.);
#228=B_SPLINE_CURVE_WITH_KNOTS('',3,(#8755,#8756,#8757,#8758,#8759),
 .UNSPECIFIED.,.F.,.F.,(4,1,4),(0.,0.0505679904930513,0.097791381462643),
 .UNSPECIFIED.);
#229=B_SPLINE_CURVE_WITH_KNOTS('',3,(#8763,#8764,#8765,#8766,#8767),
 .UNSPECIFIED.,.F.,.F.,(4,1,4),(0.,0.0505679904930513,0.097791381462643),
 .UNSPECIFIED.);
#230=B_SPLINE_CURVE_WITH_KNOTS('',3,(#8780,#8781,#8782,#8783,#8784),
 .UNSPECIFIED.,.F.,.F.,(4,1,4),(0.,0.0665333306670513,0.134307504140422),
 .UNSPECIFIED.);
#231=B_SPLINE_CURVE_WITH_KNOTS('',3,(#8787,#8788,#8789,#8790,#8791),
 .UNSPECIFIED.,.F.,.F.,(4,1,4),(0.,0.0665333306670513,0.134307504140422),
 .UNSPECIFIED.);
#232=B_SPLINE_CURVE_WITH_KNOTS('',3,(#8803,#8804,#8805,#8806,#8807),
 .UNSPECIFIED.,.F.,.F.,(4,1,4),(0.,0.0858599872181255,0.158415305415601),
 .UNSPECIFIED.);
#233=B_SPLINE_CURVE_WITH_KNOTS('',3,(#8810,#8811,#8812,#8813,#8814),
 .UNSPECIFIED.,.F.,.F.,(4,1,4),(0.,0.0858599872181255,0.158415305415601),
 .UNSPECIFIED.);
#234=B_SPLINE_CURVE_WITH_KNOTS('',3,(#8832,#8833,#8834,#8835,#8836),
 .UNSPECIFIED.,.F.,.F.,(4,1,4),(0.,0.0109149392921653,0.0262000663595778),
 .UNSPECIFIED.);
#235=B_SPLINE_CURVE_WITH_KNOTS('',3,(#8839,#8840,#8841,#8842,#8843),
 .UNSPECIFIED.,.F.,.F.,(4,1,4),(0.,0.0109149392921653,0.0262000663595778),
 .UNSPECIFIED.);
#236=B_SPLINE_CURVE_WITH_KNOTS('',3,(#8855,#8856,#8857,#8858,#8859),
 .UNSPECIFIED.,.F.,.F.,(4,1,4),(0.,0.110093645019937,0.238839393294258),
 .UNSPECIFIED.);
#237=B_SPLINE_CURVE_WITH_KNOTS('',3,(#8862,#8863,#8864,#8865,#8866),
 .UNSPECIFIED.,.F.,.F.,(4,1,4),(0.,0.110093645019937,0.238839393294258),
 .UNSPECIFIED.);
#238=B_SPLINE_CURVE_WITH_KNOTS('',3,(#8878,#8879,#8880,#8881,#8882),
 .UNSPECIFIED.,.F.,.F.,(4,1,4),(0.,0.107430635936637,0.210533449401768),
 .UNSPECIFIED.);
#239=B_SPLINE_CURVE_WITH_KNOTS('',3,(#8885,#8886,#8887,#8888,#8889),
 .UNSPECIFIED.,.F.,.F.,(4,1,4),(0.,0.107430635936637,0.210533449401768),
 .UNSPECIFIED.);
#240=B_SPLINE_CURVE_WITH_KNOTS('',3,(#8901,#8902,#8903,#8904,#8905),
 .UNSPECIFIED.,.F.,.F.,(4,1,4),(0.,0.105595015209671,0.216319171639518),
 .UNSPECIFIED.);
#241=B_SPLINE_CURVE_WITH_KNOTS('',3,(#8908,#8909,#8910,#8911,#8912),
 .UNSPECIFIED.,.F.,.F.,(4,1,4),(0.,0.105595015209671,0.216319171639518),
 .UNSPECIFIED.);
#242=B_SPLINE_CURVE_WITH_KNOTS('',3,(#8924,#8925,#8926,#8927,#8928),
 .UNSPECIFIED.,.F.,.F.,(4,1,4),(0.,0.131234504419515,0.24359667640825),
 .UNSPECIFIED.);
#243=B_SPLINE_CURVE_WITH_KNOTS('',3,(#8931,#8932,#8933,#8934,#8935),
 .UNSPECIFIED.,.F.,.F.,(4,1,4),(0.,0.131234504419515,0.24359667640825),
 .UNSPECIFIED.);
#244=B_SPLINE_CURVE_WITH_KNOTS('',3,(#8947,#8948,#8949,#8950,#8951),
 .UNSPECIFIED.,.F.,.F.,(4,1,4),(0.,0.109404588865092,0.236357684238285),
 .UNSPECIFIED.);
#245=B_SPLINE_CURVE_WITH_KNOTS('',3,(#8954,#8955,#8956,#8957,#8958),
 .UNSPECIFIED.,.F.,.F.,(4,1,4),(0.,0.109404588865092,0.236357684238285),
 .UNSPECIFIED.);
#246=B_SPLINE_CURVE_WITH_KNOTS('',3,(#8970,#8971,#8972,#8973,#8974),
 .UNSPECIFIED.,.F.,.F.,(4,1,4),(0.,0.115652618335604,0.221162950197967),
 .UNSPECIFIED.);
#247=B_SPLINE_CURVE_WITH_KNOTS('',3,(#8977,#8978,#8979,#8980,#8981),
 .UNSPECIFIED.,.F.,.F.,(4,1,4),(0.,0.115652618335604,0.221162950197967),
 .UNSPECIFIED.);
#248=B_SPLINE_CURVE_WITH_KNOTS('',3,(#8993,#8994,#8995,#8996,#8997),
 .UNSPECIFIED.,.F.,.F.,(4,1,4),(0.,0.0826094564899715,0.175376497513724),
 .UNSPECIFIED.);
#249=B_SPLINE_CURVE_WITH_KNOTS('',3,(#9000,#9001,#9002,#9003,#9004),
 .UNSPECIFIED.,.F.,.F.,(4,1,4),(0.,0.0826094564899715,0.175376497513724),
 .UNSPECIFIED.);
#250=B_SPLINE_CURVE_WITH_KNOTS('',3,(#9016,#9017,#9018,#9019,#9020),
 .UNSPECIFIED.,.F.,.F.,(4,1,4),(0.,0.0860934553208058,0.166606526967025),
 .UNSPECIFIED.);
#251=B_SPLINE_CURVE_WITH_KNOTS('',3,(#9023,#9024,#9025,#9026,#9027),
 .UNSPECIFIED.,.F.,.F.,(4,1,4),(0.,0.0860934553208058,0.166606526967025),
 .UNSPECIFIED.);
#252=B_SPLINE_CURVE_WITH_KNOTS('',3,(#9044,#9045,#9046,#9047,#9048),
 .UNSPECIFIED.,.F.,.F.,(4,1,4),(0.,0.0502927713817039,0.110147092184972),
 .UNSPECIFIED.);
#253=B_SPLINE_CURVE_WITH_KNOTS('',3,(#9049,#9050,#9051,#9052,#9053),
 .UNSPECIFIED.,.F.,.F.,(4,1,4),(0.,0.0502927713817039,0.110147092184972),
 .UNSPECIFIED.);
#254=B_SPLINE_CURVE_WITH_KNOTS('',3,(#9067,#9068,#9069,#9070,#9071),
 .UNSPECIFIED.,.F.,.F.,(4,1,4),(0.,0.0152169441210061,0.0346025127823348),
 .UNSPECIFIED.);
#255=B_SPLINE_CURVE_WITH_KNOTS('',3,(#9075,#9076,#9077,#9078,#9079),
 .UNSPECIFIED.,.F.,.F.,(4,1,4),(0.,0.0152169441210061,0.0346025127823348),
 .UNSPECIFIED.);
#256=B_SPLINE_CURVE_WITH_KNOTS('',3,(#9092,#9093,#9094,#9095,#9096),
 .UNSPECIFIED.,.F.,.F.,(4,1,4),(0.,0.0127548906748397,0.0258382684191486),
 .UNSPECIFIED.);
#257=B_SPLINE_CURVE_WITH_KNOTS('',3,(#9099,#9100,#9101,#9102,#9103),
 .UNSPECIFIED.,.F.,.F.,(4,1,4),(0.,0.0127548906748397,0.0258382684191486),
 .UNSPECIFIED.);
#258=B_SPLINE_CURVE_WITH_KNOTS('',3,(#9115,#9116,#9117,#9118,#9119),
 .UNSPECIFIED.,.F.,.F.,(4,1,4),(0.,0.0345400627070088,0.0544325824561395),
 .UNSPECIFIED.);
#259=B_SPLINE_CURVE_WITH_KNOTS('',3,(#9122,#9123,#9124,#9125,#9126),
 .UNSPECIFIED.,.F.,.F.,(4,1,4),(0.,0.0345400627070088,0.0544325824561395),
 .UNSPECIFIED.);
#260=B_SPLINE_CURVE_WITH_KNOTS('',3,(#9204,#9205,#9206,#9207,#9208),
 .UNSPECIFIED.,.F.,.F.,(4,1,4),(0.,0.0437069608346367,0.116960824568899),
 .UNSPECIFIED.);
#261=B_SPLINE_CURVE_WITH_KNOTS('',3,(#9211,#9212,#9213,#9214,#9215),
 .UNSPECIFIED.,.F.,.F.,(4,1,4),(0.,0.0437069608346367,0.116960824568899),
 .UNSPECIFIED.);
#262=B_SPLINE_CURVE_WITH_KNOTS('',3,(#9227,#9228,#9229,#9230,#9231),
 .UNSPECIFIED.,.F.,.F.,(4,1,4),(0.,0.0318336612277641,0.0616314311322824),
 .UNSPECIFIED.);
#263=B_SPLINE_CURVE_WITH_KNOTS('',3,(#9234,#9235,#9236,#9237,#9238),
 .UNSPECIFIED.,.F.,.F.,(4,1,4),(0.,0.0318336612277641,0.0616314311322824),
 .UNSPECIFIED.);
#264=B_SPLINE_CURVE_WITH_KNOTS('',3,(#9250,#9251,#9252,#9253,#9254),
 .UNSPECIFIED.,.F.,.F.,(4,1,4),(0.,0.0476642874728986,0.0853356646374598),
 .UNSPECIFIED.);
#265=B_SPLINE_CURVE_WITH_KNOTS('',3,(#9257,#9258,#9259,#9260,#9261),
 .UNSPECIFIED.,.F.,.F.,(4,1,4),(0.,0.0476642874728986,0.0853356646374598),
 .UNSPECIFIED.);
#266=B_SPLINE_CURVE_WITH_KNOTS('',3,(#9273,#9274,#9275,#9276,#9277),
 .UNSPECIFIED.,.F.,.F.,(4,1,4),(0.,0.0398323907034805,0.0748255229157834),
 .UNSPECIFIED.);
#267=B_SPLINE_CURVE_WITH_KNOTS('',3,(#9280,#9281,#9282,#9283,#9284),
 .UNSPECIFIED.,.F.,.F.,(4,1,4),(0.,0.0398323907034805,0.0748255229157834),
 .UNSPECIFIED.);
#268=B_SPLINE_CURVE_WITH_KNOTS('',3,(#9301,#9302,#9303,#9304,#9305),
 .UNSPECIFIED.,.F.,.F.,(4,1,4),(0.,0.0189873680536664,0.0433037520536493),
 .UNSPECIFIED.);
#269=B_SPLINE_CURVE_WITH_KNOTS('',3,(#9306,#9307,#9308,#9309,#9310),
 .UNSPECIFIED.,.F.,.F.,(4,1,4),(0.,0.0189873680536664,0.0433037520536493),
 .UNSPECIFIED.);
#270=B_SPLINE_CURVE_WITH_KNOTS('',3,(#9324,#9325,#9326,#9327,#9328),
 .UNSPECIFIED.,.F.,.F.,(4,1,4),(0.,0.0632992959632854,0.124994391466217),
 .UNSPECIFIED.);
#271=B_SPLINE_CURVE_WITH_KNOTS('',3,(#9332,#9333,#9334,#9335,#9336),
 .UNSPECIFIED.,.F.,.F.,(4,1,4),(0.,0.0632992959632854,0.124994391466217),
 .UNSPECIFIED.);
#272=B_SPLINE_CURVE_WITH_KNOTS('',3,(#9349,#9350,#9351,#9352,#9353),
 .UNSPECIFIED.,.F.,.F.,(4,1,4),(0.,0.0686710204556168,0.137942993807543),
 .UNSPECIFIED.);
#273=B_SPLINE_CURVE_WITH_KNOTS('',3,(#9356,#9357,#9358,#9359,#9360),
 .UNSPECIFIED.,.F.,.F.,(4,1,4),(0.,0.0686710204556168,0.137942993807543),
 .UNSPECIFIED.);
#274=B_SPLINE_CURVE_WITH_KNOTS('',3,(#9372,#9373,#9374,#9375,#9376),
 .UNSPECIFIED.,.F.,.F.,(4,1,4),(0.,0.065203025312127,0.117085140946693),
 .UNSPECIFIED.);
#275=B_SPLINE_CURVE_WITH_KNOTS('',3,(#9379,#9380,#9381,#9382,#9383),
 .UNSPECIFIED.,.F.,.F.,(4,1,4),(0.,0.065203025312127,0.117085140946693),
 .UNSPECIFIED.);
#276=B_SPLINE_CURVE_WITH_KNOTS('',3,(#9400,#9401,#9402,#9403,#9404),
 .UNSPECIFIED.,.F.,.F.,(4,1,4),(0.,0.0639093499088358,0.133797755126522),
 .UNSPECIFIED.);
#277=B_SPLINE_CURVE_WITH_KNOTS('',3,(#9405,#9406,#9407,#9408,#9409),
 .UNSPECIFIED.,.F.,.F.,(4,1,4),(0.,0.0639093499088358,0.133797755126522),
 .UNSPECIFIED.);
#278=B_SPLINE_CURVE_WITH_KNOTS('',3,(#9422,#9423,#9424,#9425,#9426),
 .UNSPECIFIED.,.F.,.F.,(4,1,4),(0.,0.0505679904930513,0.097791381462643),
 .UNSPECIFIED.);
#279=B_SPLINE_CURVE_WITH_KNOTS('',3,(#9430,#9431,#9432,#9433,#9434),
 .UNSPECIFIED.,.F.,.F.,(4,1,4),(0.,0.0505679904930513,0.097791381462643),
 .UNSPECIFIED.);
#280=B_SPLINE_CURVE_WITH_KNOTS('',3,(#9447,#9448,#9449,#9450,#9451),
 .UNSPECIFIED.,.F.,.F.,(4,1,4),(0.,0.0665333306670513,0.134307504140422),
 .UNSPECIFIED.);
#281=B_SPLINE_CURVE_WITH_KNOTS('',3,(#9454,#9455,#9456,#9457,#9458),
 .UNSPECIFIED.,.F.,.F.,(4,1,4),(0.,0.0665333306670513,0.134307504140422),
 .UNSPECIFIED.);
#282=B_SPLINE_CURVE_WITH_KNOTS('',3,(#9470,#9471,#9472,#9473,#9474),
 .UNSPECIFIED.,.F.,.F.,(4,1,4),(0.,0.0858599872181255,0.158415305415601),
 .UNSPECIFIED.);
#283=B_SPLINE_CURVE_WITH_KNOTS('',3,(#9477,#9478,#9479,#9480,#9481),
 .UNSPECIFIED.,.F.,.F.,(4,1,4),(0.,0.0858599872181255,0.158415305415601),
 .UNSPECIFIED.);
#284=B_SPLINE_CURVE_WITH_KNOTS('',3,(#9499,#9500,#9501,#9502,#9503),
 .UNSPECIFIED.,.F.,.F.,(4,1,4),(0.,0.0109149392921653,0.0262000663595778),
 .UNSPECIFIED.);
#285=B_SPLINE_CURVE_WITH_KNOTS('',3,(#9506,#9507,#9508,#9509,#9510),
 .UNSPECIFIED.,.F.,.F.,(4,1,4),(0.,0.0109149392921653,0.0262000663595778),
 .UNSPECIFIED.);
#286=B_SPLINE_CURVE_WITH_KNOTS('',3,(#9522,#9523,#9524,#9525,#9526),
 .UNSPECIFIED.,.F.,.F.,(4,1,4),(0.,0.110093645019937,0.238839393294258),
 .UNSPECIFIED.);
#287=B_SPLINE_CURVE_WITH_KNOTS('',3,(#9529,#9530,#9531,#9532,#9533),
 .UNSPECIFIED.,.F.,.F.,(4,1,4),(0.,0.110093645019937,0.238839393294258),
 .UNSPECIFIED.);
#288=B_SPLINE_CURVE_WITH_KNOTS('',3,(#9545,#9546,#9547,#9548,#9549),
 .UNSPECIFIED.,.F.,.F.,(4,1,4),(0.,0.107430635936637,0.210533449401768),
 .UNSPECIFIED.);
#289=B_SPLINE_CURVE_WITH_KNOTS('',3,(#9552,#9553,#9554,#9555,#9556),
 .UNSPECIFIED.,.F.,.F.,(4,1,4),(0.,0.107430635936637,0.210533449401768),
 .UNSPECIFIED.);
#290=B_SPLINE_CURVE_WITH_KNOTS('',3,(#9568,#9569,#9570,#9571,#9572),
 .UNSPECIFIED.,.F.,.F.,(4,1,4),(0.,0.105595015209671,0.216319171639518),
 .UNSPECIFIED.);
#291=B_SPLINE_CURVE_WITH_KNOTS('',3,(#9575,#9576,#9577,#9578,#9579),
 .UNSPECIFIED.,.F.,.F.,(4,1,4),(0.,0.105595015209671,0.216319171639518),
 .UNSPECIFIED.);
#292=B_SPLINE_CURVE_WITH_KNOTS('',3,(#9591,#9592,#9593,#9594,#9595),
 .UNSPECIFIED.,.F.,.F.,(4,1,4),(0.,0.131234504419515,0.24359667640825),
 .UNSPECIFIED.);
#293=B_SPLINE_CURVE_WITH_KNOTS('',3,(#9598,#9599,#9600,#9601,#9602),
 .UNSPECIFIED.,.F.,.F.,(4,1,4),(0.,0.131234504419515,0.24359667640825),
 .UNSPECIFIED.);
#294=B_SPLINE_CURVE_WITH_KNOTS('',3,(#9614,#9615,#9616,#9617,#9618),
 .UNSPECIFIED.,.F.,.F.,(4,1,4),(0.,0.109404345374247,0.23635744074744),
 .UNSPECIFIED.);
#295=B_SPLINE_CURVE_WITH_KNOTS('',3,(#9621,#9622,#9623,#9624,#9625),
 .UNSPECIFIED.,.F.,.F.,(4,1,4),(0.,0.109404345374247,0.23635744074744),
 .UNSPECIFIED.);
#296=B_SPLINE_CURVE_WITH_KNOTS('',3,(#9637,#9638,#9639,#9640,#9641),
 .UNSPECIFIED.,.F.,.F.,(4,1,4),(0.,0.115652618335604,0.221163346332812),
 .UNSPECIFIED.);
#297=B_SPLINE_CURVE_WITH_KNOTS('',3,(#9644,#9645,#9646,#9647,#9648),
 .UNSPECIFIED.,.F.,.F.,(4,1,4),(0.,0.115652618335604,0.221163346332812),
 .UNSPECIFIED.);
#298=B_SPLINE_CURVE_WITH_KNOTS('',3,(#9660,#9661,#9662,#9663,#9664),
 .UNSPECIFIED.,.F.,.F.,(4,1,4),(0.,0.0826094564899715,0.175376497513724),
 .UNSPECIFIED.);
#299=B_SPLINE_CURVE_WITH_KNOTS('',3,(#9667,#9668,#9669,#9670,#9671),
 .UNSPECIFIED.,.F.,.F.,(4,1,4),(0.,0.0826094564899715,0.175376497513724),
 .UNSPECIFIED.);
#300=B_SPLINE_CURVE_WITH_KNOTS('',3,(#9683,#9684,#9685,#9686,#9687),
 .UNSPECIFIED.,.F.,.F.,(4,1,4),(0.,0.0860934553208058,0.166606526967025),
 .UNSPECIFIED.);
#301=B_SPLINE_CURVE_WITH_KNOTS('',3,(#9690,#9691,#9692,#9693,#9694),
 .UNSPECIFIED.,.F.,.F.,(4,1,4),(0.,0.0860934553208058,0.166606526967025),
 .UNSPECIFIED.);
#302=B_SPLINE_CURVE_WITH_KNOTS('',3,(#9711,#9712,#9713,#9714,#9715),
 .UNSPECIFIED.,.F.,.F.,(4,1,4),(0.,0.0502927713817039,0.110147092184972),
 .UNSPECIFIED.);
#303=B_SPLINE_CURVE_WITH_KNOTS('',3,(#9716,#9717,#9718,#9719,#9720),
 .UNSPECIFIED.,.F.,.F.,(4,1,4),(0.,0.0502927713817039,0.110147092184972),
 .UNSPECIFIED.);
#304=B_SPLINE_CURVE_WITH_KNOTS('',3,(#9734,#9735,#9736,#9737,#9738),
 .UNSPECIFIED.,.F.,.F.,(4,1,4),(0.,0.042875907882334,0.100038925386831),
 .UNSPECIFIED.);
#305=B_SPLINE_CURVE_WITH_KNOTS('',3,(#9742,#9743,#9744,#9745,#9746),
 .UNSPECIFIED.,.F.,.F.,(4,1,4),(0.,0.042875907882334,0.100038925386831),
 .UNSPECIFIED.);
#306=B_SPLINE_CURVE_WITH_KNOTS('',3,(#9759,#9760,#9761,#9762,#9763),
 .UNSPECIFIED.,.F.,.F.,(4,1,4),(0.,0.0483112722734243,0.0951413529908567),
 .UNSPECIFIED.);
#307=B_SPLINE_CURVE_WITH_KNOTS('',3,(#9766,#9767,#9768,#9769,#9770),
 .UNSPECIFIED.,.F.,.F.,(4,1,4),(0.,0.0483112722734243,0.0951413529908567),
 .UNSPECIFIED.);
#308=B_SPLINE_CURVE_WITH_KNOTS('',3,(#9782,#9783,#9784,#9785,#9786),
 .UNSPECIFIED.,.F.,.F.,(4,1,4),(0.,0.0539732283445083,0.104844168085084),
 .UNSPECIFIED.);
#309=B_SPLINE_CURVE_WITH_KNOTS('',3,(#9789,#9790,#9791,#9792,#9793),
 .UNSPECIFIED.,.F.,.F.,(4,1,4),(0.,0.0539732283445083,0.104844168085084),
 .UNSPECIFIED.);
#310=B_SPLINE_CURVE_WITH_KNOTS('',3,(#9805,#9806,#9807,#9808,#9809),
 .UNSPECIFIED.,.F.,.F.,(4,1,4),(0.,0.0415656983213528,0.0923985700296426),
 .UNSPECIFIED.);
#311=B_SPLINE_CURVE_WITH_KNOTS('',3,(#9812,#9813,#9814,#9815,#9816),
 .UNSPECIFIED.,.F.,.F.,(4,1,4),(0.,0.0415656983213528,0.0923985700296426),
 .UNSPECIFIED.);
#312=B_SPLINE_CURVE_WITH_KNOTS('',3,(#9828,#9829,#9830,#9831,#9832),
 .UNSPECIFIED.,.F.,.F.,(4,1,4),(0.,0.0367757057353155,0.0737338084209252),
 .UNSPECIFIED.);
#313=B_SPLINE_CURVE_WITH_KNOTS('',3,(#9835,#9836,#9837,#9838,#9839),
 .UNSPECIFIED.,.F.,.F.,(4,1,4),(0.,0.0367757057353155,0.0737338084209252),
 .UNSPECIFIED.);
#314=B_SPLINE_CURVE_WITH_KNOTS('',3,(#9851,#9852,#9853,#9854,#9855),
 .UNSPECIFIED.,.F.,.F.,(4,1,4),(0.,0.0244162459486748,0.0491410878341259),
 .UNSPECIFIED.);
#315=B_SPLINE_CURVE_WITH_KNOTS('',3,(#9858,#9859,#9860,#9861,#9862),
 .UNSPECIFIED.,.F.,.F.,(4,1,4),(0.,0.0244162459486748,0.0491410878341259),
 .UNSPECIFIED.);
#316=B_SPLINE_CURVE_WITH_KNOTS('',3,(#9874,#9875,#9876,#9877,#9878),
 .UNSPECIFIED.,.F.,.F.,(4,1,4),(0.,0.0259818363665345,0.0507656469650456),
 .UNSPECIFIED.);
#317=B_SPLINE_CURVE_WITH_KNOTS('',3,(#9881,#9882,#9883,#9884,#9885),
 .UNSPECIFIED.,.F.,.F.,(4,1,4),(0.,0.0259818363665345,0.0507656469650456),
 .UNSPECIFIED.);
#318=B_SPLINE_CURVE_WITH_KNOTS('',3,(#9897,#9898,#9899,#9900,#9901),
 .UNSPECIFIED.,.F.,.F.,(4,1,4),(0.,0.0525305383282902,0.0880479665701593),
 .UNSPECIFIED.);
#319=B_SPLINE_CURVE_WITH_KNOTS('',3,(#9904,#9905,#9906,#9907,#9908),
 .UNSPECIFIED.,.F.,.F.,(4,1,4),(0.,0.0525305383282902,0.0880479665701593),
 .UNSPECIFIED.);
#320=B_SPLINE_CURVE_WITH_KNOTS('',3,(#9920,#9921,#9922,#9923,#9924),
 .UNSPECIFIED.,.F.,.F.,(4,1,4),(0.,0.0698314446451382,0.164935949843932),
 .UNSPECIFIED.);
#321=B_SPLINE_CURVE_WITH_KNOTS('',3,(#9927,#9928,#9929,#9930,#9931),
 .UNSPECIFIED.,.F.,.F.,(4,1,4),(0.,0.0698314446451382,0.164935949843932),
 .UNSPECIFIED.);
#322=B_SPLINE_CURVE_WITH_KNOTS('',3,(#9955,#9956,#9957,#9958,#9959),
 .UNSPECIFIED.,.F.,.F.,(4,1,4),(0.,0.0367470311628412,0.0741417190316112),
 .UNSPECIFIED.);
#323=B_SPLINE_CURVE_WITH_KNOTS('',3,(#9962,#9963,#9964,#9965,#9966),
 .UNSPECIFIED.,.F.,.F.,(4,1,4),(0.,0.0367470311628412,0.0741417190316112),
 .UNSPECIFIED.);
#324=B_SPLINE_CURVE_WITH_KNOTS('',3,(#9978,#9979,#9980,#9981,#9982),
 .UNSPECIFIED.,.F.,.F.,(4,1,4),(0.,0.111811795990845,0.173451548203197),
 .UNSPECIFIED.);
#325=B_SPLINE_CURVE_WITH_KNOTS('',3,(#9985,#9986,#9987,#9988,#9989),
 .UNSPECIFIED.,.F.,.F.,(4,1,4),(0.,0.111811795990845,0.173451548203197),
 .UNSPECIFIED.);
#326=B_SPLINE_CURVE_WITH_KNOTS('',3,(#10007,#10008,#10009,#10010,#10011),
 .UNSPECIFIED.,.F.,.F.,(4,1,4),(0.,0.0353900776398739,0.0907924937332117),
 .UNSPECIFIED.);
#327=B_SPLINE_CURVE_WITH_KNOTS('',3,(#10014,#10015,#10016,#10017,#10018),
 .UNSPECIFIED.,.F.,.F.,(4,1,4),(0.,0.0353900776398739,0.0907924937332117),
 .UNSPECIFIED.);
#328=B_SPLINE_CURVE_WITH_KNOTS('',3,(#10030,#10031,#10032,#10033,#10034),
 .UNSPECIFIED.,.F.,.F.,(4,1,4),(0.,0.0352273535059668,0.0740341813280585),
 .UNSPECIFIED.);
#329=B_SPLINE_CURVE_WITH_KNOTS('',3,(#10037,#10038,#10039,#10040,#10041),
 .UNSPECIFIED.,.F.,.F.,(4,1,4),(0.,0.0352273535059668,0.0740341813280585),
 .UNSPECIFIED.);
#330=B_SPLINE_CURVE_WITH_KNOTS('',3,(#10053,#10054,#10055,#10056,#10057),
 .UNSPECIFIED.,.F.,.F.,(4,1,4),(0.,0.0448143485501388,0.0818085737125828),
 .UNSPECIFIED.);
#331=B_SPLINE_CURVE_WITH_KNOTS('',3,(#10060,#10061,#10062,#10063,#10064),
 .UNSPECIFIED.,.F.,.F.,(4,1,4),(0.,0.0448143485501388,0.0818085737125828),
 .UNSPECIFIED.);
#332=B_SPLINE_CURVE_WITH_KNOTS('',3,(#10076,#10077,#10078,#10079,#10080),
 .UNSPECIFIED.,.F.,.F.,(4,1,4),(0.,0.0673994196067415,0.122326024329397),
 .UNSPECIFIED.);
#333=B_SPLINE_CURVE_WITH_KNOTS('',3,(#10083,#10084,#10085,#10086,#10087),
 .UNSPECIFIED.,.F.,.F.,(4,1,4),(0.,0.0673994196067415,0.122326024329397),
 .UNSPECIFIED.);
#334=B_SPLINE_CURVE_WITH_KNOTS('',3,(#10099,#10100,#10101,#10102,#10103),
 .UNSPECIFIED.,.F.,.F.,(4,1,4),(0.,0.0631489554322346,0.133594066225031),
 .UNSPECIFIED.);
#335=B_SPLINE_CURVE_WITH_KNOTS('',3,(#10106,#10107,#10108,#10109,#10110),
 .UNSPECIFIED.,.F.,.F.,(4,1,4),(0.,0.0631489554322346,0.133594066225031),
 .UNSPECIFIED.);
#336=B_SPLINE_CURVE_WITH_KNOTS('',3,(#10122,#10123,#10124,#10125,#10126),
 .UNSPECIFIED.,.F.,.F.,(4,1,4),(0.,0.0497305478643214,0.105616979702204),
 .UNSPECIFIED.);
#337=B_SPLINE_CURVE_WITH_KNOTS('',3,(#10129,#10130,#10131,#10132,#10133),
 .UNSPECIFIED.,.F.,.F.,(4,1,4),(0.,0.0497305478643214,0.105616979702204),
 .UNSPECIFIED.);
#338=B_SPLINE_CURVE_WITH_KNOTS('',3,(#10145,#10146,#10147,#10148,#10149),
 .UNSPECIFIED.,.F.,.F.,(4,1,4),(0.,0.0583608664594323,0.109239346025066),
 .UNSPECIFIED.);
#339=B_SPLINE_CURVE_WITH_KNOTS('',3,(#10152,#10153,#10154,#10155,#10156),
 .UNSPECIFIED.,.F.,.F.,(4,1,4),(0.,0.0583608664594323,0.109239346025066),
 .UNSPECIFIED.);
#340=B_SPLINE_CURVE_WITH_KNOTS('',3,(#10174,#10175,#10176,#10177,#10178),
 .UNSPECIFIED.,.F.,.F.,(4,1,4),(0.,0.0442224927350066,0.100278037149087),
 .UNSPECIFIED.);
#341=B_SPLINE_CURVE_WITH_KNOTS('',3,(#10181,#10182,#10183,#10184,#10185),
 .UNSPECIFIED.,.F.,.F.,(4,1,4),(0.,0.0442224927350066,0.100278037149087),
 .UNSPECIFIED.);
#342=B_SPLINE_CURVE_WITH_KNOTS('',3,(#10197,#10198,#10199,#10200,#10201),
 .UNSPECIFIED.,.F.,.F.,(4,1,4),(0.,0.0605373446007096,0.106396128422625),
 .UNSPECIFIED.);
#343=B_SPLINE_CURVE_WITH_KNOTS('',3,(#10204,#10205,#10206,#10207,#10208),
 .UNSPECIFIED.,.F.,.F.,(4,1,4),(0.,0.0605373446007096,0.106396128422625),
 .UNSPECIFIED.);
#344=B_SPLINE_CURVE_WITH_KNOTS('',3,(#10220,#10221,#10222,#10223,#10224),
 .UNSPECIFIED.,.F.,.F.,(4,1,4),(0.,0.0530374196485297,0.118642305065273),
 .UNSPECIFIED.);
#345=B_SPLINE_CURVE_WITH_KNOTS('',3,(#10227,#10228,#10229,#10230,#10231),
 .UNSPECIFIED.,.F.,.F.,(4,1,4),(0.,0.0530374196485297,0.118642305065273),
 .UNSPECIFIED.);
#346=B_SPLINE_CURVE_WITH_KNOTS('',3,(#10243,#10244,#10245,#10246,#10247),
 .UNSPECIFIED.,.F.,.F.,(4,1,4),(0.,0.0516306170835454,0.0910370388914938),
 .UNSPECIFIED.);
#347=B_SPLINE_CURVE_WITH_KNOTS('',3,(#10250,#10251,#10252,#10253,#10254),
 .UNSPECIFIED.,.F.,.F.,(4,1,4),(0.,0.0516306170835454,0.0910370388914938),
 .UNSPECIFIED.);
#348=B_SPLINE_CURVE_WITH_KNOTS('',3,(#10266,#10267,#10268,#10269,#10270),
 .UNSPECIFIED.,.F.,.F.,(4,1,4),(0.,0.016512587358999,0.0256540961434068),
 .UNSPECIFIED.);
#349=B_SPLINE_CURVE_WITH_KNOTS('',3,(#10273,#10274,#10275,#10276,#10277),
 .UNSPECIFIED.,.F.,.F.,(4,1,4),(0.,0.016512587358999,0.0256540961434068),
 .UNSPECIFIED.);
#350=B_SPLINE_CURVE_WITH_KNOTS('',3,(#10289,#10290,#10291,#10292,#10293),
 .UNSPECIFIED.,.F.,.F.,(4,1,4),(0.,0.104438368568508,0.178622686560265),
 .UNSPECIFIED.);
#351=B_SPLINE_CURVE_WITH_KNOTS('',3,(#10296,#10297,#10298,#10299,#10300),
 .UNSPECIFIED.,.F.,.F.,(4,1,4),(0.,0.104438368568508,0.178622686560265),
 .UNSPECIFIED.);
#352=B_SPLINE_CURVE_WITH_KNOTS('',3,(#10312,#10313,#10314,#10315,#10316),
 .UNSPECIFIED.,.F.,.F.,(4,1,4),(0.,0.037056821205715,0.0885896030941234),
 .UNSPECIFIED.);
#353=B_SPLINE_CURVE_WITH_KNOTS('',3,(#10319,#10320,#10321,#10322,#10323),
 .UNSPECIFIED.,.F.,.F.,(4,1,4),(0.,0.037056821205715,0.0885896030941234),
 .UNSPECIFIED.);
#354=B_SPLINE_CURVE_WITH_KNOTS('',3,(#10335,#10336,#10337,#10338,#10339),
 .UNSPECIFIED.,.F.,.F.,(4,1,4),(0.,0.0382356442241757,0.0779173776046134),
 .UNSPECIFIED.);
#355=B_SPLINE_CURVE_WITH_KNOTS('',3,(#10342,#10343,#10344,#10345,#10346),
 .UNSPECIFIED.,.F.,.F.,(4,1,4),(0.,0.0382356442241757,0.0779173776046134),
 .UNSPECIFIED.);
#356=B_SPLINE_CURVE_WITH_KNOTS('',3,(#10358,#10359,#10360,#10361,#10362),
 .UNSPECIFIED.,.F.,.F.,(4,1,4),(0.,0.0388159040535487,0.0764768556469559),
 .UNSPECIFIED.);
#357=B_SPLINE_CURVE_WITH_KNOTS('',3,(#10365,#10366,#10367,#10368,#10369),
 .UNSPECIFIED.,.F.,.F.,(4,1,4),(0.,0.0388159040535487,0.0764768556469559),
 .UNSPECIFIED.);
#358=B_SPLINE_CURVE_WITH_KNOTS('',3,(#10381,#10382,#10383,#10384,#10385),
 .UNSPECIFIED.,.F.,.F.,(4,1,4),(0.,0.0410100793731858,0.080797318438742),
 .UNSPECIFIED.);
#359=B_SPLINE_CURVE_WITH_KNOTS('',3,(#10388,#10389,#10390,#10391,#10392),
 .UNSPECIFIED.,.F.,.F.,(4,1,4),(0.,0.0410100793731858,0.080797318438742),
 .UNSPECIFIED.);
#360=B_SPLINE_CURVE_WITH_KNOTS('',3,(#10404,#10405,#10406,#10407,#10408),
 .UNSPECIFIED.,.F.,.F.,(4,1,4),(0.,0.0656028343699517,0.13293358711287),
 .UNSPECIFIED.);
#361=B_SPLINE_CURVE_WITH_KNOTS('',3,(#10411,#10412,#10413,#10414,#10415),
 .UNSPECIFIED.,.F.,.F.,(4,1,4),(0.,0.0656028343699517,0.13293358711287),
 .UNSPECIFIED.);
#362=B_SPLINE_CURVE_WITH_KNOTS('',3,(#10427,#10428,#10429,#10430,#10431),
 .UNSPECIFIED.,.F.,.F.,(4,1,4),(0.,0.0852491563096592,0.156744631302507),
 .UNSPECIFIED.);
#363=B_SPLINE_CURVE_WITH_KNOTS('',3,(#10434,#10435,#10436,#10437,#10438),
 .UNSPECIFIED.,.F.,.F.,(4,1,4),(0.,0.0852491563096592,0.156744631302507),
 .UNSPECIFIED.);
#364=B_SPLINE_CURVE_WITH_KNOTS('',3,(#10450,#10451,#10452,#10453,#10454),
 .UNSPECIFIED.,.F.,.F.,(4,1,4),(0.,0.0542446218994503,0.110450906640981),
 .UNSPECIFIED.);
#365=B_SPLINE_CURVE_WITH_KNOTS('',3,(#10457,#10458,#10459,#10460,#10461),
 .UNSPECIFIED.,.F.,.F.,(4,1,4),(0.,0.0542446218994503,0.110450906640981),
 .UNSPECIFIED.);
#366=B_SPLINE_CURVE_WITH_KNOTS('',3,(#10473,#10474,#10475,#10476,#10477),
 .UNSPECIFIED.,.F.,.F.,(4,1,4),(0.,0.0665776701015892,0.124233323758325),
 .UNSPECIFIED.);
#367=B_SPLINE_CURVE_WITH_KNOTS('',3,(#10480,#10481,#10482,#10483,#10484),
 .UNSPECIFIED.,.F.,.F.,(4,1,4),(0.,0.0665776701015892,0.124233323758325),
 .UNSPECIFIED.);
#368=B_SPLINE_CURVE_WITH_KNOTS('',3,(#10495,#10496,#10497,#10498,#10499),
 .UNSPECIFIED.,.F.,.F.,(4,1,4),(0.,0.0354478470703233,0.0744343568248389),
 .UNSPECIFIED.);
#369=B_SPLINE_CURVE_WITH_KNOTS('',3,(#10500,#10501,#10502,#10503,#10504),
 .UNSPECIFIED.,.F.,.F.,(4,1,4),(0.,0.0354478470703233,0.0744343568248389),
 .UNSPECIFIED.);
#370=B_SPLINE_CURVE_WITH_KNOTS('',3,(#10518,#10519,#10520,#10521,#10522),
 .UNSPECIFIED.,.F.,.F.,(4,1,4),(0.,0.060931959759439,0.128979013279077),
 .UNSPECIFIED.);
#371=B_SPLINE_CURVE_WITH_KNOTS('',3,(#10526,#10527,#10528,#10529,#10530),
 .UNSPECIFIED.,.F.,.F.,(4,1,4),(0.,0.060931959759439,0.128979013279077),
 .UNSPECIFIED.);
#372=B_SPLINE_CURVE_WITH_KNOTS('',3,(#10543,#10544,#10545,#10546,#10547),
 .UNSPECIFIED.,.F.,.F.,(4,1,4),(0.,0.0648750162813801,0.125333563859527),
 .UNSPECIFIED.);
#373=B_SPLINE_CURVE_WITH_KNOTS('',3,(#10550,#10551,#10552,#10553,#10554),
 .UNSPECIFIED.,.F.,.F.,(4,1,4),(0.,0.0648750162813801,0.125333563859527),
 .UNSPECIFIED.);
#374=B_SPLINE_CURVE_WITH_KNOTS('',3,(#10566,#10567,#10568,#10569,#10570),
 .UNSPECIFIED.,.F.,.F.,(4,1,4),(0.,0.0975297628823391,0.174557166193274),
 .UNSPECIFIED.);
#375=B_SPLINE_CURVE_WITH_KNOTS('',3,(#10573,#10574,#10575,#10576,#10577),
 .UNSPECIFIED.,.F.,.F.,(4,1,4),(0.,0.0975297628823391,0.174557166193274),
 .UNSPECIFIED.);
#376=B_SPLINE_CURVE_WITH_KNOTS('',3,(#10589,#10590,#10591,#10592,#10593),
 .UNSPECIFIED.,.F.,.F.,(4,1,4),(0.,0.0787967027362092,0.180491070203145),
 .UNSPECIFIED.);
#377=B_SPLINE_CURVE_WITH_KNOTS('',3,(#10596,#10597,#10598,#10599,#10600),
 .UNSPECIFIED.,.F.,.F.,(4,1,4),(0.,0.0787967027362092,0.180491070203145),
 .UNSPECIFIED.);
#378=B_SPLINE_CURVE_WITH_KNOTS('',3,(#10612,#10613,#10614,#10615,#10616),
 .UNSPECIFIED.,.F.,.F.,(4,1,4),(0.,0.0623351449348881,0.128395771634989),
 .UNSPECIFIED.);
#379=B_SPLINE_CURVE_WITH_KNOTS('',3,(#10619,#10620,#10621,#10622,#10623),
 .UNSPECIFIED.,.F.,.F.,(4,1,4),(0.,0.0623351449348881,0.128395771634989),
 .UNSPECIFIED.);
#380=B_SPLINE_CURVE_WITH_KNOTS('',3,(#10635,#10636,#10637,#10638,#10639),
 .UNSPECIFIED.,.F.,.F.,(4,1,4),(0.,0.0641524691038116,0.125251190869588),
 .UNSPECIFIED.);
#381=B_SPLINE_CURVE_WITH_KNOTS('',3,(#10642,#10643,#10644,#10645,#10646),
 .UNSPECIFIED.,.F.,.F.,(4,1,4),(0.,0.0641524691038116,0.125251190869588),
 .UNSPECIFIED.);
#382=B_SPLINE_CURVE_WITH_KNOTS('',3,(#10658,#10659,#10660,#10661,#10662),
 .UNSPECIFIED.,.F.,.F.,(4,1,4),(0.,0.0979283108925713,0.174009485529504),
 .UNSPECIFIED.);
#383=B_SPLINE_CURVE_WITH_KNOTS('',3,(#10665,#10666,#10667,#10668,#10669),
 .UNSPECIFIED.,.F.,.F.,(4,1,4),(0.,0.0979283108925713,0.174009485529504),
 .UNSPECIFIED.);
#384=B_SPLINE_CURVE_WITH_KNOTS('',3,(#10680,#10681,#10682,#10683,#10684),
 .UNSPECIFIED.,.F.,.F.,(4,1,4),(0.,0.0805658266283747,0.179870119426467),
 .UNSPECIFIED.);
#385=B_SPLINE_CURVE_WITH_KNOTS('',3,(#10685,#10686,#10687,#10688,#10689),
 .UNSPECIFIED.,.F.,.F.,(4,1,4),(0.,0.0805658266283747,0.179870119426467),
 .UNSPECIFIED.);
#386=B_SPLINE_CURVE_WITH_KNOTS('',3,(#10710,#10711,#10712,#10713,#10714),
 .UNSPECIFIED.,.F.,.F.,(4,1,4),(0.,0.0425865105315433,0.0832482292228122),
 .UNSPECIFIED.);
#387=B_SPLINE_CURVE_WITH_KNOTS('',3,(#10717,#10718,#10719,#10720,#10721),
 .UNSPECIFIED.,.F.,.F.,(4,1,4),(0.,0.0425865105315433,0.0832482292228122),
 .UNSPECIFIED.);
#388=B_SPLINE_CURVE_WITH_KNOTS('',3,(#10733,#10734,#10735,#10736,#10737),
 .UNSPECIFIED.,.F.,.F.,(4,1,4),(0.,0.0468769183712588,0.0912343694965444),
 .UNSPECIFIED.);
#389=B_SPLINE_CURVE_WITH_KNOTS('',3,(#10740,#10741,#10742,#10743,#10744),
 .UNSPECIFIED.,.F.,.F.,(4,1,4),(0.,0.0468769183712588,0.0912343694965444),
 .UNSPECIFIED.);
#390=B_SPLINE_CURVE_WITH_KNOTS('',3,(#10756,#10757,#10758,#10759,#10760),
 .UNSPECIFIED.,.F.,.F.,(4,1,4),(0.,0.0685907633975028,0.134825631553939),
 .UNSPECIFIED.);
#391=B_SPLINE_CURVE_WITH_KNOTS('',3,(#10763,#10764,#10765,#10766,#10767),
 .UNSPECIFIED.,.F.,.F.,(4,1,4),(0.,0.0685907633975028,0.134825631553939),
 .UNSPECIFIED.);
#392=B_SPLINE_CURVE_WITH_KNOTS('',3,(#10779,#10780,#10781,#10782,#10783),
 .UNSPECIFIED.,.F.,.F.,(4,1,4),(0.,0.074084551835664,0.144890441416453),
 .UNSPECIFIED.);
#393=B_SPLINE_CURVE_WITH_KNOTS('',3,(#10786,#10787,#10788,#10789,#10790),
 .UNSPECIFIED.,.F.,.F.,(4,1,4),(0.,0.074084551835664,0.144890441416453),
 .UNSPECIFIED.);
#394=B_SPLINE_CURVE_WITH_KNOTS('',3,(#10802,#10803,#10804,#10805,#10806),
 .UNSPECIFIED.,.F.,.F.,(4,1,4),(0.,0.0848915507333201,0.164238083721498),
 .UNSPECIFIED.);
#395=B_SPLINE_CURVE_WITH_KNOTS('',3,(#10809,#10810,#10811,#10812,#10813),
 .UNSPECIFIED.,.F.,.F.,(4,1,4),(0.,0.0848915507333201,0.164238083721498),
 .UNSPECIFIED.);
#396=B_SPLINE_CURVE_WITH_KNOTS('',3,(#10825,#10826,#10827,#10828,#10829),
 .UNSPECIFIED.,.F.,.F.,(4,1,4),(0.,0.076077363174823,0.156009474029309),
 .UNSPECIFIED.);
#397=B_SPLINE_CURVE_WITH_KNOTS('',3,(#10832,#10833,#10834,#10835,#10836),
 .UNSPECIFIED.,.F.,.F.,(4,1,4),(0.,0.076077363174823,0.156009474029309),
 .UNSPECIFIED.);
#398=B_SPLINE_CURVE_WITH_KNOTS('',3,(#10848,#10849,#10850,#10851,#10852),
 .UNSPECIFIED.,.F.,.F.,(4,1,4),(0.,0.0678205042563958,0.139222651330314),
 .UNSPECIFIED.);
#399=B_SPLINE_CURVE_WITH_KNOTS('',3,(#10855,#10856,#10857,#10858,#10859),
 .UNSPECIFIED.,.F.,.F.,(4,1,4),(0.,0.0678205042563958,0.139222651330314),
 .UNSPECIFIED.);
#400=B_SPLINE_CURVE_WITH_KNOTS('',3,(#10871,#10872,#10873,#10874,#10875),
 .UNSPECIFIED.,.F.,.F.,(4,1,4),(0.,0.0704997714655991,0.137999902723717),
 .UNSPECIFIED.);
#401=B_SPLINE_CURVE_WITH_KNOTS('',3,(#10878,#10879,#10880,#10881,#10882),
 .UNSPECIFIED.,.F.,.F.,(4,1,4),(0.,0.0704997714655991,0.137999902723717),
 .UNSPECIFIED.);
#402=B_SPLINE_CURVE_WITH_KNOTS('',3,(#10894,#10895,#10896,#10897,#10898),
 .UNSPECIFIED.,.F.,.F.,(4,1,4),(0.,0.0470799295053485,0.0998938310115371),
 .UNSPECIFIED.);
#403=B_SPLINE_CURVE_WITH_KNOTS('',3,(#10901,#10902,#10903,#10904,#10905),
 .UNSPECIFIED.,.F.,.F.,(4,1,4),(0.,0.0470799295053485,0.0998938310115371),
 .UNSPECIFIED.);
#404=B_SPLINE_CURVE_WITH_KNOTS('',3,(#10917,#10918,#10919,#10920,#10921),
 .UNSPECIFIED.,.F.,.F.,(4,1,4),(0.,0.0512969526739871,0.0981080811046935),
 .UNSPECIFIED.);
#405=B_SPLINE_CURVE_WITH_KNOTS('',3,(#10924,#10925,#10926,#10927,#10928),
 .UNSPECIFIED.,.F.,.F.,(4,1,4),(0.,0.0512969526739871,0.0981080811046935),
 .UNSPECIFIED.);
#406=B_SPLINE_CURVE_WITH_KNOTS('',3,(#10963,#10964,#10965,#10966,#10967),
 .UNSPECIFIED.,.F.,.F.,(4,1,4),(0.,0.0632997651090605,0.124994462566424),
 .UNSPECIFIED.);
#407=B_SPLINE_CURVE_WITH_KNOTS('',3,(#10971,#10972,#10973,#10974,#10975),
 .UNSPECIFIED.,.F.,.F.,(4,1,4),(0.,0.0632997651090605,0.124994462566424),
 .UNSPECIFIED.);
#408=B_SPLINE_CURVE_WITH_KNOTS('',3,(#10988,#10989,#10990,#10991,#10992),
 .UNSPECIFIED.,.F.,.F.,(4,1,4),(0.,0.0686706462670586,0.137942619618985),
 .UNSPECIFIED.);
#409=B_SPLINE_CURVE_WITH_KNOTS('',3,(#10995,#10996,#10997,#10998,#10999),
 .UNSPECIFIED.,.F.,.F.,(4,1,4),(0.,0.0686706462670586,0.137942619618985),
 .UNSPECIFIED.);
#410=B_SPLINE_CURVE_WITH_KNOTS('',3,(#11011,#11012,#11013,#11014,#11015),
 .UNSPECIFIED.,.F.,.F.,(4,1,4),(0.,0.0652031170994629,0.117085232734029),
 .UNSPECIFIED.);
#411=B_SPLINE_CURVE_WITH_KNOTS('',3,(#11018,#11019,#11020,#11021,#11022),
 .UNSPECIFIED.,.F.,.F.,(4,1,4),(0.,0.0652031170994629,0.117085232734029),
 .UNSPECIFIED.);
#412=B_SPLINE_CURVE_WITH_KNOTS('',3,(#11039,#11040,#11041,#11042,#11043),
 .UNSPECIFIED.,.F.,.F.,(4,1,4),(0.,0.0639093499088358,0.133797858910955),
 .UNSPECIFIED.);
#413=B_SPLINE_CURVE_WITH_KNOTS('',3,(#11044,#11045,#11046,#11047,#11048),
 .UNSPECIFIED.,.F.,.F.,(4,1,4),(0.,0.0639093499088358,0.133797858910955),
 .UNSPECIFIED.);
#414=B_SPLINE_CURVE_WITH_KNOTS('',3,(#11061,#11062,#11063,#11064,#11065),
 .UNSPECIFIED.,.F.,.F.,(4,1,4),(0.,0.0505684626146034,0.0977914279179941),
 .UNSPECIFIED.);
#415=B_SPLINE_CURVE_WITH_KNOTS('',3,(#11069,#11070,#11071,#11072,#11073),
 .UNSPECIFIED.,.F.,.F.,(4,1,4),(0.,0.0505684626146034,0.0977914279179941),
 .UNSPECIFIED.);
#416=B_SPLINE_CURVE_WITH_KNOTS('',3,(#11086,#11087,#11088,#11089,#11090),
 .UNSPECIFIED.,.F.,.F.,(4,1,4),(0.,0.0665333306670513,0.134307035733255),
 .UNSPECIFIED.);
#417=B_SPLINE_CURVE_WITH_KNOTS('',3,(#11093,#11094,#11095,#11096,#11097),
 .UNSPECIFIED.,.F.,.F.,(4,1,4),(0.,0.0665333306670513,0.134307035733255),
 .UNSPECIFIED.);
#418=B_SPLINE_CURVE_WITH_KNOTS('',3,(#11109,#11110,#11111,#11112,#11113),
 .UNSPECIFIED.,.F.,.F.,(4,1,4),(0.,0.0858599421369592,0.158415384513014),
 .UNSPECIFIED.);
#419=B_SPLINE_CURVE_WITH_KNOTS('',3,(#11116,#11117,#11118,#11119,#11120),
 .UNSPECIFIED.,.F.,.F.,(4,1,4),(0.,0.0858599421369592,0.158415384513014),
 .UNSPECIFIED.);
#420=B_SPLINE_CURVE_WITH_KNOTS('',3,(#11138,#11139,#11140,#11141,#11142),
 .UNSPECIFIED.,.F.,.F.,(4,1,4),(0.,0.0109149392921653,0.0262000663595778),
 .UNSPECIFIED.);
#421=B_SPLINE_CURVE_WITH_KNOTS('',3,(#11145,#11146,#11147,#11148,#11149),
 .UNSPECIFIED.,.F.,.F.,(4,1,4),(0.,0.0109149392921653,0.0262000663595778),
 .UNSPECIFIED.);
#422=B_SPLINE_CURVE_WITH_KNOTS('',3,(#11161,#11162,#11163,#11164,#11165),
 .UNSPECIFIED.,.F.,.F.,(4,1,4),(0.,0.110093884328278,0.238839632602599),
 .UNSPECIFIED.);
#423=B_SPLINE_CURVE_WITH_KNOTS('',3,(#11168,#11169,#11170,#11171,#11172),
 .UNSPECIFIED.,.F.,.F.,(4,1,4),(0.,0.110093884328278,0.238839632602599),
 .UNSPECIFIED.);
#424=B_SPLINE_CURVE_WITH_KNOTS('',3,(#11184,#11185,#11186,#11187,#11188),
 .UNSPECIFIED.,.F.,.F.,(4,1,4),(0.,0.107430635936637,0.210533449401768),
 .UNSPECIFIED.);
#425=B_SPLINE_CURVE_WITH_KNOTS('',3,(#11191,#11192,#11193,#11194,#11195),
 .UNSPECIFIED.,.F.,.F.,(4,1,4),(0.,0.107430635936637,0.210533449401768),
 .UNSPECIFIED.);
#426=B_SPLINE_CURVE_WITH_KNOTS('',3,(#11207,#11208,#11209,#11210,#11211),
 .UNSPECIFIED.,.F.,.F.,(4,1,4),(0.,0.105594819918636,0.216318976348483),
 .UNSPECIFIED.);
#427=B_SPLINE_CURVE_WITH_KNOTS('',3,(#11214,#11215,#11216,#11217,#11218),
 .UNSPECIFIED.,.F.,.F.,(4,1,4),(0.,0.105594819918636,0.216318976348483),
 .UNSPECIFIED.);
#428=B_SPLINE_CURVE_WITH_KNOTS('',3,(#11230,#11231,#11232,#11233,#11234),
 .UNSPECIFIED.,.F.,.F.,(4,1,4),(0.,0.131234538622499,0.243596590767009),
 .UNSPECIFIED.);
#429=B_SPLINE_CURVE_WITH_KNOTS('',3,(#11237,#11238,#11239,#11240,#11241),
 .UNSPECIFIED.,.F.,.F.,(4,1,4),(0.,0.131234538622499,0.243596590767009),
 .UNSPECIFIED.);
#430=B_SPLINE_CURVE_WITH_KNOTS('',3,(#11253,#11254,#11255,#11256,#11257),
 .UNSPECIFIED.,.F.,.F.,(4,1,4),(0.,0.109404588865092,0.236357649265542),
 .UNSPECIFIED.);
#431=B_SPLINE_CURVE_WITH_KNOTS('',3,(#11260,#11261,#11262,#11263,#11264),
 .UNSPECIFIED.,.F.,.F.,(4,1,4),(0.,0.109404588865092,0.236357649265542),
 .UNSPECIFIED.);
#432=B_SPLINE_CURVE_WITH_KNOTS('',3,(#11276,#11277,#11278,#11279,#11280),
 .UNSPECIFIED.,.F.,.F.,(4,1,4),(0.,0.115652618335604,0.221162950197967),
 .UNSPECIFIED.);
#433=B_SPLINE_CURVE_WITH_KNOTS('',3,(#11283,#11284,#11285,#11286,#11287),
 .UNSPECIFIED.,.F.,.F.,(4,1,4),(0.,0.115652618335604,0.221162950197967),
 .UNSPECIFIED.);
#434=B_SPLINE_CURVE_WITH_KNOTS('',3,(#11299,#11300,#11301,#11302,#11303),
 .UNSPECIFIED.,.F.,.F.,(4,1,4),(0.,0.0826098833010483,0.175376924324801),
 .UNSPECIFIED.);
#435=B_SPLINE_CURVE_WITH_KNOTS('',3,(#11306,#11307,#11308,#11309,#11310),
 .UNSPECIFIED.,.F.,.F.,(4,1,4),(0.,0.0826098833010483,0.175376924324801),
 .UNSPECIFIED.);
#436=B_SPLINE_CURVE_WITH_KNOTS('',3,(#11322,#11323,#11324,#11325,#11326),
 .UNSPECIFIED.,.F.,.F.,(4,1,4),(0.,0.0860934553208058,0.166606526967025),
 .UNSPECIFIED.);
#437=B_SPLINE_CURVE_WITH_KNOTS('',3,(#11329,#11330,#11331,#11332,#11333),
 .UNSPECIFIED.,.F.,.F.,(4,1,4),(0.,0.0860934553208058,0.166606526967025),
 .UNSPECIFIED.);
#438=B_SPLINE_CURVE_WITH_KNOTS('',3,(#11350,#11351,#11352,#11353,#11354),
 .UNSPECIFIED.,.F.,.F.,(4,1,4),(0.,0.0502930960450485,0.110147207084758),
 .UNSPECIFIED.);
#439=B_SPLINE_CURVE_WITH_KNOTS('',3,(#11355,#11356,#11357,#11358,#11359),
 .UNSPECIFIED.,.F.,.F.,(4,1,4),(0.,0.0502930960450485,0.110147207084758),
 .UNSPECIFIED.);
#440=B_SPLINE_CURVE_WITH_KNOTS('',3,(#11381,#11382,#11383,#11384,#11385),
 .UNSPECIFIED.,.F.,.F.,(4,1,4),(0.,0.043383231702852,0.0711565831445569),
 .UNSPECIFIED.);
#441=B_SPLINE_CURVE_WITH_KNOTS('',3,(#11388,#11389,#11390,#11391,#11392),
 .UNSPECIFIED.,.F.,.F.,(4,1,4),(0.,0.043383231702852,0.0711565831445569),
 .UNSPECIFIED.);
#442=B_SPLINE_CURVE_WITH_KNOTS('',3,(#11404,#11405,#11406,#11407,#11408),
 .UNSPECIFIED.,.F.,.F.,(4,1,4),(0.,0.0308755372043007,0.0638770963158142),
 .UNSPECIFIED.);
#443=B_SPLINE_CURVE_WITH_KNOTS('',3,(#11411,#11412,#11413,#11414,#11415),
 .UNSPECIFIED.,.F.,.F.,(4,1,4),(0.,0.0308755372043007,0.0638770963158142),
 .UNSPECIFIED.);
#444=B_SPLINE_CURVE_WITH_KNOTS('',3,(#11463,#11464,#11465,#11466,#11467),
 .UNSPECIFIED.,.F.,.F.,(4,1,4),(0.,0.0533151202596,0.110999237876647),
 .UNSPECIFIED.);
#445=B_SPLINE_CURVE_WITH_KNOTS('',3,(#11470,#11471,#11472,#11473,#11474),
 .UNSPECIFIED.,.F.,.F.,(4,1,4),(0.,0.0533151202596,0.110999237876647),
 .UNSPECIFIED.);
#446=B_SPLINE_CURVE_WITH_KNOTS('',3,(#11486,#11487,#11488,#11489,#11490),
 .UNSPECIFIED.,.F.,.F.,(4,1,4),(0.,0.0684921809373518,0.117487752924593),
 .UNSPECIFIED.);
#447=B_SPLINE_CURVE_WITH_KNOTS('',3,(#11493,#11494,#11495,#11496,#11497),
 .UNSPECIFIED.,.F.,.F.,(4,1,4),(0.,0.0684921809373518,0.117487752924593),
 .UNSPECIFIED.);
#448=B_SPLINE_CURVE_WITH_KNOTS('',3,(#11546,#11547,#11548,#11549,#11550),
 .UNSPECIFIED.,.F.,.F.,(4,1,4),(0.,0.0568665378346321,0.138415479296656),
 .UNSPECIFIED.);
#449=B_SPLINE_CURVE_WITH_KNOTS('',3,(#11553,#11554,#11555,#11556,#11557),
 .UNSPECIFIED.,.F.,.F.,(4,1,4),(0.,0.0568665378346321,0.138415479296656),
 .UNSPECIFIED.);
#450=B_SPLINE_CURVE_WITH_KNOTS('',3,(#11569,#11570,#11571,#11572,#11573),
 .UNSPECIFIED.,.F.,.F.,(4,1,4),(0.,0.0724529356441534,0.136710754179),
 .UNSPECIFIED.);
#451=B_SPLINE_CURVE_WITH_KNOTS('',3,(#11576,#11577,#11578,#11579,#11580),
 .UNSPECIFIED.,.F.,.F.,(4,1,4),(0.,0.0724529356441534,0.136710754179),
 .UNSPECIFIED.);
#452=B_SPLINE_CURVE_WITH_KNOTS('',3,(#11592,#11593,#11594,#11595,#11596),
 .UNSPECIFIED.,.F.,.F.,(4,1,4),(0.,0.111459129203546,0.199016744460169),
 .UNSPECIFIED.);
#453=B_SPLINE_CURVE_WITH_KNOTS('',3,(#11599,#11600,#11601,#11602,#11603),
 .UNSPECIFIED.,.F.,.F.,(4,1,4),(0.,0.111459129203546,0.199016744460169),
 .UNSPECIFIED.);
#454=B_SPLINE_CURVE_WITH_KNOTS('',3,(#11615,#11616,#11617,#11618,#11619),
 .UNSPECIFIED.,.F.,.F.,(4,1,4),(0.,0.0720711424292827,0.156068973655544),
 .UNSPECIFIED.);
#455=B_SPLINE_CURVE_WITH_KNOTS('',3,(#11622,#11623,#11624,#11625,#11626),
 .UNSPECIFIED.,.F.,.F.,(4,1,4),(0.,0.0720711424292827,0.156068973655544),
 .UNSPECIFIED.);
#456=B_SPLINE_CURVE_WITH_KNOTS('',3,(#11638,#11639,#11640,#11641,#11642),
 .UNSPECIFIED.,.F.,.F.,(4,1,4),(0.,0.055403381514055,0.117799641440556),
 .UNSPECIFIED.);
#457=B_SPLINE_CURVE_WITH_KNOTS('',3,(#11645,#11646,#11647,#11648,#11649),
 .UNSPECIFIED.,.F.,.F.,(4,1,4),(0.,0.055403381514055,0.117799641440556),
 .UNSPECIFIED.);
#458=B_SPLINE_CURVE_WITH_KNOTS('',3,(#11661,#11662,#11663,#11664,#11665),
 .UNSPECIFIED.,.F.,.F.,(4,1,4),(0.,0.0441673947584343,0.0834585944751766),
 .UNSPECIFIED.);
#459=B_SPLINE_CURVE_WITH_KNOTS('',3,(#11668,#11669,#11670,#11671,#11672),
 .UNSPECIFIED.,.F.,.F.,(4,1,4),(0.,0.0441673947584343,0.0834585944751766),
 .UNSPECIFIED.);
#460=B_SPLINE_CURVE_WITH_KNOTS('',3,(#11684,#11685,#11686,#11687,#11688),
 .UNSPECIFIED.,.F.,.F.,(4,1,4),(0.,0.0706962947049853,0.125371727641484),
 .UNSPECIFIED.);
#461=B_SPLINE_CURVE_WITH_KNOTS('',3,(#11691,#11692,#11693,#11694,#11695),
 .UNSPECIFIED.,.F.,.F.,(4,1,4),(0.,0.0706962947049853,0.125371727641484),
 .UNSPECIFIED.);
#462=B_SPLINE_CURVE_WITH_KNOTS('',3,(#11717,#11718,#11719,#11720,#11721),
 .UNSPECIFIED.,.F.,.F.,(4,1,4),(0.,0.0609602647872676,0.129462649841803),
 .UNSPECIFIED.);
#463=B_SPLINE_CURVE_WITH_KNOTS('',3,(#11725,#11726,#11727,#11728,#11729),
 .UNSPECIFIED.,.F.,.F.,(4,1,4),(0.,0.0609602647872676,0.129462649841803),
 .UNSPECIFIED.);
#464=B_SPLINE_CURVE_WITH_KNOTS('',3,(#11742,#11743,#11744,#11745,#11746),
 .UNSPECIFIED.,.F.,.F.,(4,1,4),(0.,0.049466368589448,0.103977282072307),
 .UNSPECIFIED.);
#465=B_SPLINE_CURVE_WITH_KNOTS('',3,(#11749,#11750,#11751,#11752,#11753),
 .UNSPECIFIED.,.F.,.F.,(4,1,4),(0.,0.049466368589448,0.103977282072307),
 .UNSPECIFIED.);
#466=B_SPLINE_CURVE_WITH_KNOTS('',3,(#11765,#11766,#11767,#11768,#11769),
 .UNSPECIFIED.,.F.,.F.,(4,1,4),(0.,0.0539672201059359,0.103243707464012),
 .UNSPECIFIED.);
#467=B_SPLINE_CURVE_WITH_KNOTS('',3,(#11772,#11773,#11774,#11775,#11776),
 .UNSPECIFIED.,.F.,.F.,(4,1,4),(0.,0.0539672201059359,0.103243707464012),
 .UNSPECIFIED.);
#468=B_SPLINE_CURVE_WITH_KNOTS('',3,(#11788,#11789,#11790,#11791,#11792),
 .UNSPECIFIED.,.F.,.F.,(4,1,4),(0.,0.0687557832421191,0.129090943253299),
 .UNSPECIFIED.);
#469=B_SPLINE_CURVE_WITH_KNOTS('',3,(#11795,#11796,#11797,#11798,#11799),
 .UNSPECIFIED.,.F.,.F.,(4,1,4),(0.,0.0687557832421191,0.129090943253299),
 .UNSPECIFIED.);
#470=B_SPLINE_CURVE_WITH_KNOTS('',3,(#11811,#11812,#11813,#11814,#11815),
 .UNSPECIFIED.,.F.,.F.,(4,1,4),(0.,0.0861126343238678,0.163359642681176),
 .UNSPECIFIED.);
#471=B_SPLINE_CURVE_WITH_KNOTS('',3,(#11818,#11819,#11820,#11821,#11822),
 .UNSPECIFIED.,.F.,.F.,(4,1,4),(0.,0.0861126343238678,0.163359642681176),
 .UNSPECIFIED.);
#472=B_SPLINE_CURVE_WITH_KNOTS('',3,(#11834,#11835,#11836,#11837,#11838),
 .UNSPECIFIED.,.F.,.F.,(4,1,4),(0.,0.0922078184094651,0.193535118448013),
 .UNSPECIFIED.);
#473=B_SPLINE_CURVE_WITH_KNOTS('',3,(#11841,#11842,#11843,#11844,#11845),
 .UNSPECIFIED.,.F.,.F.,(4,1,4),(0.,0.0922078184094651,0.193535118448013),
 .UNSPECIFIED.);
#474=B_SPLINE_CURVE_WITH_KNOTS('',3,(#11857,#11858,#11859,#11860,#11861),
 .UNSPECIFIED.,.F.,.F.,(4,1,4),(0.,0.0822854256743381,0.167680984612287),
 .UNSPECIFIED.);
#475=B_SPLINE_CURVE_WITH_KNOTS('',3,(#11864,#11865,#11866,#11867,#11868),
 .UNSPECIFIED.,.F.,.F.,(4,1,4),(0.,0.0822854256743381,0.167680984612287),
 .UNSPECIFIED.);
#476=B_SPLINE_CURVE_WITH_KNOTS('',3,(#11880,#11881,#11882,#11883,#11884),
 .UNSPECIFIED.,.F.,.F.,(4,1,4),(0.,0.0674801256155362,0.131541768648205),
 .UNSPECIFIED.);
#477=B_SPLINE_CURVE_WITH_KNOTS('',3,(#11887,#11888,#11889,#11890,#11891),
 .UNSPECIFIED.,.F.,.F.,(4,1,4),(0.,0.0674801256155362,0.131541768648205),
 .UNSPECIFIED.);
#478=B_SPLINE_CURVE_WITH_KNOTS('',3,(#11903,#11904,#11905,#11906,#11907),
 .UNSPECIFIED.,.F.,.F.,(4,1,4),(0.,0.0823145322255328,0.143089090807765),
 .UNSPECIFIED.);
#479=B_SPLINE_CURVE_WITH_KNOTS('',3,(#11910,#11911,#11912,#11913,#11914),
 .UNSPECIFIED.,.F.,.F.,(4,1,4),(0.,0.0823145322255328,0.143089090807765),
 .UNSPECIFIED.);
#480=B_SPLINE_SURFACE_WITH_KNOTS('',3,1,((#7944,#7945),(#7946,#7947),(#7948,
#7949),(#7950,#7951),(#7952,#7953)),.UNSPECIFIED.,.F.,.F.,.F.,(4,1,4),(2,
2),(0.,0.0566467995485146,0.135121974579295),(0.,0.2),.UNSPECIFIED.);
#481=B_SPLINE_SURFACE_WITH_KNOTS('',3,1,((#7967,#7968),(#7969,#7970),(#7971,
#7972),(#7973,#7974),(#7975,#7976)),.UNSPECIFIED.,.F.,.F.,.F.,(4,1,4),(2,
2),(0.,0.0727808132447133,0.124427776689591),(0.,0.2),.UNSPECIFIED.);
#482=B_SPLINE_SURFACE_WITH_KNOTS('',3,1,((#8021,#8022),(#8023,#8024),(#8025,
#8026),(#8027,#8028),(#8029,#8030)),.UNSPECIFIED.,.F.,.F.,.F.,(4,1,4),(2,
2),(0.,0.0597960482080904,0.137348888333811),(0.,0.2),.UNSPECIFIED.);
#483=B_SPLINE_SURFACE_WITH_KNOTS('',3,1,((#8044,#8045),(#8046,#8047),(#8048,
#8049),(#8050,#8051),(#8052,#8053)),.UNSPECIFIED.,.F.,.F.,.F.,(4,1,4),(2,
2),(0.,0.0527213199776103,0.104550047453046),(0.,0.2),.UNSPECIFIED.);
#484=B_SPLINE_SURFACE_WITH_KNOTS('',3,1,((#8067,#8068),(#8069,#8070),(#8071,
#8072),(#8073,#8074),(#8075,#8076)),.UNSPECIFIED.,.F.,.F.,.F.,(4,1,4),(2,
2),(0.,0.0379658705756983,0.0756558091186905),(0.,0.2),.UNSPECIFIED.);
#485=B_SPLINE_SURFACE_WITH_KNOTS('',3,1,((#8090,#8091),(#8092,#8093),(#8094,
#8095),(#8096,#8097),(#8098,#8099)),.UNSPECIFIED.,.F.,.F.,.F.,(4,1,4),(2,
2),(0.,0.0409605091222615,0.0796788089435422),(0.,0.2),.UNSPECIFIED.);
#486=B_SPLINE_SURFACE_WITH_KNOTS('',3,1,((#8113,#8114),(#8115,#8116),(#8117,
#8118),(#8119,#8120),(#8121,#8122)),.UNSPECIFIED.,.F.,.F.,.F.,(4,1,4),(2,
2),(0.,0.0647745368614765,0.114894881855694),(0.,0.2),.UNSPECIFIED.);
#487=B_SPLINE_SURFACE_WITH_KNOTS('',3,1,((#8160,#8161),(#8162,#8163),(#8164,
#8165),(#8166,#8167),(#8168,#8169)),.UNSPECIFIED.,.F.,.F.,.F.,(4,1,4),(2,
2),(0.,0.0239104066286747,0.0591210944221453),(0.,0.2),.UNSPECIFIED.);
#488=B_SPLINE_SURFACE_WITH_KNOTS('',3,1,((#8183,#8184),(#8185,#8186),(#8187,
#8188),(#8189,#8190),(#8191,#8192)),.UNSPECIFIED.,.F.,.F.,.F.,(4,1,4),(2,
2),(0.,0.0272254689805393,0.0529602159246442),(0.,0.2),.UNSPECIFIED.);
#489=B_SPLINE_SURFACE_WITH_KNOTS('',3,1,((#8206,#8207),(#8208,#8209),(#8210,
#8211),(#8212,#8213),(#8214,#8215)),.UNSPECIFIED.,.F.,.F.,.F.,(4,1,4),(2,
2),(0.,0.043166725320906,0.0760581073595898),(0.,0.2),.UNSPECIFIED.);
#490=B_SPLINE_SURFACE_WITH_KNOTS('',3,1,((#8229,#8230),(#8231,#8232),(#8233,
#8234),(#8235,#8236),(#8237,#8238)),.UNSPECIFIED.,.F.,.F.,.F.,(4,1,4),(2,
2),(0.,0.0763563782546319,0.134150677109798),(0.,0.2),.UNSPECIFIED.);
#491=B_SPLINE_SURFACE_WITH_KNOTS('',3,1,((#8270,#8271),(#8272,#8273),(#8274,
#8275),(#8276,#8277),(#8278,#8279)),.UNSPECIFIED.,.F.,.F.,.F.,(4,1,4),(2,
2),(0.,0.0658191757843137,0.138267524928525),(0.,0.2),.UNSPECIFIED.);
#492=B_SPLINE_SURFACE_WITH_KNOTS('',3,1,((#8293,#8294),(#8295,#8296),(#8297,
#8298),(#8299,#8300),(#8301,#8302)),.UNSPECIFIED.,.F.,.F.,.F.,(4,1,4),(2,
2),(0.,0.0420602593855569,0.0754312212463265),(0.,0.2),.UNSPECIFIED.);
#493=B_SPLINE_SURFACE_WITH_KNOTS('',3,1,((#8316,#8317),(#8318,#8319),(#8320,
#8321),(#8322,#8323),(#8324,#8325)),.UNSPECIFIED.,.F.,.F.,.F.,(4,1,4),(2,
2),(0.,0.0848360499429507,0.188410930709268),(0.,0.2),.UNSPECIFIED.);
#494=B_SPLINE_SURFACE_WITH_KNOTS('',3,1,((#8339,#8340),(#8341,#8342),(#8343,
#8344),(#8345,#8346),(#8347,#8348)),.UNSPECIFIED.,.F.,.F.,.F.,(4,1,4),(2,
2),(0.,0.0796457113174367,0.156739871130188),(0.,0.2),.UNSPECIFIED.);
#495=B_SPLINE_SURFACE_WITH_KNOTS('',3,1,((#8362,#8363),(#8364,#8365),(#8366,
#8367),(#8368,#8369),(#8370,#8371)),.UNSPECIFIED.,.F.,.F.,.F.,(4,1,4),(2,
2),(0.,0.0626268073839263,0.126337698280044),(0.,0.2),.UNSPECIFIED.);
#496=B_SPLINE_SURFACE_WITH_KNOTS('',3,1,((#8385,#8386),(#8387,#8388),(#8389,
#8390),(#8391,#8392),(#8393,#8394)),.UNSPECIFIED.,.F.,.F.,.F.,(4,1,4),(2,
2),(0.,0.0582700181418522,0.118742939544553),(0.,0.2),.UNSPECIFIED.);
#497=B_SPLINE_SURFACE_WITH_KNOTS('',3,1,((#8408,#8409),(#8410,#8411),(#8412,
#8413),(#8414,#8415),(#8416,#8417)),.UNSPECIFIED.,.F.,.F.,.F.,(4,1,4),(2,
2),(0.,0.0942877335172003,0.164655710174023),(0.,0.2),.UNSPECIFIED.);
#498=B_SPLINE_SURFACE_WITH_KNOTS('',3,1,((#8456,#8457),(#8458,#8459),(#8460,
#8461),(#8462,#8463),(#8464,#8465)),.UNSPECIFIED.,.F.,.F.,.F.,(4,1,4),(2,
2),(0.,0.0562007690775342,0.116095134999061),(0.,0.2),.UNSPECIFIED.);
#499=B_SPLINE_SURFACE_WITH_KNOTS('',3,1,((#8479,#8480),(#8481,#8482),(#8483,
#8484),(#8485,#8486),(#8487,#8488)),.UNSPECIFIED.,.F.,.F.,.F.,(4,1,4),(2,
2),(0.,0.0318930306147123,0.0658216153656417),(0.,0.2),.UNSPECIFIED.);
#500=B_SPLINE_SURFACE_WITH_KNOTS('',3,1,((#8502,#8503),(#8504,#8505),(#8506,
#8507),(#8508,#8509),(#8510,#8511)),.UNSPECIFIED.,.F.,.F.,.F.,(4,1,4),(2,
2),(0.,0.0309404605585066,0.0618528383616323),(0.,0.2),.UNSPECIFIED.);
#501=B_SPLINE_SURFACE_WITH_KNOTS('',3,1,((#8525,#8526),(#8527,#8528),(#8529,
#8530),(#8531,#8532),(#8533,#8534)),.UNSPECIFIED.,.F.,.F.,.F.,(4,1,4),(2,
2),(0.,0.0393949702052335,0.0758023037749496),(0.,0.2),.UNSPECIFIED.);
#502=B_SPLINE_SURFACE_WITH_KNOTS('',3,1,((#8554,#8555),(#8556,#8557),(#8558,
#8559),(#8560,#8561),(#8562,#8563)),.UNSPECIFIED.,.F.,.F.,.F.,(4,1,4),(2,
2),(0.,0.0506892945020551,0.106840851137746),(0.,0.2),.UNSPECIFIED.);
#503=B_SPLINE_SURFACE_WITH_KNOTS('',3,1,((#8577,#8578),(#8579,#8580),(#8581,
#8582),(#8583,#8584),(#8585,#8586)),.UNSPECIFIED.,.F.,.F.,.F.,(4,1,4),(2,
2),(0.,0.0334966928138248,0.0668073288246311),(0.,0.2),.UNSPECIFIED.);
#504=B_SPLINE_SURFACE_WITH_KNOTS('',3,1,((#8600,#8601),(#8602,#8603),(#8604,
#8605),(#8606,#8607),(#8608,#8609)),.UNSPECIFIED.,.F.,.F.,.F.,(4,1,4),(2,
2),(0.,0.0606299684335201,0.103124185150567),(0.,0.2),.UNSPECIFIED.);
#505=B_SPLINE_SURFACE_WITH_KNOTS('',3,1,((#8645,#8646),(#8647,#8648),(#8649,
#8650),(#8651,#8652),(#8653,#8654)),.UNSPECIFIED.,.F.,.F.,.F.,(4,1,4),(2,
2),(0.,0.0632997651090605,0.124994462566424),(0.,0.2),.UNSPECIFIED.);
#506=B_SPLINE_SURFACE_WITH_KNOTS('',3,1,((#8671,#8672),(#8673,#8674),(#8675,
#8676),(#8677,#8678),(#8679,#8680)),.UNSPECIFIED.,.F.,.F.,.F.,(4,1,4),(2,
2),(0.,0.0686710204556168,0.137942993807543),(0.,0.2),.UNSPECIFIED.);
#507=B_SPLINE_SURFACE_WITH_KNOTS('',3,1,((#8694,#8695),(#8696,#8697),(#8698,
#8699),(#8700,#8701),(#8702,#8703)),.UNSPECIFIED.,.F.,.F.,.F.,(4,1,4),(2,
2),(0.,0.065203025312127,0.117085140946693),(0.,0.2),.UNSPECIFIED.);
#508=B_SPLINE_SURFACE_WITH_KNOTS('',3,1,((#8723,#8724),(#8725,#8726),(#8727,
#8728),(#8729,#8730),(#8731,#8732)),.UNSPECIFIED.,.F.,.F.,.F.,(4,1,4),(2,
2),(0.,0.0639093499088358,0.133797755126522),(0.,0.2),.UNSPECIFIED.);
#509=B_SPLINE_SURFACE_WITH_KNOTS('',3,1,((#8743,#8744),(#8745,#8746),(#8747,
#8748),(#8749,#8750),(#8751,#8752)),.UNSPECIFIED.,.F.,.F.,.F.,(4,1,4),(2,
2),(0.,0.0505679904930513,0.097791381462643),(0.,0.2),.UNSPECIFIED.);
#510=B_SPLINE_SURFACE_WITH_KNOTS('',3,1,((#8769,#8770),(#8771,#8772),(#8773,
#8774),(#8775,#8776),(#8777,#8778)),.UNSPECIFIED.,.F.,.F.,.F.,(4,1,4),(2,
2),(0.,0.0665333306670513,0.134307504140422),(0.,0.2),.UNSPECIFIED.);
#511=B_SPLINE_SURFACE_WITH_KNOTS('',3,1,((#8792,#8793),(#8794,#8795),(#8796,
#8797),(#8798,#8799),(#8800,#8801)),.UNSPECIFIED.,.F.,.F.,.F.,(4,1,4),(2,
2),(0.,0.0858599872181255,0.158415305415601),(0.,0.2),.UNSPECIFIED.);
#512=B_SPLINE_SURFACE_WITH_KNOTS('',3,1,((#8821,#8822),(#8823,#8824),(#8825,
#8826),(#8827,#8828),(#8829,#8830)),.UNSPECIFIED.,.F.,.F.,.F.,(4,1,4),(2,
2),(0.,0.0109149392921653,0.0262000663595778),(0.,0.2),.UNSPECIFIED.);
#513=B_SPLINE_SURFACE_WITH_KNOTS('',3,1,((#8844,#8845),(#8846,#8847),(#8848,
#8849),(#8850,#8851),(#8852,#8853)),.UNSPECIFIED.,.F.,.F.,.F.,(4,1,4),(2,
2),(0.,0.110093645019937,0.238839393294258),(0.,0.2),.UNSPECIFIED.);
#514=B_SPLINE_SURFACE_WITH_KNOTS('',3,1,((#8867,#8868),(#8869,#8870),(#8871,
#8872),(#8873,#8874),(#8875,#8876)),.UNSPECIFIED.,.F.,.F.,.F.,(4,1,4),(2,
2),(0.,0.107430635936637,0.210533449401768),(0.,0.2),.UNSPECIFIED.);
#515=B_SPLINE_SURFACE_WITH_KNOTS('',3,1,((#8890,#8891),(#8892,#8893),(#8894,
#8895),(#8896,#8897),(#8898,#8899)),.UNSPECIFIED.,.F.,.F.,.F.,(4,1,4),(2,
2),(0.,0.105595015209671,0.216319171639518),(0.,0.2),.UNSPECIFIED.);
#516=B_SPLINE_SURFACE_WITH_KNOTS('',3,1,((#8913,#8914),(#8915,#8916),(#8917,
#8918),(#8919,#8920),(#8921,#8922)),.UNSPECIFIED.,.F.,.F.,.F.,(4,1,4),(2,
2),(0.,0.131234504419515,0.24359667640825),(0.,0.2),.UNSPECIFIED.);
#517=B_SPLINE_SURFACE_WITH_KNOTS('',3,1,((#8936,#8937),(#8938,#8939),(#8940,
#8941),(#8942,#8943),(#8944,#8945)),.UNSPECIFIED.,.F.,.F.,.F.,(4,1,4),(2,
2),(0.,0.109404588865092,0.236357684238285),(0.,0.2),.UNSPECIFIED.);
#518=B_SPLINE_SURFACE_WITH_KNOTS('',3,1,((#8959,#8960),(#8961,#8962),(#8963,
#8964),(#8965,#8966),(#8967,#8968)),.UNSPECIFIED.,.F.,.F.,.F.,(4,1,4),(2,
2),(0.,0.115652618335604,0.221162950197967),(0.,0.2),.UNSPECIFIED.);
#519=B_SPLINE_SURFACE_WITH_KNOTS('',3,1,((#8982,#8983),(#8984,#8985),(#8986,
#8987),(#8988,#8989),(#8990,#8991)),.UNSPECIFIED.,.F.,.F.,.F.,(4,1,4),(2,
2),(0.,0.0826094564899715,0.175376497513724),(0.,0.2),.UNSPECIFIED.);
#520=B_SPLINE_SURFACE_WITH_KNOTS('',3,1,((#9005,#9006),(#9007,#9008),(#9009,
#9010),(#9011,#9012),(#9013,#9014)),.UNSPECIFIED.,.F.,.F.,.F.,(4,1,4),(2,
2),(0.,0.0860934553208058,0.166606526967025),(0.,0.2),.UNSPECIFIED.);
#521=B_SPLINE_SURFACE_WITH_KNOTS('',3,1,((#9034,#9035),(#9036,#9037),(#9038,
#9039),(#9040,#9041),(#9042,#9043)),.UNSPECIFIED.,.F.,.F.,.F.,(4,1,4),(2,
2),(0.,0.0502927713817039,0.110147092184972),(0.,0.2),.UNSPECIFIED.);
#522=B_SPLINE_SURFACE_WITH_KNOTS('',3,1,((#9055,#9056),(#9057,#9058),(#9059,
#9060),(#9061,#9062),(#9063,#9064)),.UNSPECIFIED.,.F.,.F.,.F.,(4,1,4),(2,
2),(0.,0.0152169441210061,0.0346025127823348),(0.,0.2),.UNSPECIFIED.);
#523=B_SPLINE_SURFACE_WITH_KNOTS('',3,1,((#9081,#9082),(#9083,#9084),(#9085,
#9086),(#9087,#9088),(#9089,#9090)),.UNSPECIFIED.,.F.,.F.,.F.,(4,1,4),(2,
2),(0.,0.0127548906748397,0.0258382684191486),(0.,0.2),.UNSPECIFIED.);
#524=B_SPLINE_SURFACE_WITH_KNOTS('',3,1,((#9104,#9105),(#9106,#9107),(#9108,
#9109),(#9110,#9111),(#9112,#9113)),.UNSPECIFIED.,.F.,.F.,.F.,(4,1,4),(2,
2),(0.,0.0345400627070088,0.0544325824561395),(0.,0.2),.UNSPECIFIED.);
#525=B_SPLINE_SURFACE_WITH_KNOTS('',3,1,((#9193,#9194),(#9195,#9196),(#9197,
#9198),(#9199,#9200),(#9201,#9202)),.UNSPECIFIED.,.F.,.F.,.F.,(4,1,4),(2,
2),(0.,0.0437069608346367,0.116960824568899),(0.,0.2),.UNSPECIFIED.);
#526=B_SPLINE_SURFACE_WITH_KNOTS('',3,1,((#9216,#9217),(#9218,#9219),(#9220,
#9221),(#9222,#9223),(#9224,#9225)),.UNSPECIFIED.,.F.,.F.,.F.,(4,1,4),(2,
2),(0.,0.0318336612277641,0.0616314311322824),(0.,0.2),.UNSPECIFIED.);
#527=B_SPLINE_SURFACE_WITH_KNOTS('',3,1,((#9239,#9240),(#9241,#9242),(#9243,
#9244),(#9245,#9246),(#9247,#9248)),.UNSPECIFIED.,.F.,.F.,.F.,(4,1,4),(2,
2),(0.,0.0476642874728986,0.0853356646374598),(0.,0.2),.UNSPECIFIED.);
#528=B_SPLINE_SURFACE_WITH_KNOTS('',3,1,((#9262,#9263),(#9264,#9265),(#9266,
#9267),(#9268,#9269),(#9270,#9271)),.UNSPECIFIED.,.F.,.F.,.F.,(4,1,4),(2,
2),(0.,0.0398323907034805,0.0748255229157834),(0.,0.2),.UNSPECIFIED.);
#529=B_SPLINE_SURFACE_WITH_KNOTS('',3,1,((#9291,#9292),(#9293,#9294),(#9295,
#9296),(#9297,#9298),(#9299,#9300)),.UNSPECIFIED.,.F.,.F.,.F.,(4,1,4),(2,
2),(0.,0.0189873680536664,0.0433037520536493),(0.,0.2),.UNSPECIFIED.);
#530=B_SPLINE_SURFACE_WITH_KNOTS('',3,1,((#9312,#9313),(#9314,#9315),(#9316,
#9317),(#9318,#9319),(#9320,#9321)),.UNSPECIFIED.,.F.,.F.,.F.,(4,1,4),(2,
2),(0.,0.0632992959632854,0.124994391466217),(0.,0.2),.UNSPECIFIED.);
#531=B_SPLINE_SURFACE_WITH_KNOTS('',3,1,((#9338,#9339),(#9340,#9341),(#9342,
#9343),(#9344,#9345),(#9346,#9347)),.UNSPECIFIED.,.F.,.F.,.F.,(4,1,4),(2,
2),(0.,0.0686710204556168,0.137942993807543),(0.,0.2),.UNSPECIFIED.);
#532=B_SPLINE_SURFACE_WITH_KNOTS('',3,1,((#9361,#9362),(#9363,#9364),(#9365,
#9366),(#9367,#9368),(#9369,#9370)),.UNSPECIFIED.,.F.,.F.,.F.,(4,1,4),(2,
2),(0.,0.065203025312127,0.117085140946693),(0.,0.2),.UNSPECIFIED.);
#533=B_SPLINE_SURFACE_WITH_KNOTS('',3,1,((#9390,#9391),(#9392,#9393),(#9394,
#9395),(#9396,#9397),(#9398,#9399)),.UNSPECIFIED.,.F.,.F.,.F.,(4,1,4),(2,
2),(0.,0.0639093499088358,0.133797755126522),(0.,0.2),.UNSPECIFIED.);
#534=B_SPLINE_SURFACE_WITH_KNOTS('',3,1,((#9410,#9411),(#9412,#9413),(#9414,
#9415),(#9416,#9417),(#9418,#9419)),.UNSPECIFIED.,.F.,.F.,.F.,(4,1,4),(2,
2),(0.,0.0505679904930513,0.097791381462643),(0.,0.2),.UNSPECIFIED.);
#535=B_SPLINE_SURFACE_WITH_KNOTS('',3,1,((#9436,#9437),(#9438,#9439),(#9440,
#9441),(#9442,#9443),(#9444,#9445)),.UNSPECIFIED.,.F.,.F.,.F.,(4,1,4),(2,
2),(0.,0.0665333306670513,0.134307504140422),(0.,0.2),.UNSPECIFIED.);
#536=B_SPLINE_SURFACE_WITH_KNOTS('',3,1,((#9459,#9460),(#9461,#9462),(#9463,
#9464),(#9465,#9466),(#9467,#9468)),.UNSPECIFIED.,.F.,.F.,.F.,(4,1,4),(2,
2),(0.,0.0858599872181255,0.158415305415601),(0.,0.2),.UNSPECIFIED.);
#537=B_SPLINE_SURFACE_WITH_KNOTS('',3,1,((#9488,#9489),(#9490,#9491),(#9492,
#9493),(#9494,#9495),(#9496,#9497)),.UNSPECIFIED.,.F.,.F.,.F.,(4,1,4),(2,
2),(0.,0.0109149392921653,0.0262000663595778),(0.,0.2),.UNSPECIFIED.);
#538=B_SPLINE_SURFACE_WITH_KNOTS('',3,1,((#9511,#9512),(#9513,#9514),(#9515,
#9516),(#9517,#9518),(#9519,#9520)),.UNSPECIFIED.,.F.,.F.,.F.,(4,1,4),(2,
2),(0.,0.110093645019937,0.238839393294258),(0.,0.2),.UNSPECIFIED.);
#539=B_SPLINE_SURFACE_WITH_KNOTS('',3,1,((#9534,#9535),(#9536,#9537),(#9538,
#9539),(#9540,#9541),(#9542,#9543)),.UNSPECIFIED.,.F.,.F.,.F.,(4,1,4),(2,
2),(0.,0.107430635936637,0.210533449401768),(0.,0.2),.UNSPECIFIED.);
#540=B_SPLINE_SURFACE_WITH_KNOTS('',3,1,((#9557,#9558),(#9559,#9560),(#9561,
#9562),(#9563,#9564),(#9565,#9566)),.UNSPECIFIED.,.F.,.F.,.F.,(4,1,4),(2,
2),(0.,0.105595015209671,0.216319171639518),(0.,0.2),.UNSPECIFIED.);
#541=B_SPLINE_SURFACE_WITH_KNOTS('',3,1,((#9580,#9581),(#9582,#9583),(#9584,
#9585),(#9586,#9587),(#9588,#9589)),.UNSPECIFIED.,.F.,.F.,.F.,(4,1,4),(2,
2),(0.,0.131234504419515,0.24359667640825),(0.,0.2),.UNSPECIFIED.);
#542=B_SPLINE_SURFACE_WITH_KNOTS('',3,1,((#9603,#9604),(#9605,#9606),(#9607,
#9608),(#9609,#9610),(#9611,#9612)),.UNSPECIFIED.,.F.,.F.,.F.,(4,1,4),(2,
2),(0.,0.109404345374247,0.23635744074744),(0.,0.2),.UNSPECIFIED.);
#543=B_SPLINE_SURFACE_WITH_KNOTS('',3,1,((#9626,#9627),(#9628,#9629),(#9630,
#9631),(#9632,#9633),(#9634,#9635)),.UNSPECIFIED.,.F.,.F.,.F.,(4,1,4),(2,
2),(0.,0.115652618335604,0.221163346332812),(0.,0.2),.UNSPECIFIED.);
#544=B_SPLINE_SURFACE_WITH_KNOTS('',3,1,((#9649,#9650),(#9651,#9652),(#9653,
#9654),(#9655,#9656),(#9657,#9658)),.UNSPECIFIED.,.F.,.F.,.F.,(4,1,4),(2,
2),(0.,0.0826094564899715,0.175376497513724),(0.,0.2),.UNSPECIFIED.);
#545=B_SPLINE_SURFACE_WITH_KNOTS('',3,1,((#9672,#9673),(#9674,#9675),(#9676,
#9677),(#9678,#9679),(#9680,#9681)),.UNSPECIFIED.,.F.,.F.,.F.,(4,1,4),(2,
2),(0.,0.0860934553208058,0.166606526967025),(0.,0.2),.UNSPECIFIED.);
#546=B_SPLINE_SURFACE_WITH_KNOTS('',3,1,((#9701,#9702),(#9703,#9704),(#9705,
#9706),(#9707,#9708),(#9709,#9710)),.UNSPECIFIED.,.F.,.F.,.F.,(4,1,4),(2,
2),(0.,0.0502927713817039,0.110147092184972),(0.,0.2),.UNSPECIFIED.);
#547=B_SPLINE_SURFACE_WITH_KNOTS('',3,1,((#9722,#9723),(#9724,#9725),(#9726,
#9727),(#9728,#9729),(#9730,#9731)),.UNSPECIFIED.,.F.,.F.,.F.,(4,1,4),(2,
2),(0.,0.042875907882334,0.100038925386831),(0.,0.2),.UNSPECIFIED.);
#548=B_SPLINE_SURFACE_WITH_KNOTS('',3,1,((#9748,#9749),(#9750,#9751),(#9752,
#9753),(#9754,#9755),(#9756,#9757)),.UNSPECIFIED.,.F.,.F.,.F.,(4,1,4),(2,
2),(0.,0.0483112722734243,0.0951413529908567),(0.,0.2),.UNSPECIFIED.);
#549=B_SPLINE_SURFACE_WITH_KNOTS('',3,1,((#9771,#9772),(#9773,#9774),(#9775,
#9776),(#9777,#9778),(#9779,#9780)),.UNSPECIFIED.,.F.,.F.,.F.,(4,1,4),(2,
2),(0.,0.0539732283445083,0.104844168085084),(0.,0.2),.UNSPECIFIED.);
#550=B_SPLINE_SURFACE_WITH_KNOTS('',3,1,((#9794,#9795),(#9796,#9797),(#9798,
#9799),(#9800,#9801),(#9802,#9803)),.UNSPECIFIED.,.F.,.F.,.F.,(4,1,4),(2,
2),(0.,0.0415656983213528,0.0923985700296426),(0.,0.2),.UNSPECIFIED.);
#551=B_SPLINE_SURFACE_WITH_KNOTS('',3,1,((#9817,#9818),(#9819,#9820),(#9821,
#9822),(#9823,#9824),(#9825,#9826)),.UNSPECIFIED.,.F.,.F.,.F.,(4,1,4),(2,
2),(0.,0.0367757057353155,0.0737338084209252),(0.,0.2),.UNSPECIFIED.);
#552=B_SPLINE_SURFACE_WITH_KNOTS('',3,1,((#9840,#9841),(#9842,#9843),(#9844,
#9845),(#9846,#9847),(#9848,#9849)),.UNSPECIFIED.,.F.,.F.,.F.,(4,1,4),(2,
2),(0.,0.0244162459486748,0.0491410878341259),(0.,0.2),.UNSPECIFIED.);
#553=B_SPLINE_SURFACE_WITH_KNOTS('',3,1,((#9863,#9864),(#9865,#9866),(#9867,
#9868),(#9869,#9870),(#9871,#9872)),.UNSPECIFIED.,.F.,.F.,.F.,(4,1,4),(2,
2),(0.,0.0259818363665345,0.0507656469650456),(0.,0.2),.UNSPECIFIED.);
#554=B_SPLINE_SURFACE_WITH_KNOTS('',3,1,((#9886,#9887),(#9888,#9889),(#9890,
#9891),(#9892,#9893),(#9894,#9895)),.UNSPECIFIED.,.F.,.F.,.F.,(4,1,4),(2,
2),(0.,0.0525305383282902,0.0880479665701593),(0.,0.2),.UNSPECIFIED.);
#555=B_SPLINE_SURFACE_WITH_KNOTS('',3,1,((#9909,#9910),(#9911,#9912),(#9913,
#9914),(#9915,#9916),(#9917,#9918)),.UNSPECIFIED.,.F.,.F.,.F.,(4,1,4),(2,
2),(0.,0.0698314446451382,0.164935949843932),(0.,0.2),.UNSPECIFIED.);
#556=B_SPLINE_SURFACE_WITH_KNOTS('',3,1,((#9944,#9945),(#9946,#9947),(#9948,
#9949),(#9950,#9951),(#9952,#9953)),.UNSPECIFIED.,.F.,.F.,.F.,(4,1,4),(2,
2),(0.,0.0367470311628412,0.0741417190316112),(0.,0.2),.UNSPECIFIED.);
#557=B_SPLINE_SURFACE_WITH_KNOTS('',3,1,((#9967,#9968),(#9969,#9970),(#9971,
#9972),(#9973,#9974),(#9975,#9976)),.UNSPECIFIED.,.F.,.F.,.F.,(4,1,4),(2,
2),(0.,0.111811795990845,0.173451548203197),(0.,0.2),.UNSPECIFIED.);
#558=B_SPLINE_SURFACE_WITH_KNOTS('',3,1,((#9996,#9997),(#9998,#9999),(#10000,
#10001),(#10002,#10003),(#10004,#10005)),.UNSPECIFIED.,.F.,.F.,.F.,(4,1,
4),(2,2),(0.,0.0353900776398739,0.0907924937332117),(0.,0.2),
 .UNSPECIFIED.);
#559=B_SPLINE_SURFACE_WITH_KNOTS('',3,1,((#10019,#10020),(#10021,#10022),
(#10023,#10024),(#10025,#10026),(#10027,#10028)),.UNSPECIFIED.,.F.,.F.,
 .F.,(4,1,4),(2,2),(0.,0.0352273535059668,0.0740341813280585),(0.,0.2),
 .UNSPECIFIED.);
#560=B_SPLINE_SURFACE_WITH_KNOTS('',3,1,((#10042,#10043),(#10044,#10045),
(#10046,#10047),(#10048,#10049),(#10050,#10051)),.UNSPECIFIED.,.F.,.F.,
 .F.,(4,1,4),(2,2),(0.,0.0448143485501388,0.0818085737125828),(0.,0.2),
 .UNSPECIFIED.);
#561=B_SPLINE_SURFACE_WITH_KNOTS('',3,1,((#10065,#10066),(#10067,#10068),
(#10069,#10070),(#10071,#10072),(#10073,#10074)),.UNSPECIFIED.,.F.,.F.,
 .F.,(4,1,4),(2,2),(0.,0.0673994196067415,0.122326024329397),(0.,0.2),
 .UNSPECIFIED.);
#562=B_SPLINE_SURFACE_WITH_KNOTS('',3,1,((#10088,#10089),(#10090,#10091),
(#10092,#10093),(#10094,#10095),(#10096,#10097)),.UNSPECIFIED.,.F.,.F.,
 .F.,(4,1,4),(2,2),(0.,0.0631489554322346,0.133594066225031),(0.,0.2),
 .UNSPECIFIED.);
#563=B_SPLINE_SURFACE_WITH_KNOTS('',3,1,((#10111,#10112),(#10113,#10114),
(#10115,#10116),(#10117,#10118),(#10119,#10120)),.UNSPECIFIED.,.F.,.F.,
 .F.,(4,1,4),(2,2),(0.,0.0497305478643214,0.105616979702204),(0.,0.2),
 .UNSPECIFIED.);
#564=B_SPLINE_SURFACE_WITH_KNOTS('',3,1,((#10134,#10135),(#10136,#10137),
(#10138,#10139),(#10140,#10141),(#10142,#10143)),.UNSPECIFIED.,.F.,.F.,
 .F.,(4,1,4),(2,2),(0.,0.0583608664594323,0.109239346025066),(0.,0.2),
 .UNSPECIFIED.);
#565=B_SPLINE_SURFACE_WITH_KNOTS('',3,1,((#10163,#10164),(#10165,#10166),
(#10167,#10168),(#10169,#10170),(#10171,#10172)),.UNSPECIFIED.,.F.,.F.,
 .F.,(4,1,4),(2,2),(0.,0.0442224927350066,0.100278037149087),(0.,0.2),
 .UNSPECIFIED.);
#566=B_SPLINE_SURFACE_WITH_KNOTS('',3,1,((#10186,#10187),(#10188,#10189),
(#10190,#10191),(#10192,#10193),(#10194,#10195)),.UNSPECIFIED.,.F.,.F.,
 .F.,(4,1,4),(2,2),(0.,0.0605373446007096,0.106396128422625),(0.,0.2),
 .UNSPECIFIED.);
#567=B_SPLINE_SURFACE_WITH_KNOTS('',3,1,((#10209,#10210),(#10211,#10212),
(#10213,#10214),(#10215,#10216),(#10217,#10218)),.UNSPECIFIED.,.F.,.F.,
 .F.,(4,1,4),(2,2),(0.,0.0530374196485297,0.118642305065273),(0.,0.2),
 .UNSPECIFIED.);
#568=B_SPLINE_SURFACE_WITH_KNOTS('',3,1,((#10232,#10233),(#10234,#10235),
(#10236,#10237),(#10238,#10239),(#10240,#10241)),.UNSPECIFIED.,.F.,.F.,
 .F.,(4,1,4),(2,2),(0.,0.0516306170835454,0.0910370388914938),(0.,0.2),
 .UNSPECIFIED.);
#569=B_SPLINE_SURFACE_WITH_KNOTS('',3,1,((#10255,#10256),(#10257,#10258),
(#10259,#10260),(#10261,#10262),(#10263,#10264)),.UNSPECIFIED.,.F.,.F.,
 .F.,(4,1,4),(2,2),(0.,0.016512587358999,0.0256540961434068),(0.,0.2),
 .UNSPECIFIED.);
#570=B_SPLINE_SURFACE_WITH_KNOTS('',3,1,((#10278,#10279),(#10280,#10281),
(#10282,#10283),(#10284,#10285),(#10286,#10287)),.UNSPECIFIED.,.F.,.F.,
 .F.,(4,1,4),(2,2),(0.,0.104438368568508,0.178622686560265),(0.,0.2),
 .UNSPECIFIED.);
#571=B_SPLINE_SURFACE_WITH_KNOTS('',3,1,((#10301,#10302),(#10303,#10304),
(#10305,#10306),(#10307,#10308),(#10309,#10310)),.UNSPECIFIED.,.F.,.F.,
 .F.,(4,1,4),(2,2),(0.,0.037056821205715,0.0885896030941234),(0.,0.2),
 .UNSPECIFIED.);
#572=B_SPLINE_SURFACE_WITH_KNOTS('',3,1,((#10324,#10325),(#10326,#10327),
(#10328,#10329),(#10330,#10331),(#10332,#10333)),.UNSPECIFIED.,.F.,.F.,
 .F.,(4,1,4),(2,2),(0.,0.0382356442241757,0.0779173776046134),(0.,0.2),
 .UNSPECIFIED.);
#573=B_SPLINE_SURFACE_WITH_KNOTS('',3,1,((#10347,#10348),(#10349,#10350),
(#10351,#10352),(#10353,#10354),(#10355,#10356)),.UNSPECIFIED.,.F.,.F.,
 .F.,(4,1,4),(2,2),(0.,0.0388159040535487,0.0764768556469559),(0.,0.2),
 .UNSPECIFIED.);
#574=B_SPLINE_SURFACE_WITH_KNOTS('',3,1,((#10370,#10371),(#10372,#10373),
(#10374,#10375),(#10376,#10377),(#10378,#10379)),.UNSPECIFIED.,.F.,.F.,
 .F.,(4,1,4),(2,2),(0.,0.0410100793731858,0.080797318438742),(0.,0.2),
 .UNSPECIFIED.);
#575=B_SPLINE_SURFACE_WITH_KNOTS('',3,1,((#10393,#10394),(#10395,#10396),
(#10397,#10398),(#10399,#10400),(#10401,#10402)),.UNSPECIFIED.,.F.,.F.,
 .F.,(4,1,4),(2,2),(0.,0.0656028343699517,0.13293358711287),(0.,0.2),
 .UNSPECIFIED.);
#576=B_SPLINE_SURFACE_WITH_KNOTS('',3,1,((#10416,#10417),(#10418,#10419),
(#10420,#10421),(#10422,#10423),(#10424,#10425)),.UNSPECIFIED.,.F.,.F.,
 .F.,(4,1,4),(2,2),(0.,0.0852491563096592,0.156744631302507),(0.,0.2),
 .UNSPECIFIED.);
#577=B_SPLINE_SURFACE_WITH_KNOTS('',3,1,((#10439,#10440),(#10441,#10442),
(#10443,#10444),(#10445,#10446),(#10447,#10448)),.UNSPECIFIED.,.F.,.F.,
 .F.,(4,1,4),(2,2),(0.,0.0542446218994503,0.110450906640981),(0.,0.2),
 .UNSPECIFIED.);
#578=B_SPLINE_SURFACE_WITH_KNOTS('',3,1,((#10462,#10463),(#10464,#10465),
(#10466,#10467),(#10468,#10469),(#10470,#10471)),.UNSPECIFIED.,.F.,.F.,
 .F.,(4,1,4),(2,2),(0.,0.0665776701015892,0.124233323758325),(0.,0.2),
 .UNSPECIFIED.);
#579=B_SPLINE_SURFACE_WITH_KNOTS('',3,1,((#10485,#10486),(#10487,#10488),
(#10489,#10490),(#10491,#10492),(#10493,#10494)),.UNSPECIFIED.,.F.,.F.,
 .F.,(4,1,4),(2,2),(0.,0.0354478470703233,0.0744343568248389),(0.,0.2),
 .UNSPECIFIED.);
#580=B_SPLINE_SURFACE_WITH_KNOTS('',3,1,((#10506,#10507),(#10508,#10509),
(#10510,#10511),(#10512,#10513),(#10514,#10515)),.UNSPECIFIED.,.F.,.F.,
 .F.,(4,1,4),(2,2),(0.,0.060931959759439,0.128979013279077),(0.,0.2),
 .UNSPECIFIED.);
#581=B_SPLINE_SURFACE_WITH_KNOTS('',3,1,((#10532,#10533),(#10534,#10535),
(#10536,#10537),(#10538,#10539),(#10540,#10541)),.UNSPECIFIED.,.F.,.F.,
 .F.,(4,1,4),(2,2),(0.,0.0648750162813801,0.125333563859527),(0.,0.2),
 .UNSPECIFIED.);
#582=B_SPLINE_SURFACE_WITH_KNOTS('',3,1,((#10555,#10556),(#10557,#10558),
(#10559,#10560),(#10561,#10562),(#10563,#10564)),.UNSPECIFIED.,.F.,.F.,
 .F.,(4,1,4),(2,2),(0.,0.0975297628823391,0.174557166193274),(0.,0.2),
 .UNSPECIFIED.);
#583=B_SPLINE_SURFACE_WITH_KNOTS('',3,1,((#10578,#10579),(#10580,#10581),
(#10582,#10583),(#10584,#10585),(#10586,#10587)),.UNSPECIFIED.,.F.,.F.,
 .F.,(4,1,4),(2,2),(0.,0.0787967027362092,0.180491070203145),(0.,0.2),
 .UNSPECIFIED.);
#584=B_SPLINE_SURFACE_WITH_KNOTS('',3,1,((#10601,#10602),(#10603,#10604),
(#10605,#10606),(#10607,#10608),(#10609,#10610)),.UNSPECIFIED.,.F.,.F.,
 .F.,(4,1,4),(2,2),(0.,0.0623351449348881,0.128395771634989),(0.,0.2),
 .UNSPECIFIED.);
#585=B_SPLINE_SURFACE_WITH_KNOTS('',3,1,((#10624,#10625),(#10626,#10627),
(#10628,#10629),(#10630,#10631),(#10632,#10633)),.UNSPECIFIED.,.F.,.F.,
 .F.,(4,1,4),(2,2),(0.,0.0641524691038116,0.125251190869588),(0.,0.2),
 .UNSPECIFIED.);
#586=B_SPLINE_SURFACE_WITH_KNOTS('',3,1,((#10647,#10648),(#10649,#10650),
(#10651,#10652),(#10653,#10654),(#10655,#10656)),.UNSPECIFIED.,.F.,.F.,
 .F.,(4,1,4),(2,2),(0.,0.0979283108925713,0.174009485529504),(0.,0.2),
 .UNSPECIFIED.);
#587=B_SPLINE_SURFACE_WITH_KNOTS('',3,1,((#10670,#10671),(#10672,#10673),
(#10674,#10675),(#10676,#10677),(#10678,#10679)),.UNSPECIFIED.,.F.,.F.,
 .F.,(4,1,4),(2,2),(0.,0.0805658266283747,0.179870119426467),(0.,0.2),
 .UNSPECIFIED.);
#588=B_SPLINE_SURFACE_WITH_KNOTS('',3,1,((#10699,#10700),(#10701,#10702),
(#10703,#10704),(#10705,#10706),(#10707,#10708)),.UNSPECIFIED.,.F.,.F.,
 .F.,(4,1,4),(2,2),(0.,0.0425865105315433,0.0832482292228122),(0.,0.2),
 .UNSPECIFIED.);
#589=B_SPLINE_SURFACE_WITH_KNOTS('',3,1,((#10722,#10723),(#10724,#10725),
(#10726,#10727),(#10728,#10729),(#10730,#10731)),.UNSPECIFIED.,.F.,.F.,
 .F.,(4,1,4),(2,2),(0.,0.0468769183712588,0.0912343694965444),(0.,0.2),
 .UNSPECIFIED.);
#590=B_SPLINE_SURFACE_WITH_KNOTS('',3,1,((#10745,#10746),(#10747,#10748),
(#10749,#10750),(#10751,#10752),(#10753,#10754)),.UNSPECIFIED.,.F.,.F.,
 .F.,(4,1,4),(2,2),(0.,0.0685907633975028,0.134825631553939),(0.,0.2),
 .UNSPECIFIED.);
#591=B_SPLINE_SURFACE_WITH_KNOTS('',3,1,((#10768,#10769),(#10770,#10771),
(#10772,#10773),(#10774,#10775),(#10776,#10777)),.UNSPECIFIED.,.F.,.F.,
 .F.,(4,1,4),(2,2),(0.,0.074084551835664,0.144890441416453),(0.,0.2),
 .UNSPECIFIED.);
#592=B_SPLINE_SURFACE_WITH_KNOTS('',3,1,((#10791,#10792),(#10793,#10794),
(#10795,#10796),(#10797,#10798),(#10799,#10800)),.UNSPECIFIED.,.F.,.F.,
 .F.,(4,1,4),(2,2),(0.,0.0848915507333201,0.164238083721498),(0.,0.2),
 .UNSPECIFIED.);
#593=B_SPLINE_SURFACE_WITH_KNOTS('',3,1,((#10814,#10815),(#10816,#10817),
(#10818,#10819),(#10820,#10821),(#10822,#10823)),.UNSPECIFIED.,.F.,.F.,
 .F.,(4,1,4),(2,2),(0.,0.076077363174823,0.156009474029309),(0.,0.2),
 .UNSPECIFIED.);
#594=B_SPLINE_SURFACE_WITH_KNOTS('',3,1,((#10837,#10838),(#10839,#10840),
(#10841,#10842),(#10843,#10844),(#10845,#10846)),.UNSPECIFIED.,.F.,.F.,
 .F.,(4,1,4),(2,2),(0.,0.0678205042563958,0.139222651330314),(0.,0.2),
 .UNSPECIFIED.);
#595=B_SPLINE_SURFACE_WITH_KNOTS('',3,1,((#10860,#10861),(#10862,#10863),
(#10864,#10865),(#10866,#10867),(#10868,#10869)),.UNSPECIFIED.,.F.,.F.,
 .F.,(4,1,4),(2,2),(0.,0.0704997714655991,0.137999902723717),(0.,0.2),
 .UNSPECIFIED.);
#596=B_SPLINE_SURFACE_WITH_KNOTS('',3,1,((#10883,#10884),(#10885,#10886),
(#10887,#10888),(#10889,#10890),(#10891,#10892)),.UNSPECIFIED.,.F.,.F.,
 .F.,(4,1,4),(2,2),(0.,0.0470799295053485,0.0998938310115371),(0.,0.2),
 .UNSPECIFIED.);
#597=B_SPLINE_SURFACE_WITH_KNOTS('',3,1,((#10906,#10907),(#10908,#10909),
(#10910,#10911),(#10912,#10913),(#10914,#10915)),.UNSPECIFIED.,.F.,.F.,
 .F.,(4,1,4),(2,2),(0.,0.0512969526739871,0.0981080811046935),(0.,0.2),
 .UNSPECIFIED.);
#598=B_SPLINE_SURFACE_WITH_KNOTS('',3,1,((#10951,#10952),(#10953,#10954),
(#10955,#10956),(#10957,#10958),(#10959,#10960)),.UNSPECIFIED.,.F.,.F.,
 .F.,(4,1,4),(2,2),(0.,0.0632997651090605,0.124994462566424),(0.,0.2),
 .UNSPECIFIED.);
#599=B_SPLINE_SURFACE_WITH_KNOTS('',3,1,((#10977,#10978),(#10979,#10980),
(#10981,#10982),(#10983,#10984),(#10985,#10986)),.UNSPECIFIED.,.F.,.F.,
 .F.,(4,1,4),(2,2),(0.,0.0686706462670586,0.137942619618985),(0.,0.2),
 .UNSPECIFIED.);
#600=B_SPLINE_SURFACE_WITH_KNOTS('',3,1,((#11000,#11001),(#11002,#11003),
(#11004,#11005),(#11006,#11007),(#11008,#11009)),.UNSPECIFIED.,.F.,.F.,
 .F.,(4,1,4),(2,2),(0.,0.0652031170994629,0.117085232734029),(0.,0.2),
 .UNSPECIFIED.);
#601=B_SPLINE_SURFACE_WITH_KNOTS('',3,1,((#11029,#11030),(#11031,#11032),
(#11033,#11034),(#11035,#11036),(#11037,#11038)),.UNSPECIFIED.,.F.,.F.,
 .F.,(4,1,4),(2,2),(0.,0.0639093499088358,0.133797858910955),(0.,0.2),
 .UNSPECIFIED.);
#602=B_SPLINE_SURFACE_WITH_KNOTS('',3,1,((#11049,#11050),(#11051,#11052),
(#11053,#11054),(#11055,#11056),(#11057,#11058)),.UNSPECIFIED.,.F.,.F.,
 .F.,(4,1,4),(2,2),(0.,0.0505684626146034,0.0977914279179941),(0.,0.2),
 .UNSPECIFIED.);
#603=B_SPLINE_SURFACE_WITH_KNOTS('',3,1,((#11075,#11076),(#11077,#11078),
(#11079,#11080),(#11081,#11082),(#11083,#11084)),.UNSPECIFIED.,.F.,.F.,
 .F.,(4,1,4),(2,2),(0.,0.0665333306670513,0.134307035733255),(0.,0.2),
 .UNSPECIFIED.);
#604=B_SPLINE_SURFACE_WITH_KNOTS('',3,1,((#11098,#11099),(#11100,#11101),
(#11102,#11103),(#11104,#11105),(#11106,#11107)),.UNSPECIFIED.,.F.,.F.,
 .F.,(4,1,4),(2,2),(0.,0.0858599421369592,0.158415384513014),(0.,0.2),
 .UNSPECIFIED.);
#605=B_SPLINE_SURFACE_WITH_KNOTS('',3,1,((#11127,#11128),(#11129,#11130),
(#11131,#11132),(#11133,#11134),(#11135,#11136)),.UNSPECIFIED.,.F.,.F.,
 .F.,(4,1,4),(2,2),(0.,0.0109149392921653,0.0262000663595778),(0.,0.2),
 .UNSPECIFIED.);
#606=B_SPLINE_SURFACE_WITH_KNOTS('',3,1,((#11150,#11151),(#11152,#11153),
(#11154,#11155),(#11156,#11157),(#11158,#11159)),.UNSPECIFIED.,.F.,.F.,
 .F.,(4,1,4),(2,2),(0.,0.110093884328278,0.238839632602599),(0.,0.2),
 .UNSPECIFIED.);
#607=B_SPLINE_SURFACE_WITH_KNOTS('',3,1,((#11173,#11174),(#11175,#11176),
(#11177,#11178),(#11179,#11180),(#11181,#11182)),.UNSPECIFIED.,.F.,.F.,
 .F.,(4,1,4),(2,2),(0.,0.107430635936637,0.210533449401768),(0.,0.2),
 .UNSPECIFIED.);
#608=B_SPLINE_SURFACE_WITH_KNOTS('',3,1,((#11196,#11197),(#11198,#11199),
(#11200,#11201),(#11202,#11203),(#11204,#11205)),.UNSPECIFIED.,.F.,.F.,
 .F.,(4,1,4),(2,2),(0.,0.105594819918636,0.216318976348483),(0.,0.2),
 .UNSPECIFIED.);
#609=B_SPLINE_SURFACE_WITH_KNOTS('',3,1,((#11219,#11220),(#11221,#11222),
(#11223,#11224),(#11225,#11226),(#11227,#11228)),.UNSPECIFIED.,.F.,.F.,
 .F.,(4,1,4),(2,2),(0.,0.131234538622499,0.243596590767009),(0.,0.2),
 .UNSPECIFIED.);
#610=B_SPLINE_SURFACE_WITH_KNOTS('',3,1,((#11242,#11243),(#11244,#11245),
(#11246,#11247),(#11248,#11249),(#11250,#11251)),.UNSPECIFIED.,.F.,.F.,
 .F.,(4,1,4),(2,2),(0.,0.109404588865092,0.236357649265542),(0.,0.2),
 .UNSPECIFIED.);
#611=B_SPLINE_SURFACE_WITH_KNOTS('',3,1,((#11265,#11266),(#11267,#11268),
(#11269,#11270),(#11271,#11272),(#11273,#11274)),.UNSPECIFIED.,.F.,.F.,
 .F.,(4,1,4),(2,2),(0.,0.115652618335604,0.221162950197967),(0.,0.2),
 .UNSPECIFIED.);
#612=B_SPLINE_SURFACE_WITH_KNOTS('',3,1,((#11288,#11289),(#11290,#11291),
(#11292,#11293),(#11294,#11295),(#11296,#11297)),.UNSPECIFIED.,.F.,.F.,
 .F.,(4,1,4),(2,2),(0.,0.0826098833010483,0.175376924324801),(0.,0.2),
 .UNSPECIFIED.);
#613=B_SPLINE_SURFACE_WITH_KNOTS('',3,1,((#11311,#11312),(#11313,#11314),
(#11315,#11316),(#11317,#11318),(#11319,#11320)),.UNSPECIFIED.,.F.,.F.,
 .F.,(4,1,4),(2,2),(0.,0.0860934553208058,0.166606526967025),(0.,0.2),
 .UNSPECIFIED.);
#614=B_SPLINE_SURFACE_WITH_KNOTS('',3,1,((#11340,#11341),(#11342,#11343),
(#11344,#11345),(#11346,#11347),(#11348,#11349)),.UNSPECIFIED.,.F.,.F.,
 .F.,(4,1,4),(2,2),(0.,0.0502930960450485,0.110147207084758),(0.,0.2),
 .UNSPECIFIED.);
#615=B_SPLINE_SURFACE_WITH_KNOTS('',3,1,((#11370,#11371),(#11372,#11373),
(#11374,#11375),(#11376,#11377),(#11378,#11379)),.UNSPECIFIED.,.F.,.F.,
 .F.,(4,1,4),(2,2),(0.,0.043383231702852,0.0711565831445569),(0.,0.2),
 .UNSPECIFIED.);
#616=B_SPLINE_SURFACE_WITH_KNOTS('',3,1,((#11393,#11394),(#11395,#11396),
(#11397,#11398),(#11399,#11400),(#11401,#11402)),.UNSPECIFIED.,.F.,.F.,
 .F.,(4,1,4),(2,2),(0.,0.0308755372043007,0.0638770963158142),(0.,0.2),
 .UNSPECIFIED.);
#617=B_SPLINE_SURFACE_WITH_KNOTS('',3,1,((#11452,#11453),(#11454,#11455),
(#11456,#11457),(#11458,#11459),(#11460,#11461)),.UNSPECIFIED.,.F.,.F.,
 .F.,(4,1,4),(2,2),(0.,0.0533151202596,0.110999237876647),(0.,0.2),
 .UNSPECIFIED.);
#618=B_SPLINE_SURFACE_WITH_KNOTS('',3,1,((#11475,#11476),(#11477,#11478),
(#11479,#11480),(#11481,#11482),(#11483,#11484)),.UNSPECIFIED.,.F.,.F.,
 .F.,(4,1,4),(2,2),(0.,0.0684921809373518,0.117487752924593),(0.,0.2),
 .UNSPECIFIED.);
#619=B_SPLINE_SURFACE_WITH_KNOTS('',3,1,((#11535,#11536),(#11537,#11538),
(#11539,#11540),(#11541,#11542),(#11543,#11544)),.UNSPECIFIED.,.F.,.F.,
 .F.,(4,1,4),(2,2),(0.,0.0568665378346321,0.138415479296656),(0.,0.2),
 .UNSPECIFIED.);
#620=B_SPLINE_SURFACE_WITH_KNOTS('',3,1,((#11558,#11559),(#11560,#11561),
(#11562,#11563),(#11564,#11565),(#11566,#11567)),.UNSPECIFIED.,.F.,.F.,
 .F.,(4,1,4),(2,2),(0.,0.0724529356441534,0.136710754179),(0.,0.2),
 .UNSPECIFIED.);
#621=B_SPLINE_SURFACE_WITH_KNOTS('',3,1,((#11581,#11582),(#11583,#11584),
(#11585,#11586),(#11587,#11588),(#11589,#11590)),.UNSPECIFIED.,.F.,.F.,
 .F.,(4,1,4),(2,2),(0.,0.111459129203546,0.199016744460169),(0.,0.2),
 .UNSPECIFIED.);
#622=B_SPLINE_SURFACE_WITH_KNOTS('',3,1,((#11604,#11605),(#11606,#11607),
(#11608,#11609),(#11610,#11611),(#11612,#11613)),.UNSPECIFIED.,.F.,.F.,
 .F.,(4,1,4),(2,2),(0.,0.0720711424292827,0.156068973655544),(0.,0.2),
 .UNSPECIFIED.);
#623=B_SPLINE_SURFACE_WITH_KNOTS('',3,1,((#11627,#11628),(#11629,#11630),
(#11631,#11632),(#11633,#11634),(#11635,#11636)),.UNSPECIFIED.,.F.,.F.,
 .F.,(4,1,4),(2,2),(0.,0.055403381514055,0.117799641440556),(0.,0.2),
 .UNSPECIFIED.);
#624=B_SPLINE_SURFACE_WITH_KNOTS('',3,1,((#11650,#11651),(#11652,#11653),
(#11654,#11655),(#11656,#11657),(#11658,#11659)),.UNSPECIFIED.,.F.,.F.,
 .F.,(4,1,4),(2,2),(0.,0.0441673947584343,0.0834585944751766),(0.,0.2),
 .UNSPECIFIED.);
#625=B_SPLINE_SURFACE_WITH_KNOTS('',3,1,((#11673,#11674),(#11675,#11676),
(#11677,#11678),(#11679,#11680),(#11681,#11682)),.UNSPECIFIED.,.F.,.F.,
 .F.,(4,1,4),(2,2),(0.,0.0706962947049853,0.125371727641484),(0.,0.2),
 .UNSPECIFIED.);
#626=B_SPLINE_SURFACE_WITH_KNOTS('',3,1,((#11705,#11706),(#11707,#11708),
(#11709,#11710),(#11711,#11712),(#11713,#11714)),.UNSPECIFIED.,.F.,.F.,
 .F.,(4,1,4),(2,2),(0.,0.0609602647872676,0.129462649841803),(0.,0.2),
 .UNSPECIFIED.);
#627=B_SPLINE_SURFACE_WITH_KNOTS('',3,1,((#11731,#11732),(#11733,#11734),
(#11735,#11736),(#11737,#11738),(#11739,#11740)),.UNSPECIFIED.,.F.,.F.,
 .F.,(4,1,4),(2,2),(0.,0.049466368589448,0.103977282072307),(0.,0.2),
 .UNSPECIFIED.);
#628=B_SPLINE_SURFACE_WITH_KNOTS('',3,1,((#11754,#11755),(#11756,#11757),
(#11758,#11759),(#11760,#11761),(#11762,#11763)),.UNSPECIFIED.,.F.,.F.,
 .F.,(4,1,4),(2,2),(0.,0.0539672201059359,0.103243707464012),(0.,0.2),
 .UNSPECIFIED.);
#629=B_SPLINE_SURFACE_WITH_KNOTS('',3,1,((#11777,#11778),(#11779,#11780),
(#11781,#11782),(#11783,#11784),(#11785,#11786)),.UNSPECIFIED.,.F.,.F.,
 .F.,(4,1,4),(2,2),(0.,0.0687557832421191,0.129090943253299),(0.,0.2),
 .UNSPECIFIED.);
#630=B_SPLINE_SURFACE_WITH_KNOTS('',3,1,((#11800,#11801),(#11802,#11803),
(#11804,#11805),(#11806,#11807),(#11808,#11809)),.UNSPECIFIED.,.F.,.F.,
 .F.,(4,1,4),(2,2),(0.,0.0861126343238678,0.163359642681176),(0.,0.2),
 .UNSPECIFIED.);
#631=B_SPLINE_SURFACE_WITH_KNOTS('',3,1,((#11823,#11824),(#11825,#11826),
(#11827,#11828),(#11829,#11830),(#11831,#11832)),.UNSPECIFIED.,.F.,.F.,
 .F.,(4,1,4),(2,2),(0.,0.0922078184094651,0.193535118448013),(0.,0.2),
 .UNSPECIFIED.);
#632=B_SPLINE_SURFACE_WITH_KNOTS('',3,1,((#11846,#11847),(#11848,#11849),
(#11850,#11851),(#11852,#11853),(#11854,#11855)),.UNSPECIFIED.,.F.,.F.,
 .F.,(4,1,4),(2,2),(0.,0.0822854256743381,0.167680984612287),(0.,0.2),
 .UNSPECIFIED.);
#633=B_SPLINE_SURFACE_WITH_KNOTS('',3,1,((#11869,#11870),(#11871,#11872),
(#11873,#11874),(#11875,#11876),(#11877,#11878)),.UNSPECIFIED.,.F.,.F.,
 .F.,(4,1,4),(2,2),(0.,0.0674801256155362,0.131541768648205),(0.,0.2),
 .UNSPECIFIED.);
#634=B_SPLINE_SURFACE_WITH_KNOTS('',3,1,((#11892,#11893),(#11894,#11895),
(#11896,#11897),(#11898,#11899),(#11900,#11901)),.UNSPECIFIED.,.F.,.F.,
 .F.,(4,1,4),(2,2),(0.,0.0823145322255328,0.143089090807765),(0.,0.2),
 .UNSPECIFIED.);
#635=FACE_OUTER_BOUND('',#991,.T.);
#636=FACE_OUTER_BOUND('',#992,.T.);
#637=FACE_OUTER_BOUND('',#993,.T.);
#638=FACE_OUTER_BOUND('',#994,.T.);
#639=FACE_OUTER_BOUND('',#995,.T.);
#640=FACE_OUTER_BOUND('',#996,.T.);
#641=FACE_OUTER_BOUND('',#997,.T.);
#642=FACE_OUTER_BOUND('',#998,.T.);
#643=FACE_OUTER_BOUND('',#999,.T.);
#644=FACE_OUTER_BOUND('',#1000,.T.);
#645=FACE_OUTER_BOUND('',#1001,.T.);
#646=FACE_OUTER_BOUND('',#1002,.T.);
#647=FACE_OUTER_BOUND('',#1003,.T.);
#648=FACE_OUTER_BOUND('',#1004,.T.);
#649=FACE_OUTER_BOUND('',#1005,.T.);
#650=FACE_OUTER_BOUND('',#1006,.T.);
#651=FACE_OUTER_BOUND('',#1007,.T.);
#652=FACE_OUTER_BOUND('',#1008,.T.);
#653=FACE_OUTER_BOUND('',#1009,.T.);
#654=FACE_OUTER_BOUND('',#1010,.T.);
#655=FACE_OUTER_BOUND('',#1011,.T.);
#656=FACE_OUTER_BOUND('',#1012,.T.);
#657=FACE_OUTER_BOUND('',#1013,.T.);
#658=FACE_OUTER_BOUND('',#1014,.T.);
#659=FACE_OUTER_BOUND('',#1015,.T.);
#660=FACE_OUTER_BOUND('',#1016,.T.);
#661=FACE_OUTER_BOUND('',#1017,.T.);
#662=FACE_OUTER_BOUND('',#1018,.T.);
#663=FACE_OUTER_BOUND('',#1019,.T.);
#664=FACE_OUTER_BOUND('',#1020,.T.);
#665=FACE_OUTER_BOUND('',#1021,.T.);
#666=FACE_OUTER_BOUND('',#1022,.T.);
#667=FACE_OUTER_BOUND('',#1023,.T.);
#668=FACE_OUTER_BOUND('',#1024,.T.);
#669=FACE_OUTER_BOUND('',#1025,.T.);
#670=FACE_OUTER_BOUND('',#1026,.T.);
#671=FACE_OUTER_BOUND('',#1027,.T.);
#672=FACE_OUTER_BOUND('',#1028,.T.);
#673=FACE_OUTER_BOUND('',#1029,.T.);
#674=FACE_OUTER_BOUND('',#1030,.T.);
#675=FACE_OUTER_BOUND('',#1031,.T.);
#676=FACE_OUTER_BOUND('',#1032,.T.);
#677=FACE_OUTER_BOUND('',#1033,.T.);
#678=FACE_OUTER_BOUND('',#1034,.T.);
#679=FACE_OUTER_BOUND('',#1036,.T.);
#680=FACE_OUTER_BOUND('',#1037,.T.);
#681=FACE_OUTER_BOUND('',#1038,.T.);
#682=FACE_OUTER_BOUND('',#1039,.T.);
#683=FACE_OUTER_BOUND('',#1040,.T.);
#684=FACE_OUTER_BOUND('',#1041,.T.);
#685=FACE_OUTER_BOUND('',#1042,.T.);
#686=FACE_OUTER_BOUND('',#1043,.T.);
#687=FACE_OUTER_BOUND('',#1044,.T.);
#688=FACE_OUTER_BOUND('',#1045,.T.);
#689=FACE_OUTER_BOUND('',#1046,.T.);
#690=FACE_OUTER_BOUND('',#1047,.T.);
#691=FACE_OUTER_BOUND('',#1048,.T.);
#692=FACE_OUTER_BOUND('',#1049,.T.);
#693=FACE_OUTER_BOUND('',#1050,.T.);
#694=FACE_OUTER_BOUND('',#1051,.T.);
#695=FACE_OUTER_BOUND('',#1052,.T.);
#696=FACE_OUTER_BOUND('',#1053,.T.);
#697=FACE_OUTER_BOUND('',#1054,.T.);
#698=FACE_OUTER_BOUND('',#1055,.T.);
#699=FACE_OUTER_BOUND('',#1056,.T.);
#700=FACE_OUTER_BOUND('',#1057,.T.);
#701=FACE_OUTER_BOUND('',#1058,.T.);
#702=FACE_OUTER_BOUND('',#1059,.T.);
#703=FACE_OUTER_BOUND('',#1060,.T.);
#704=FACE_OUTER_BOUND('',#1061,.T.);
#705=FACE_OUTER_BOUND('',#1062,.T.);
#706=FACE_OUTER_BOUND('',#1063,.T.);
#707=FACE_OUTER_BOUND('',#1064,.T.);
#708=FACE_OUTER_BOUND('',#1065,.T.);
#709=FACE_OUTER_BOUND('',#1066,.T.);
#710=FACE_OUTER_BOUND('',#1067,.T.);
#711=FACE_OUTER_BOUND('',#1068,.T.);
#712=FACE_OUTER_BOUND('',#1069,.T.);
#713=FACE_OUTER_BOUND('',#1070,.T.);
#714=FACE_OUTER_BOUND('',#1072,.T.);
#715=FACE_OUTER_BOUND('',#1073,.T.);
#716=FACE_OUTER_BOUND('',#1074,.T.);
#717=FACE_OUTER_BOUND('',#1075,.T.);
#718=FACE_OUTER_BOUND('',#1076,.T.);
#719=FACE_OUTER_BOUND('',#1077,.T.);
#720=FACE_OUTER_BOUND('',#1078,.T.);
#721=FACE_OUTER_BOUND('',#1079,.T.);
#722=FACE_OUTER_BOUND('',#1080,.T.);
#723=FACE_OUTER_BOUND('',#1081,.T.);
#724=FACE_OUTER_BOUND('',#1082,.T.);
#725=FACE_OUTER_BOUND('',#1083,.T.);
#726=FACE_OUTER_BOUND('',#1084,.T.);
#727=FACE_OUTER_BOUND('',#1085,.T.);
#728=FACE_OUTER_BOUND('',#1086,.T.);
#729=FACE_OUTER_BOUND('',#1087,.T.);
#730=FACE_OUTER_BOUND('',#1088,.T.);
#731=FACE_OUTER_BOUND('',#1089,.T.);
#732=FACE_OUTER_BOUND('',#1090,.T.);
#733=FACE_OUTER_BOUND('',#1091,.T.);
#734=FACE_OUTER_BOUND('',#1092,.T.);
#735=FACE_OUTER_BOUND('',#1093,.T.);
#736=FACE_OUTER_BOUND('',#1094,.T.);
#737=FACE_OUTER_BOUND('',#1095,.T.);
#738=FACE_OUTER_BOUND('',#1096,.T.);
#739=FACE_OUTER_BOUND('',#1097,.T.);
#740=FACE_OUTER_BOUND('',#1098,.T.);
#741=FACE_OUTER_BOUND('',#1099,.T.);
#742=FACE_OUTER_BOUND('',#1100,.T.);
#743=FACE_OUTER_BOUND('',#1101,.T.);
#744=FACE_OUTER_BOUND('',#1102,.T.);
#745=FACE_OUTER_BOUND('',#1103,.T.);
#746=FACE_OUTER_BOUND('',#1104,.T.);
#747=FACE_OUTER_BOUND('',#1105,.T.);
#748=FACE_OUTER_BOUND('',#1106,.T.);
#749=FACE_OUTER_BOUND('',#1107,.T.);
#750=FACE_OUTER_BOUND('',#1108,.T.);
#751=FACE_OUTER_BOUND('',#1109,.T.);
#752=FACE_OUTER_BOUND('',#1110,.T.);
#753=FACE_OUTER_BOUND('',#1111,.T.);
#754=FACE_OUTER_BOUND('',#1112,.T.);
#755=FACE_OUTER_BOUND('',#1113,.T.);
#756=FACE_OUTER_BOUND('',#1115,.T.);
#757=FACE_OUTER_BOUND('',#1116,.T.);
#758=FACE_OUTER_BOUND('',#1117,.T.);
#759=FACE_OUTER_BOUND('',#1118,.T.);
#760=FACE_OUTER_BOUND('',#1119,.T.);
#761=FACE_OUTER_BOUND('',#1120,.T.);
#762=FACE_OUTER_BOUND('',#1121,.T.);
#763=FACE_OUTER_BOUND('',#1122,.T.);
#764=FACE_OUTER_BOUND('',#1123,.T.);
#765=FACE_OUTER_BOUND('',#1124,.T.);
#766=FACE_OUTER_BOUND('',#1125,.T.);
#767=FACE_OUTER_BOUND('',#1126,.T.);
#768=FACE_OUTER_BOUND('',#1127,.T.);
#769=FACE_OUTER_BOUND('',#1128,.T.);
#770=FACE_OUTER_BOUND('',#1129,.T.);
#771=FACE_OUTER_BOUND('',#1130,.T.);
#772=FACE_OUTER_BOUND('',#1131,.T.);
#773=FACE_OUTER_BOUND('',#1132,.T.);
#774=FACE_OUTER_BOUND('',#1133,.T.);
#775=FACE_OUTER_BOUND('',#1134,.T.);
#776=FACE_OUTER_BOUND('',#1135,.T.);
#777=FACE_OUTER_BOUND('',#1136,.T.);
#778=FACE_OUTER_BOUND('',#1137,.T.);
#779=FACE_OUTER_BOUND('',#1138,.T.);
#780=FACE_OUTER_BOUND('',#1139,.T.);
#781=FACE_OUTER_BOUND('',#1140,.T.);
#782=FACE_OUTER_BOUND('',#1141,.T.);
#783=FACE_OUTER_BOUND('',#1142,.T.);
#784=FACE_OUTER_BOUND('',#1143,.T.);
#785=FACE_OUTER_BOUND('',#1144,.T.);
#786=FACE_OUTER_BOUND('',#1145,.T.);
#787=FACE_OUTER_BOUND('',#1146,.T.);
#788=FACE_OUTER_BOUND('',#1147,.T.);
#789=FACE_OUTER_BOUND('',#1148,.T.);
#790=FACE_OUTER_BOUND('',#1149,.T.);
#791=FACE_OUTER_BOUND('',#1150,.T.);
#792=FACE_OUTER_BOUND('',#1151,.T.);
#793=FACE_OUTER_BOUND('',#1152,.T.);
#794=FACE_OUTER_BOUND('',#1154,.T.);
#795=FACE_OUTER_BOUND('',#1155,.T.);
#796=FACE_OUTER_BOUND('',#1156,.T.);
#797=FACE_OUTER_BOUND('',#1157,.T.);
#798=FACE_OUTER_BOUND('',#1158,.T.);
#799=FACE_OUTER_BOUND('',#1159,.T.);
#800=FACE_OUTER_BOUND('',#1160,.T.);
#801=FACE_OUTER_BOUND('',#1161,.T.);
#802=FACE_OUTER_BOUND('',#1162,.T.);
#803=FACE_OUTER_BOUND('',#1163,.T.);
#804=FACE_OUTER_BOUND('',#1164,.T.);
#805=FACE_OUTER_BOUND('',#1165,.T.);
#806=FACE_OUTER_BOUND('',#1166,.T.);
#807=FACE_OUTER_BOUND('',#1167,.T.);
#808=FACE_OUTER_BOUND('',#1168,.T.);
#809=FACE_OUTER_BOUND('',#1169,.T.);
#810=FACE_OUTER_BOUND('',#1170,.T.);
#811=FACE_OUTER_BOUND('',#1171,.T.);
#812=FACE_OUTER_BOUND('',#1172,.T.);
#813=FACE_OUTER_BOUND('',#1173,.T.);
#814=FACE_OUTER_BOUND('',#1174,.T.);
#815=FACE_OUTER_BOUND('',#1175,.T.);
#816=FACE_OUTER_BOUND('',#1176,.T.);
#817=FACE_OUTER_BOUND('',#1177,.T.);
#818=FACE_OUTER_BOUND('',#1179,.T.);
#819=FACE_OUTER_BOUND('',#1180,.T.);
#820=FACE_OUTER_BOUND('',#1181,.T.);
#821=FACE_OUTER_BOUND('',#1182,.T.);
#822=FACE_OUTER_BOUND('',#1183,.T.);
#823=FACE_OUTER_BOUND('',#1184,.T.);
#824=FACE_OUTER_BOUND('',#1185,.T.);
#825=FACE_OUTER_BOUND('',#1186,.T.);
#826=FACE_OUTER_BOUND('',#1187,.T.);
#827=FACE_OUTER_BOUND('',#1188,.T.);
#828=FACE_OUTER_BOUND('',#1189,.T.);
#829=FACE_OUTER_BOUND('',#1190,.T.);
#830=FACE_OUTER_BOUND('',#1191,.T.);
#831=FACE_OUTER_BOUND('',#1192,.T.);
#832=FACE_OUTER_BOUND('',#1193,.T.);
#833=FACE_OUTER_BOUND('',#1194,.T.);
#834=FACE_OUTER_BOUND('',#1195,.T.);
#835=FACE_OUTER_BOUND('',#1196,.T.);
#836=FACE_OUTER_BOUND('',#1197,.T.);
#837=FACE_OUTER_BOUND('',#1198,.T.);
#838=FACE_OUTER_BOUND('',#1199,.T.);
#839=FACE_OUTER_BOUND('',#1201,.T.);
#840=FACE_OUTER_BOUND('',#1202,.T.);
#841=FACE_OUTER_BOUND('',#1203,.T.);
#842=FACE_OUTER_BOUND('',#1204,.T.);
#843=FACE_OUTER_BOUND('',#1205,.T.);
#844=FACE_OUTER_BOUND('',#1206,.T.);
#845=FACE_OUTER_BOUND('',#1207,.T.);
#846=FACE_OUTER_BOUND('',#1208,.T.);
#847=FACE_OUTER_BOUND('',#1209,.T.);
#848=FACE_OUTER_BOUND('',#1210,.T.);
#849=FACE_OUTER_BOUND('',#1211,.T.);
#850=FACE_OUTER_BOUND('',#1212,.T.);
#851=FACE_OUTER_BOUND('',#1213,.T.);
#852=FACE_OUTER_BOUND('',#1214,.T.);
#853=FACE_OUTER_BOUND('',#1215,.T.);
#854=FACE_OUTER_BOUND('',#1216,.T.);
#855=FACE_OUTER_BOUND('',#1217,.T.);
#856=FACE_OUTER_BOUND('',#1218,.T.);
#857=FACE_OUTER_BOUND('',#1219,.T.);
#858=FACE_OUTER_BOUND('',#1220,.T.);
#859=FACE_OUTER_BOUND('',#1221,.T.);
#860=FACE_OUTER_BOUND('',#1222,.T.);
#861=FACE_OUTER_BOUND('',#1223,.T.);
#862=FACE_OUTER_BOUND('',#1224,.T.);
#863=FACE_OUTER_BOUND('',#1225,.T.);
#864=FACE_OUTER_BOUND('',#1226,.T.);
#865=FACE_OUTER_BOUND('',#1227,.T.);
#866=FACE_OUTER_BOUND('',#1228,.T.);
#867=FACE_OUTER_BOUND('',#1229,.T.);
#868=FACE_OUTER_BOUND('',#1230,.T.);
#869=FACE_OUTER_BOUND('',#1231,.T.);
#870=FACE_OUTER_BOUND('',#1232,.T.);
#871=FACE_OUTER_BOUND('',#1233,.T.);
#872=FACE_OUTER_BOUND('',#1234,.T.);
#873=FACE_OUTER_BOUND('',#1235,.T.);
#874=FACE_OUTER_BOUND('',#1236,.T.);
#875=FACE_OUTER_BOUND('',#1237,.T.);
#876=FACE_OUTER_BOUND('',#1238,.T.);
#877=FACE_OUTER_BOUND('',#1239,.T.);
#878=FACE_OUTER_BOUND('',#1240,.T.);
#879=FACE_OUTER_BOUND('',#1242,.T.);
#880=FACE_OUTER_BOUND('',#1243,.T.);
#881=FACE_OUTER_BOUND('',#1244,.T.);
#882=FACE_OUTER_BOUND('',#1245,.T.);
#883=FACE_OUTER_BOUND('',#1246,.T.);
#884=FACE_OUTER_BOUND('',#1247,.T.);
#885=FACE_OUTER_BOUND('',#1248,.T.);
#886=FACE_OUTER_BOUND('',#1249,.T.);
#887=FACE_OUTER_BOUND('',#1250,.T.);
#888=FACE_OUTER_BOUND('',#1251,.T.);
#889=FACE_OUTER_BOUND('',#1252,.T.);
#890=FACE_OUTER_BOUND('',#1253,.T.);
#891=FACE_OUTER_BOUND('',#1254,.T.);
#892=FACE_OUTER_BOUND('',#1255,.T.);
#893=FACE_OUTER_BOUND('',#1256,.T.);
#894=FACE_OUTER_BOUND('',#1257,.T.);
#895=FACE_OUTER_BOUND('',#1258,.T.);
#896=FACE_OUTER_BOUND('',#1259,.T.);
#897=FACE_OUTER_BOUND('',#1260,.T.);
#898=FACE_OUTER_BOUND('',#1261,.T.);
#899=FACE_OUTER_BOUND('',#1262,.T.);
#900=FACE_OUTER_BOUND('',#1263,.T.);
#901=FACE_OUTER_BOUND('',#1264,.T.);
#902=FACE_OUTER_BOUND('',#1266,.T.);
#903=FACE_OUTER_BOUND('',#1268,.T.);
#904=FACE_OUTER_BOUND('',#1269,.T.);
#905=FACE_OUTER_BOUND('',#1270,.T.);
#906=FACE_OUTER_BOUND('',#1271,.T.);
#907=FACE_OUTER_BOUND('',#1272,.T.);
#908=FACE_OUTER_BOUND('',#1273,.T.);
#909=FACE_OUTER_BOUND('',#1274,.T.);
#910=FACE_OUTER_BOUND('',#1275,.T.);
#911=FACE_OUTER_BOUND('',#1276,.T.);
#912=FACE_OUTER_BOUND('',#1277,.T.);
#913=FACE_OUTER_BOUND('',#1278,.T.);
#914=FACE_OUTER_BOUND('',#1279,.T.);
#915=FACE_OUTER_BOUND('',#1280,.T.);
#916=FACE_OUTER_BOUND('',#1281,.T.);
#917=FACE_OUTER_BOUND('',#1282,.T.);
#918=FACE_OUTER_BOUND('',#1283,.T.);
#919=FACE_OUTER_BOUND('',#1284,.T.);
#920=FACE_OUTER_BOUND('',#1285,.T.);
#921=FACE_OUTER_BOUND('',#1287,.T.);
#922=FACE_OUTER_BOUND('',#1288,.T.);
#923=FACE_OUTER_BOUND('',#1289,.T.);
#924=FACE_OUTER_BOUND('',#1290,.T.);
#925=FACE_OUTER_BOUND('',#1292,.T.);
#926=FACE_OUTER_BOUND('',#1293,.T.);
#927=FACE_OUTER_BOUND('',#1294,.T.);
#928=FACE_OUTER_BOUND('',#1296,.T.);
#929=FACE_OUTER_BOUND('',#1297,.T.);
#930=FACE_OUTER_BOUND('',#1298,.T.);
#931=FACE_OUTER_BOUND('',#1300,.T.);
#932=FACE_OUTER_BOUND('',#1301,.T.);
#933=FACE_OUTER_BOUND('',#1302,.T.);
#934=FACE_OUTER_BOUND('',#1303,.T.);
#935=FACE_OUTER_BOUND('',#1304,.T.);
#936=FACE_OUTER_BOUND('',#1305,.T.);
#937=FACE_OUTER_BOUND('',#1306,.T.);
#938=FACE_OUTER_BOUND('',#1307,.T.);
#939=FACE_OUTER_BOUND('',#1308,.T.);
#940=FACE_OUTER_BOUND('',#1309,.T.);
#941=FACE_OUTER_BOUND('',#1310,.T.);
#942=FACE_OUTER_BOUND('',#1311,.T.);
#943=FACE_OUTER_BOUND('',#1312,.T.);
#944=FACE_OUTER_BOUND('',#1313,.T.);
#945=FACE_OUTER_BOUND('',#1314,.T.);
#946=FACE_OUTER_BOUND('',#1315,.T.);
#947=FACE_OUTER_BOUND('',#1316,.T.);
#948=FACE_OUTER_BOUND('',#1317,.T.);
#949=FACE_OUTER_BOUND('',#1318,.T.);
#950=FACE_OUTER_BOUND('',#1319,.T.);
#951=FACE_OUTER_BOUND('',#1320,.T.);
#952=FACE_OUTER_BOUND('',#1332,.T.);
#953=FACE_OUTER_BOUND('',#1333,.T.);
#954=FACE_OUTER_BOUND('',#1337,.T.);
#955=FACE_OUTER_BOUND('',#1341,.T.);
#956=FACE_OUTER_BOUND('',#1345,.T.);
#957=FACE_OUTER_BOUND('',#1347,.T.);
#958=FACE_OUTER_BOUND('',#1348,.T.);
#959=FACE_OUTER_BOUND('',#1352,.T.);
#960=FACE_OUTER_BOUND('',#1353,.T.);
#961=FACE_OUTER_BOUND('',#1354,.T.);
#962=FACE_OUTER_BOUND('',#1355,.T.);
#963=FACE_OUTER_BOUND('',#1356,.T.);
#964=FACE_OUTER_BOUND('',#1357,.T.);
#965=FACE_OUTER_BOUND('',#1358,.T.);
#966=FACE_OUTER_BOUND('',#1360,.T.);
#967=FACE_OUTER_BOUND('',#1361,.T.);
#968=FACE_OUTER_BOUND('',#1362,.T.);
#969=FACE_OUTER_BOUND('',#1363,.T.);
#970=FACE_OUTER_BOUND('',#1364,.T.);
#971=FACE_OUTER_BOUND('',#1365,.T.);
#972=FACE_OUTER_BOUND('',#1366,.T.);
#973=FACE_OUTER_BOUND('',#1367,.T.);
#974=FACE_OUTER_BOUND('',#1369,.T.);
#975=FACE_OUTER_BOUND('',#1370,.T.);
#976=FACE_OUTER_BOUND('',#1371,.T.);
#977=FACE_OUTER_BOUND('',#1372,.T.);
#978=FACE_OUTER_BOUND('',#1373,.T.);
#979=FACE_OUTER_BOUND('',#1374,.T.);
#980=FACE_OUTER_BOUND('',#1375,.T.);
#981=FACE_OUTER_BOUND('',#1376,.T.);
#982=FACE_OUTER_BOUND('',#1378,.T.);
#983=FACE_OUTER_BOUND('',#1379,.T.);
#984=FACE_OUTER_BOUND('',#1380,.T.);
#985=FACE_OUTER_BOUND('',#1381,.T.);
#986=FACE_OUTER_BOUND('',#1382,.T.);
#987=FACE_OUTER_BOUND('',#1383,.T.);
#988=FACE_OUTER_BOUND('',#1384,.T.);
#989=FACE_OUTER_BOUND('',#1385,.T.);
#990=FACE_OUTER_BOUND('',#1387,.T.);
#991=EDGE_LOOP('',(#4095,#4096,#4097,#4098));
#992=EDGE_LOOP('',(#4099,#4100,#4101,#4102));
#993=EDGE_LOOP('',(#4103,#4104,#4105,#4106));
#994=EDGE_LOOP('',(#4107,#4108,#4109,#4110));
#995=EDGE_LOOP('',(#4111,#4112,#4113,#4114));
#996=EDGE_LOOP('',(#4115,#4116,#4117,#4118));
#997=EDGE_LOOP('',(#4119,#4120,#4121,#4122));
#998=EDGE_LOOP('',(#4123,#4124,#4125,#4126));
#999=EDGE_LOOP('',(#4127,#4128,#4129,#4130));
#1000=EDGE_LOOP('',(#4131,#4132,#4133,#4134));
#1001=EDGE_LOOP('',(#4135,#4136,#4137,#4138));
#1002=EDGE_LOOP('',(#4139,#4140,#4141,#4142));
#1003=EDGE_LOOP('',(#4143,#4144,#4145,#4146));
#1004=EDGE_LOOP('',(#4147,#4148,#4149,#4150));
#1005=EDGE_LOOP('',(#4151,#4152,#4153,#4154));
#1006=EDGE_LOOP('',(#4155,#4156,#4157,#4158,#4159,#4160,#4161,#4162,#4163,
#4164,#4165,#4166,#4167,#4168,#4169));
#1007=EDGE_LOOP('',(#4170,#4171,#4172,#4173));
#1008=EDGE_LOOP('',(#4174,#4175,#4176,#4177));
#1009=EDGE_LOOP('',(#4178,#4179,#4180,#4181));
#1010=EDGE_LOOP('',(#4182,#4183,#4184,#4185));
#1011=EDGE_LOOP('',(#4186,#4187,#4188,#4189));
#1012=EDGE_LOOP('',(#4190,#4191,#4192,#4193));
#1013=EDGE_LOOP('',(#4194,#4195,#4196,#4197));
#1014=EDGE_LOOP('',(#4198,#4199,#4200,#4201));
#1015=EDGE_LOOP('',(#4202,#4203,#4204,#4205));
#1016=EDGE_LOOP('',(#4206,#4207,#4208,#4209));
#1017=EDGE_LOOP('',(#4210,#4211,#4212,#4213));
#1018=EDGE_LOOP('',(#4214,#4215,#4216,#4217));
#1019=EDGE_LOOP('',(#4218,#4219,#4220,#4221));
#1020=EDGE_LOOP('',(#4222,#4223,#4224,#4225));
#1021=EDGE_LOOP('',(#4226,#4227,#4228,#4229));
#1022=EDGE_LOOP('',(#4230,#4231,#4232,#4233));
#1023=EDGE_LOOP('',(#4234,#4235,#4236,#4237));
#1024=EDGE_LOOP('',(#4238,#4239,#4240,#4241));
#1025=EDGE_LOOP('',(#4242,#4243,#4244,#4245));
#1026=EDGE_LOOP('',(#4246,#4247,#4248,#4249));
#1027=EDGE_LOOP('',(#4250,#4251,#4252,#4253));
#1028=EDGE_LOOP('',(#4254,#4255,#4256,#4257));
#1029=EDGE_LOOP('',(#4258,#4259,#4260,#4261));
#1030=EDGE_LOOP('',(#4262,#4263,#4264,#4265));
#1031=EDGE_LOOP('',(#4266,#4267,#4268,#4269));
#1032=EDGE_LOOP('',(#4270,#4271,#4272,#4273));
#1033=EDGE_LOOP('',(#4274,#4275,#4276,#4277));
#1034=EDGE_LOOP('',(#4278,#4279,#4280,#4281,#4282,#4283,#4284,#4285,#4286,
#4287,#4288,#4289,#4290,#4291,#4292,#4293,#4294,#4295,#4296));
#1035=EDGE_LOOP('',(#4297,#4298,#4299,#4300,#4301,#4302,#4303,#4304));
#1036=EDGE_LOOP('',(#4305,#4306,#4307,#4308));
#1037=EDGE_LOOP('',(#4309,#4310,#4311,#4312));
#1038=EDGE_LOOP('',(#4313,#4314,#4315,#4316));
#1039=EDGE_LOOP('',(#4317,#4318,#4319,#4320));
#1040=EDGE_LOOP('',(#4321,#4322,#4323,#4324));
#1041=EDGE_LOOP('',(#4325,#4326,#4327,#4328));
#1042=EDGE_LOOP('',(#4329,#4330,#4331,#4332));
#1043=EDGE_LOOP('',(#4333,#4334,#4335,#4336));
#1044=EDGE_LOOP('',(#4337,#4338,#4339,#4340));
#1045=EDGE_LOOP('',(#4341,#4342,#4343,#4344));
#1046=EDGE_LOOP('',(#4345,#4346,#4347,#4348));
#1047=EDGE_LOOP('',(#4349,#4350,#4351,#4352));
#1048=EDGE_LOOP('',(#4353,#4354,#4355,#4356));
#1049=EDGE_LOOP('',(#4357,#4358,#4359,#4360,#4361,#4362,#4363,#4364,#4365,
#4366,#4367,#4368,#4369));
#1050=EDGE_LOOP('',(#4370,#4371,#4372,#4373));
#1051=EDGE_LOOP('',(#4374,#4375,#4376,#4377));
#1052=EDGE_LOOP('',(#4378,#4379,#4380,#4381));
#1053=EDGE_LOOP('',(#4382,#4383,#4384,#4385));
#1054=EDGE_LOOP('',(#4386,#4387,#4388,#4389));
#1055=EDGE_LOOP('',(#4390,#4391,#4392,#4393));
#1056=EDGE_LOOP('',(#4394,#4395,#4396,#4397));
#1057=EDGE_LOOP('',(#4398,#4399,#4400,#4401));
#1058=EDGE_LOOP('',(#4402,#4403,#4404,#4405));
#1059=EDGE_LOOP('',(#4406,#4407,#4408,#4409));
#1060=EDGE_LOOP('',(#4410,#4411,#4412,#4413));
#1061=EDGE_LOOP('',(#4414,#4415,#4416,#4417));
#1062=EDGE_LOOP('',(#4418,#4419,#4420,#4421));
#1063=EDGE_LOOP('',(#4422,#4423,#4424,#4425));
#1064=EDGE_LOOP('',(#4426,#4427,#4428,#4429));
#1065=EDGE_LOOP('',(#4430,#4431,#4432,#4433));
#1066=EDGE_LOOP('',(#4434,#4435,#4436,#4437));
#1067=EDGE_LOOP('',(#4438,#4439,#4440,#4441));
#1068=EDGE_LOOP('',(#4442,#4443,#4444,#4445));
#1069=EDGE_LOOP('',(#4446,#4447,#4448,#4449));
#1070=EDGE_LOOP('',(#4450,#4451,#4452,#4453,#4454,#4455,#4456,#4457,#4458,
#4459,#4460,#4461,#4462,#4463,#4464));
#1071=EDGE_LOOP('',(#4465,#4466,#4467,#4468,#4469));
#1072=EDGE_LOOP('',(#4470,#4471,#4472,#4473));
#1073=EDGE_LOOP('',(#4474,#4475,#4476,#4477));
#1074=EDGE_LOOP('',(#4478,#4479,#4480,#4481));
#1075=EDGE_LOOP('',(#4482,#4483,#4484,#4485));
#1076=EDGE_LOOP('',(#4486,#4487,#4488,#4489));
#1077=EDGE_LOOP('',(#4490,#4491,#4492,#4493));
#1078=EDGE_LOOP('',(#4494,#4495,#4496,#4497));
#1079=EDGE_LOOP('',(#4498,#4499,#4500,#4501));
#1080=EDGE_LOOP('',(#4502,#4503,#4504,#4505));
#1081=EDGE_LOOP('',(#4506,#4507,#4508,#4509));
#1082=EDGE_LOOP('',(#4510,#4511,#4512,#4513));
#1083=EDGE_LOOP('',(#4514,#4515,#4516,#4517));
#1084=EDGE_LOOP('',(#4518,#4519,#4520,#4521));
#1085=EDGE_LOOP('',(#4522,#4523,#4524,#4525));
#1086=EDGE_LOOP('',(#4526,#4527,#4528,#4529));
#1087=EDGE_LOOP('',(#4530,#4531,#4532,#4533));
#1088=EDGE_LOOP('',(#4534,#4535,#4536,#4537));
#1089=EDGE_LOOP('',(#4538,#4539,#4540,#4541));
#1090=EDGE_LOOP('',(#4542,#4543,#4544,#4545));
#1091=EDGE_LOOP('',(#4546,#4547,#4548,#4549));
#1092=EDGE_LOOP('',(#4550,#4551,#4552,#4553,#4554,#4555,#4556,#4557,#4558,
#4559,#4560,#4561,#4562,#4563,#4564,#4565,#4566,#4567,#4568,#4569));
#1093=EDGE_LOOP('',(#4570,#4571,#4572,#4573));
#1094=EDGE_LOOP('',(#4574,#4575,#4576,#4577));
#1095=EDGE_LOOP('',(#4578,#4579,#4580,#4581));
#1096=EDGE_LOOP('',(#4582,#4583,#4584,#4585));
#1097=EDGE_LOOP('',(#4586,#4587,#4588,#4589));
#1098=EDGE_LOOP('',(#4590,#4591,#4592,#4593));
#1099=EDGE_LOOP('',(#4594,#4595,#4596,#4597));
#1100=EDGE_LOOP('',(#4598,#4599,#4600,#4601));
#1101=EDGE_LOOP('',(#4602,#4603,#4604,#4605));
#1102=EDGE_LOOP('',(#4606,#4607,#4608,#4609));
#1103=EDGE_LOOP('',(#4610,#4611,#4612,#4613));
#1104=EDGE_LOOP('',(#4614,#4615,#4616,#4617));
#1105=EDGE_LOOP('',(#4618,#4619,#4620,#4621));
#1106=EDGE_LOOP('',(#4622,#4623,#4624,#4625));
#1107=EDGE_LOOP('',(#4626,#4627,#4628,#4629));
#1108=EDGE_LOOP('',(#4630,#4631,#4632,#4633));
#1109=EDGE_LOOP('',(#4634,#4635,#4636,#4637));
#1110=EDGE_LOOP('',(#4638,#4639,#4640,#4641));
#1111=EDGE_LOOP('',(#4642,#4643,#4644,#4645));
#1112=EDGE_LOOP('',(#4646,#4647,#4648,#4649));
#1113=EDGE_LOOP('',(#4650,#4651,#4652,#4653,#4654,#4655,#4656,#4657,#4658,
#4659,#4660,#4661,#4662,#4663,#4664));
#1114=EDGE_LOOP('',(#4665,#4666,#4667,#4668,#4669));
#1115=EDGE_LOOP('',(#4670,#4671,#4672,#4673));
#1116=EDGE_LOOP('',(#4674,#4675,#4676,#4677));
#1117=EDGE_LOOP('',(#4678,#4679,#4680,#4681));
#1118=EDGE_LOOP('',(#4682,#4683,#4684,#4685));
#1119=EDGE_LOOP('',(#4686,#4687,#4688,#4689));
#1120=EDGE_LOOP('',(#4690,#4691,#4692,#4693));
#1121=EDGE_LOOP('',(#4694,#4695,#4696,#4697));
#1122=EDGE_LOOP('',(#4698,#4699,#4700,#4701));
#1123=EDGE_LOOP('',(#4702,#4703,#4704,#4705));
#1124=EDGE_LOOP('',(#4706,#4707,#4708,#4709));
#1125=EDGE_LOOP('',(#4710,#4711,#4712,#4713));
#1126=EDGE_LOOP('',(#4714,#4715,#4716,#4717));
#1127=EDGE_LOOP('',(#4718,#4719,#4720,#4721));
#1128=EDGE_LOOP('',(#4722,#4723,#4724,#4725));
#1129=EDGE_LOOP('',(#4726,#4727,#4728,#4729));
#1130=EDGE_LOOP('',(#4730,#4731,#4732,#4733));
#1131=EDGE_LOOP('',(#4734,#4735,#4736,#4737));
#1132=EDGE_LOOP('',(#4738,#4739,#4740,#4741));
#1133=EDGE_LOOP('',(#4742,#4743,#4744,#4745));
#1134=EDGE_LOOP('',(#4746,#4747,#4748,#4749));
#1135=EDGE_LOOP('',(#4750,#4751,#4752,#4753));
#1136=EDGE_LOOP('',(#4754,#4755,#4756,#4757));
#1137=EDGE_LOOP('',(#4758,#4759,#4760,#4761));
#1138=EDGE_LOOP('',(#4762,#4763,#4764,#4765));
#1139=EDGE_LOOP('',(#4766,#4767,#4768,#4769));
#1140=EDGE_LOOP('',(#4770,#4771,#4772,#4773));
#1141=EDGE_LOOP('',(#4774,#4775,#4776,#4777));
#1142=EDGE_LOOP('',(#4778,#4779,#4780,#4781));
#1143=EDGE_LOOP('',(#4782,#4783,#4784,#4785));
#1144=EDGE_LOOP('',(#4786,#4787,#4788,#4789));
#1145=EDGE_LOOP('',(#4790,#4791,#4792,#4793));
#1146=EDGE_LOOP('',(#4794,#4795,#4796,#4797));
#1147=EDGE_LOOP('',(#4798,#4799,#4800,#4801));
#1148=EDGE_LOOP('',(#4802,#4803,#4804,#4805));
#1149=EDGE_LOOP('',(#4806,#4807,#4808,#4809));
#1150=EDGE_LOOP('',(#4810,#4811,#4812,#4813));
#1151=EDGE_LOOP('',(#4814,#4815,#4816,#4817));
#1152=EDGE_LOOP('',(#4818,#4819,#4820,#4821,#4822,#4823,#4824,#4825,#4826,
#4827,#4828,#4829,#4830,#4831,#4832,#4833,#4834,#4835,#4836,#4837,#4838,
#4839,#4840,#4841,#4842,#4843,#4844));
#1153=EDGE_LOOP('',(#4845,#4846,#4847,#4848,#4849,#4850,#4851,#4852,#4853,
#4854));
#1154=EDGE_LOOP('',(#4855,#4856,#4857,#4858));
#1155=EDGE_LOOP('',(#4859,#4860,#4861,#4862));
#1156=EDGE_LOOP('',(#4863,#4864,#4865,#4866));
#1157=EDGE_LOOP('',(#4867,#4868,#4869,#4870));
#1158=EDGE_LOOP('',(#4871,#4872,#4873,#4874));
#1159=EDGE_LOOP('',(#4875,#4876,#4877,#4878));
#1160=EDGE_LOOP('',(#4879,#4880,#4881,#4882));
#1161=EDGE_LOOP('',(#4883,#4884,#4885,#4886));
#1162=EDGE_LOOP('',(#4887,#4888,#4889,#4890));
#1163=EDGE_LOOP('',(#4891,#4892,#4893,#4894));
#1164=EDGE_LOOP('',(#4895,#4896,#4897,#4898));
#1165=EDGE_LOOP('',(#4899,#4900,#4901,#4902));
#1166=EDGE_LOOP('',(#4903,#4904,#4905,#4906));
#1167=EDGE_LOOP('',(#4907,#4908,#4909,#4910));
#1168=EDGE_LOOP('',(#4911,#4912,#4913,#4914));
#1169=EDGE_LOOP('',(#4915,#4916,#4917,#4918));
#1170=EDGE_LOOP('',(#4919,#4920,#4921,#4922));
#1171=EDGE_LOOP('',(#4923,#4924,#4925,#4926));
#1172=EDGE_LOOP('',(#4927,#4928,#4929,#4930));
#1173=EDGE_LOOP('',(#4931,#4932,#4933,#4934));
#1174=EDGE_LOOP('',(#4935,#4936,#4937,#4938));
#1175=EDGE_LOOP('',(#4939,#4940,#4941,#4942));
#1176=EDGE_LOOP('',(#4943,#4944,#4945,#4946));
#1177=EDGE_LOOP('',(#4947,#4948,#4949,#4950,#4951,#4952,#4953,#4954,#4955,
#4956,#4957,#4958,#4959,#4960,#4961));
#1178=EDGE_LOOP('',(#4962,#4963,#4964,#4965,#4966,#4967,#4968,#4969));
#1179=EDGE_LOOP('',(#4970,#4971,#4972,#4973));
#1180=EDGE_LOOP('',(#4974,#4975,#4976,#4977));
#1181=EDGE_LOOP('',(#4978,#4979,#4980,#4981));
#1182=EDGE_LOOP('',(#4982,#4983,#4984,#4985));
#1183=EDGE_LOOP('',(#4986,#4987,#4988,#4989));
#1184=EDGE_LOOP('',(#4990,#4991,#4992,#4993));
#1185=EDGE_LOOP('',(#4994,#4995,#4996,#4997));
#1186=EDGE_LOOP('',(#4998,#4999,#5000,#5001));
#1187=EDGE_LOOP('',(#5002,#5003,#5004,#5005));
#1188=EDGE_LOOP('',(#5006,#5007,#5008,#5009));
#1189=EDGE_LOOP('',(#5010,#5011,#5012,#5013));
#1190=EDGE_LOOP('',(#5014,#5015,#5016,#5017));
#1191=EDGE_LOOP('',(#5018,#5019,#5020,#5021));
#1192=EDGE_LOOP('',(#5022,#5023,#5024,#5025));
#1193=EDGE_LOOP('',(#5026,#5027,#5028,#5029));
#1194=EDGE_LOOP('',(#5030,#5031,#5032,#5033));
#1195=EDGE_LOOP('',(#5034,#5035,#5036,#5037));
#1196=EDGE_LOOP('',(#5038,#5039,#5040,#5041));
#1197=EDGE_LOOP('',(#5042,#5043,#5044,#5045));
#1198=EDGE_LOOP('',(#5046,#5047,#5048,#5049));
#1199=EDGE_LOOP('',(#5050,#5051,#5052,#5053,#5054,#5055,#5056,#5057,#5058,
#5059,#5060,#5061,#5062,#5063,#5064));
#1200=EDGE_LOOP('',(#5065,#5066,#5067,#5068,#5069));
#1201=EDGE_LOOP('',(#5070,#5071,#5072,#5073));
#1202=EDGE_LOOP('',(#5074,#5075,#5076,#5077));
#1203=EDGE_LOOP('',(#5078,#5079,#5080,#5081));
#1204=EDGE_LOOP('',(#5082,#5083,#5084,#5085));
#1205=EDGE_LOOP('',(#5086,#5087,#5088,#5089));
#1206=EDGE_LOOP('',(#5090,#5091,#5092,#5093));
#1207=EDGE_LOOP('',(#5094,#5095,#5096,#5097));
#1208=EDGE_LOOP('',(#5098,#5099,#5100,#5101));
#1209=EDGE_LOOP('',(#5102,#5103,#5104,#5105));
#1210=EDGE_LOOP('',(#5106,#5107,#5108,#5109));
#1211=EDGE_LOOP('',(#5110,#5111,#5112,#5113));
#1212=EDGE_LOOP('',(#5114,#5115,#5116,#5117));
#1213=EDGE_LOOP('',(#5118,#5119,#5120,#5121));
#1214=EDGE_LOOP('',(#5122,#5123,#5124,#5125));
#1215=EDGE_LOOP('',(#5126,#5127,#5128,#5129));
#1216=EDGE_LOOP('',(#5130,#5131,#5132,#5133));
#1217=EDGE_LOOP('',(#5134,#5135,#5136,#5137,#5138,#5139,#5140,#5141,#5142,
#5143,#5144,#5145,#5146,#5147,#5148,#5149));
#1218=EDGE_LOOP('',(#5150,#5151,#5152,#5153));
#1219=EDGE_LOOP('',(#5154,#5155,#5156,#5157));
#1220=EDGE_LOOP('',(#5158,#5159,#5160,#5161));
#1221=EDGE_LOOP('',(#5162,#5163,#5164,#5165));
#1222=EDGE_LOOP('',(#5166,#5167,#5168,#5169));
#1223=EDGE_LOOP('',(#5170,#5171,#5172,#5173));
#1224=EDGE_LOOP('',(#5174,#5175,#5176,#5177));
#1225=EDGE_LOOP('',(#5178,#5179,#5180,#5181));
#1226=EDGE_LOOP('',(#5182,#5183,#5184,#5185));
#1227=EDGE_LOOP('',(#5186,#5187,#5188,#5189));
#1228=EDGE_LOOP('',(#5190,#5191,#5192,#5193));
#1229=EDGE_LOOP('',(#5194,#5195,#5196,#5197));
#1230=EDGE_LOOP('',(#5198,#5199,#5200,#5201));
#1231=EDGE_LOOP('',(#5202,#5203,#5204,#5205));
#1232=EDGE_LOOP('',(#5206,#5207,#5208,#5209));
#1233=EDGE_LOOP('',(#5210,#5211,#5212,#5213));
#1234=EDGE_LOOP('',(#5214,#5215,#5216,#5217));
#1235=EDGE_LOOP('',(#5218,#5219,#5220,#5221));
#1236=EDGE_LOOP('',(#5222,#5223,#5224,#5225));
#1237=EDGE_LOOP('',(#5226,#5227,#5228,#5229));
#1238=EDGE_LOOP('',(#5230,#5231,#5232,#5233));
#1239=EDGE_LOOP('',(#5234,#5235,#5236,#5237));
#1240=EDGE_LOOP('',(#5238,#5239,#5240,#5241,#5242,#5243,#5244,#5245,#5246,
#5247,#5248,#5249));
#1241=EDGE_LOOP('',(#5250,#5251,#5252,#5253,#5254,#5255,#5256,#5257,#5258,
#5259));
#1242=EDGE_LOOP('',(#5260,#5261,#5262,#5263,#5264,#5265,#5266,#5267,#5268,
#5269));
#1243=EDGE_LOOP('',(#5270,#5271,#5272,#5273,#5274));
#1244=EDGE_LOOP('',(#5275,#5276,#5277,#5278,#5279,#5280,#5281,#5282));
#1245=EDGE_LOOP('',(#5283,#5284,#5285,#5286,#5287,#5288,#5289,#5290,#5291,
#5292));
#1246=EDGE_LOOP('',(#5293,#5294,#5295,#5296,#5297));
#1247=EDGE_LOOP('',(#5298,#5299,#5300,#5301,#5302));
#1248=EDGE_LOOP('',(#5303,#5304,#5305,#5306,#5307,#5308,#5309,#5310));
#1249=EDGE_LOOP('',(#5311,#5312,#5313,#5314));
#1250=EDGE_LOOP('',(#5315,#5316,#5317,#5318));
#1251=EDGE_LOOP('',(#5319,#5320,#5321,#5322));
#1252=EDGE_LOOP('',(#5323,#5324,#5325,#5326));
#1253=EDGE_LOOP('',(#5327,#5328,#5329,#5330));
#1254=EDGE_LOOP('',(#5331,#5332,#5333,#5334));
#1255=EDGE_LOOP('',(#5335,#5336,#5337,#5338,#5339));
#1256=EDGE_LOOP('',(#5340,#5341,#5342,#5343,#5344));
#1257=EDGE_LOOP('',(#5345,#5346,#5347,#5348));
#1258=EDGE_LOOP('',(#5349,#5350,#5351,#5352));
#1259=EDGE_LOOP('',(#5353,#5354,#5355,#5356,#5357,#5358,#5359));
#1260=EDGE_LOOP('',(#5360,#5361,#5362,#5363,#5364,#5365,#5366));
#1261=EDGE_LOOP('',(#5367,#5368,#5369,#5370,#5371,#5372,#5373,#5374,#5375,
#5376,#5377,#5378,#5379,#5380,#5381,#5382,#5383,#5384,#5385,#5386,#5387,
#5388));
#1262=EDGE_LOOP('',(#5389,#5390,#5391,#5392));
#1263=EDGE_LOOP('',(#5393,#5394,#5395,#5396));
#1264=EDGE_LOOP('',(#5397,#5398,#5399,#5400,#5401,#5402,#5403,#5404,#5405,
#5406));
#1265=EDGE_LOOP('',(#5407));
#1266=EDGE_LOOP('',(#5408,#5409,#5410,#5411,#5412,#5413,#5414,#5415,#5416,
#5417));
#1267=EDGE_LOOP('',(#5418));
#1268=EDGE_LOOP('',(#5419,#5420,#5421,#5422));
#1269=EDGE_LOOP('',(#5423,#5424,#5425,#5426));
#1270=EDGE_LOOP('',(#5427,#5428,#5429,#5430));
#1271=EDGE_LOOP('',(#5431,#5432,#5433,#5434));
#1272=EDGE_LOOP('',(#5435,#5436,#5437,#5438));
#1273=EDGE_LOOP('',(#5439,#5440,#5441,#5442));
#1274=EDGE_LOOP('',(#5443,#5444,#5445,#5446,#5447,#5448,#5449,#5450,#5451,
#5452,#5453,#5454,#5455));
#1275=EDGE_LOOP('',(#5456,#5457,#5458,#5459));
#1276=EDGE_LOOP('',(#5460));
#1277=EDGE_LOOP('',(#5461,#5462,#5463,#5464));
#1278=EDGE_LOOP('',(#5465));
#1279=EDGE_LOOP('',(#5466,#5467,#5468,#5469));
#1280=EDGE_LOOP('',(#5470));
#1281=EDGE_LOOP('',(#5471,#5472,#5473,#5474));
#1282=EDGE_LOOP('',(#5475));
#1283=EDGE_LOOP('',(#5476,#5477,#5478,#5479));
#1284=EDGE_LOOP('',(#5480,#5481,#5482,#5483));
#1285=EDGE_LOOP('',(#5484,#5485,#5486,#5487));
#1286=EDGE_LOOP('',(#5488));
#1287=EDGE_LOOP('',(#5489,#5490,#5491,#5492,#5493,#5494,#5495,#5496,#5497,
#5498,#5499,#5500,#5501));
#1288=EDGE_LOOP('',(#5502,#5503,#5504,#5505));
#1289=EDGE_LOOP('',(#5506,#5507,#5508,#5509));
#1290=EDGE_LOOP('',(#5510,#5511,#5512,#5513));
#1291=EDGE_LOOP('',(#5514));
#1292=EDGE_LOOP('',(#5515,#5516,#5517,#5518));
#1293=EDGE_LOOP('',(#5519,#5520,#5521,#5522));
#1294=EDGE_LOOP('',(#5523,#5524,#5525,#5526));
#1295=EDGE_LOOP('',(#5527));
#1296=EDGE_LOOP('',(#5528,#5529,#5530,#5531));
#1297=EDGE_LOOP('',(#5532,#5533,#5534,#5535));
#1298=EDGE_LOOP('',(#5536,#5537,#5538,#5539));
#1299=EDGE_LOOP('',(#5540));
#1300=EDGE_LOOP('',(#5541,#5542,#5543));
#1301=EDGE_LOOP('',(#5544,#5545,#5546));
#1302=EDGE_LOOP('',(#5547,#5548,#5549,#5550));
#1303=EDGE_LOOP('',(#5551,#5552,#5553));
#1304=EDGE_LOOP('',(#5554,#5555,#5556,#5557));
#1305=EDGE_LOOP('',(#5558,#5559,#5560));
#1306=EDGE_LOOP('',(#5561,#5562,#5563,#5564));
#1307=EDGE_LOOP('',(#5565,#5566,#5567));
#1308=EDGE_LOOP('',(#5568,#5569,#5570,#5571));
#1309=EDGE_LOOP('',(#5572,#5573,#5574,#5575));
#1310=EDGE_LOOP('',(#5576,#5577,#5578));
#1311=EDGE_LOOP('',(#5579,#5580,#5581,#5582));
#1312=EDGE_LOOP('',(#5583,#5584,#5585));
#1313=EDGE_LOOP('',(#5586,#5587,#5588,#5589));
#1314=EDGE_LOOP('',(#5590,#5591,#5592,#5593));
#1315=EDGE_LOOP('',(#5594,#5595,#5596));
#1316=EDGE_LOOP('',(#5597,#5598,#5599,#5600));
#1317=EDGE_LOOP('',(#5601,#5602,#5603,#5604));
#1318=EDGE_LOOP('',(#5605,#5606,#5607,#5608));
#1319=EDGE_LOOP('',(#5609,#5610,#5611,#5612));
#1320=EDGE_LOOP('',(#5613,#5614,#5615,#5616));
#1321=EDGE_LOOP('',(#5617,#5618,#5619,#5620,#5621,#5622,#5623,#5624,#5625,
#5626,#5627,#5628));
#1322=EDGE_LOOP('',(#5629,#5630,#5631,#5632,#5633,#5634,#5635,#5636,#5637,
#5638,#5639,#5640,#5641,#5642,#5643,#5644));
#1323=EDGE_LOOP('',(#5645,#5646,#5647,#5648,#5649,#5650,#5651,#5652,#5653,
#5654,#5655,#5656,#5657,#5658,#5659));
#1324=EDGE_LOOP('',(#5660,#5661,#5662,#5663,#5664,#5665,#5666,#5667,#5668,
#5669,#5670,#5671,#5672,#5673,#5674));
#1325=EDGE_LOOP('',(#5675,#5676,#5677,#5678,#5679,#5680,#5681,#5682,#5683,
#5684,#5685,#5686,#5687,#5688,#5689,#5690,#5691,#5692,#5693,#5694,#5695,
#5696,#5697,#5698,#5699,#5700,#5701));
#1326=EDGE_LOOP('',(#5702,#5703,#5704,#5705,#5706,#5707,#5708,#5709,#5710,
#5711,#5712,#5713,#5714,#5715,#5716));
#1327=EDGE_LOOP('',(#5717,#5718,#5719,#5720,#5721,#5722,#5723,#5724,#5725,
#5726,#5727,#5728,#5729,#5730,#5731,#5732,#5733,#5734,#5735,#5736));
#1328=EDGE_LOOP('',(#5737,#5738,#5739,#5740,#5741,#5742,#5743,#5744,#5745,
#5746,#5747,#5748,#5749,#5750,#5751));
#1329=EDGE_LOOP('',(#5752,#5753,#5754,#5755,#5756,#5757,#5758,#5759,#5760,
#5761,#5762,#5763,#5764));
#1330=EDGE_LOOP('',(#5765,#5766,#5767,#5768,#5769,#5770,#5771,#5772,#5773,
#5774,#5775,#5776,#5777,#5778,#5779,#5780,#5781,#5782,#5783));
#1331=EDGE_LOOP('',(#5784,#5785,#5786,#5787,#5788,#5789,#5790,#5791,#5792,
#5793,#5794,#5795,#5796,#5797,#5798));
#1332=EDGE_LOOP('',(#5799,#5800,#5801,#5802));
#1333=EDGE_LOOP('',(#5803,#5804,#5805,#5806));
#1334=EDGE_LOOP('',(#5807));
#1335=EDGE_LOOP('',(#5808));
#1336=EDGE_LOOP('',(#5809));
#1337=EDGE_LOOP('',(#5810,#5811,#5812,#5813));
#1338=EDGE_LOOP('',(#5814));
#1339=EDGE_LOOP('',(#5815));
#1340=EDGE_LOOP('',(#5816));
#1341=EDGE_LOOP('',(#5817,#5818,#5819,#5820));
#1342=EDGE_LOOP('',(#5821));
#1343=EDGE_LOOP('',(#5822));
#1344=EDGE_LOOP('',(#5823,#5824,#5825,#5826));
#1345=EDGE_LOOP('',(#5827,#5828,#5829,#5830));
#1346=EDGE_LOOP('',(#5831,#5832,#5833,#5834));
#1347=EDGE_LOOP('',(#5835,#5836,#5837,#5838,#5839,#5840,#5841,#5842));
#1348=EDGE_LOOP('',(#5843,#5844,#5845,#5846,#5847,#5848,#5849,#5850));
#1349=EDGE_LOOP('',(#5851));
#1350=EDGE_LOOP('',(#5852));
#1351=EDGE_LOOP('',(#5853,#5854,#5855,#5856));
#1352=EDGE_LOOP('',(#5857,#5858,#5859));
#1353=EDGE_LOOP('',(#5860,#5861,#5862,#5863));
#1354=EDGE_LOOP('',(#5864,#5865,#5866,#5867));
#1355=EDGE_LOOP('',(#5868,#5869,#5870,#5871));
#1356=EDGE_LOOP('',(#5872,#5873,#5874,#5875));
#1357=EDGE_LOOP('',(#5876,#5877,#5878,#5879));
#1358=EDGE_LOOP('',(#5880,#5881,#5882,#5883));
#1359=EDGE_LOOP('',(#5884));
#1360=EDGE_LOOP('',(#5885,#5886,#5887,#5888));
#1361=EDGE_LOOP('',(#5889,#5890,#5891));
#1362=EDGE_LOOP('',(#5892,#5893,#5894,#5895));
#1363=EDGE_LOOP('',(#5896,#5897,#5898,#5899));
#1364=EDGE_LOOP('',(#5900,#5901,#5902,#5903));
#1365=EDGE_LOOP('',(#5904,#5905,#5906,#5907));
#1366=EDGE_LOOP('',(#5908,#5909,#5910,#5911));
#1367=EDGE_LOOP('',(#5912,#5913,#5914,#5915));
#1368=EDGE_LOOP('',(#5916));
#1369=EDGE_LOOP('',(#5917,#5918,#5919,#5920));
#1370=EDGE_LOOP('',(#5921,#5922,#5923));
#1371=EDGE_LOOP('',(#5924,#5925,#5926,#5927));
#1372=EDGE_LOOP('',(#5928,#5929,#5930,#5931));
#1373=EDGE_LOOP('',(#5932,#5933,#5934,#5935));
#1374=EDGE_LOOP('',(#5936,#5937,#5938,#5939));
#1375=EDGE_LOOP('',(#5940,#5941,#5942,#5943));
#1376=EDGE_LOOP('',(#5944,#5945,#5946,#5947));
#1377=EDGE_LOOP('',(#5948));
#1378=EDGE_LOOP('',(#5949,#5950,#5951,#5952));
#1379=EDGE_LOOP('',(#5953,#5954,#5955));
#1380=EDGE_LOOP('',(#5956,#5957,#5958,#5959));
#1381=EDGE_LOOP('',(#5960,#5961,#5962,#5963));
#1382=EDGE_LOOP('',(#5964,#5965,#5966,#5967));
#1383=EDGE_LOOP('',(#5968,#5969,#5970,#5971));
#1384=EDGE_LOOP('',(#5972,#5973,#5974,#5975));
#1385=EDGE_LOOP('',(#5976,#5977,#5978,#5979));
#1386=EDGE_LOOP('',(#5980));
#1387=EDGE_LOOP('',(#5981,#5982,#5983,#5984));
#1388=LINE('',#7890,#1959);
#1389=LINE('',#7892,#1960);
#1390=LINE('',#7894,#1961);
#1391=LINE('',#7895,#1962);
#1392=LINE('',#7898,#1963);
#1393=LINE('',#7900,#1964);
#1394=LINE('',#7901,#1965);
#1395=LINE('',#7904,#1966);
#1396=LINE('',#7906,#1967);
#1397=LINE('',#7907,#1968);
#1398=LINE('',#7910,#1969);
#1399=LINE('',#7912,#1970);
#1400=LINE('',#7913,#1971);
#1401=LINE('',#7916,#1972);
#1402=LINE('',#7918,#1973);
#1403=LINE('',#7919,#1974);
#1404=LINE('',#7922,#1975);
#1405=LINE('',#7924,#1976);
#1406=LINE('',#7925,#1977);
#1407=LINE('',#7928,#1978);
#1408=LINE('',#7930,#1979);
#1409=LINE('',#7931,#1980);
#1410=LINE('',#7934,#1981);
#1411=LINE('',#7936,#1982);
#1412=LINE('',#7937,#1983);
#1413=LINE('',#7940,#1984);
#1414=LINE('',#7942,#1985);
#1415=LINE('',#7943,#1986);
#1416=LINE('',#7961,#1987);
#1417=LINE('',#7984,#1988);
#1418=LINE('',#7992,#1989);
#1419=LINE('',#7994,#1990);
#1420=LINE('',#7995,#1991);
#1421=LINE('',#7998,#1992);
#1422=LINE('',#8000,#1993);
#1423=LINE('',#8001,#1994);
#1424=LINE('',#8004,#1995);
#1425=LINE('',#8006,#1996);
#1426=LINE('',#8007,#1997);
#1427=LINE('',#8009,#1998);
#1428=LINE('',#8010,#1999);
#1429=LINE('',#8015,#2000);
#1430=LINE('',#8017,#2001);
#1431=LINE('',#8019,#2002);
#1432=LINE('',#8020,#2003);
#1433=LINE('',#8038,#2004);
#1434=LINE('',#8061,#2005);
#1435=LINE('',#8084,#2006);
#1436=LINE('',#8107,#2007);
#1437=LINE('',#8130,#2008);
#1438=LINE('',#8138,#2009);
#1439=LINE('',#8140,#2010);
#1440=LINE('',#8141,#2011);
#1441=LINE('',#8143,#2012);
#1442=LINE('',#8144,#2013);
#1443=LINE('',#8148,#2014);
#1444=LINE('',#8150,#2015);
#1445=LINE('',#8152,#2016);
#1446=LINE('',#8153,#2017);
#1447=LINE('',#8156,#2018);
#1448=LINE('',#8158,#2019);
#1449=LINE('',#8159,#2020);
#1450=LINE('',#8177,#2021);
#1451=LINE('',#8200,#2022);
#1452=LINE('',#8223,#2023);
#1453=LINE('',#8246,#2024);
#1454=LINE('',#8254,#2025);
#1455=LINE('',#8256,#2026);
#1456=LINE('',#8257,#2027);
#1457=LINE('',#8260,#2028);
#1458=LINE('',#8262,#2029);
#1459=LINE('',#8263,#2030);
#1460=LINE('',#8266,#2031);
#1461=LINE('',#8268,#2032);
#1462=LINE('',#8269,#2033);
#1463=LINE('',#8287,#2034);
#1464=LINE('',#8310,#2035);
#1465=LINE('',#8333,#2036);
#1466=LINE('',#8356,#2037);
#1467=LINE('',#8379,#2038);
#1468=LINE('',#8402,#2039);
#1469=LINE('',#8425,#2040);
#1470=LINE('',#8433,#2041);
#1471=LINE('',#8435,#2042);
#1472=LINE('',#8436,#2043);
#1473=LINE('',#8439,#2044);
#1474=LINE('',#8441,#2045);
#1475=LINE('',#8442,#2046);
#1476=LINE('',#8444,#2047);
#1477=LINE('',#8445,#2048);
#1478=LINE('',#8450,#2049);
#1479=LINE('',#8452,#2050);
#1480=LINE('',#8454,#2051);
#1481=LINE('',#8455,#2052);
#1482=LINE('',#8473,#2053);
#1483=LINE('',#8496,#2054);
#1484=LINE('',#8519,#2055);
#1485=LINE('',#8542,#2056);
#1486=LINE('',#8550,#2057);
#1487=LINE('',#8552,#2058);
#1488=LINE('',#8553,#2059);
#1489=LINE('',#8571,#2060);
#1490=LINE('',#8594,#2061);
#1491=LINE('',#8617,#2062);
#1492=LINE('',#8625,#2063);
#1493=LINE('',#8627,#2064);
#1494=LINE('',#8628,#2065);
#1495=LINE('',#8631,#2066);
#1496=LINE('',#8633,#2067);
#1497=LINE('',#8634,#2068);
#1498=LINE('',#8637,#2069);
#1499=LINE('',#8639,#2070);
#1500=LINE('',#8640,#2071);
#1501=LINE('',#8642,#2072);
#1502=LINE('',#8643,#2073);
#1503=LINE('',#8663,#2074);
#1504=LINE('',#8670,#2075);
#1505=LINE('',#8688,#2076);
#1506=LINE('',#8711,#2077);
#1507=LINE('',#8719,#2078);
#1508=LINE('',#8721,#2079);
#1509=LINE('',#8722,#2080);
#1510=LINE('',#8761,#2081);
#1511=LINE('',#8768,#2082);
#1512=LINE('',#8786,#2083);
#1513=LINE('',#8809,#2084);
#1514=LINE('',#8817,#2085);
#1515=LINE('',#8819,#2086);
#1516=LINE('',#8820,#2087);
#1517=LINE('',#8838,#2088);
#1518=LINE('',#8861,#2089);
#1519=LINE('',#8884,#2090);
#1520=LINE('',#8907,#2091);
#1521=LINE('',#8930,#2092);
#1522=LINE('',#8953,#2093);
#1523=LINE('',#8976,#2094);
#1524=LINE('',#8999,#2095);
#1525=LINE('',#9022,#2096);
#1526=LINE('',#9030,#2097);
#1527=LINE('',#9032,#2098);
#1528=LINE('',#9033,#2099);
#1529=LINE('',#9073,#2100);
#1530=LINE('',#9080,#2101);
#1531=LINE('',#9098,#2102);
#1532=LINE('',#9121,#2103);
#1533=LINE('',#9129,#2104);
#1534=LINE('',#9131,#2105);
#1535=LINE('',#9132,#2106);
#1536=LINE('',#9135,#2107);
#1537=LINE('',#9137,#2108);
#1538=LINE('',#9138,#2109);
#1539=LINE('',#9141,#2110);
#1540=LINE('',#9143,#2111);
#1541=LINE('',#9144,#2112);
#1542=LINE('',#9147,#2113);
#1543=LINE('',#9149,#2114);
#1544=LINE('',#9150,#2115);
#1545=LINE('',#9153,#2116);
#1546=LINE('',#9155,#2117);
#1547=LINE('',#9156,#2118);
#1548=LINE('',#9159,#2119);
#1549=LINE('',#9161,#2120);
#1550=LINE('',#9162,#2121);
#1551=LINE('',#9165,#2122);
#1552=LINE('',#9167,#2123);
#1553=LINE('',#9168,#2124);
#1554=LINE('',#9171,#2125);
#1555=LINE('',#9173,#2126);
#1556=LINE('',#9174,#2127);
#1557=LINE('',#9177,#2128);
#1558=LINE('',#9179,#2129);
#1559=LINE('',#9180,#2130);
#1560=LINE('',#9183,#2131);
#1561=LINE('',#9185,#2132);
#1562=LINE('',#9186,#2133);
#1563=LINE('',#9189,#2134);
#1564=LINE('',#9191,#2135);
#1565=LINE('',#9192,#2136);
#1566=LINE('',#9210,#2137);
#1567=LINE('',#9233,#2138);
#1568=LINE('',#9256,#2139);
#1569=LINE('',#9279,#2140);
#1570=LINE('',#9287,#2141);
#1571=LINE('',#9289,#2142);
#1572=LINE('',#9290,#2143);
#1573=LINE('',#9330,#2144);
#1574=LINE('',#9337,#2145);
#1575=LINE('',#9355,#2146);
#1576=LINE('',#9378,#2147);
#1577=LINE('',#9386,#2148);
#1578=LINE('',#9388,#2149);
#1579=LINE('',#9389,#2150);
#1580=LINE('',#9428,#2151);
#1581=LINE('',#9435,#2152);
#1582=LINE('',#9453,#2153);
#1583=LINE('',#9476,#2154);
#1584=LINE('',#9484,#2155);
#1585=LINE('',#9486,#2156);
#1586=LINE('',#9487,#2157);
#1587=LINE('',#9505,#2158);
#1588=LINE('',#9528,#2159);
#1589=LINE('',#9551,#2160);
#1590=LINE('',#9574,#2161);
#1591=LINE('',#9597,#2162);
#1592=LINE('',#9620,#2163);
#1593=LINE('',#9643,#2164);
#1594=LINE('',#9666,#2165);
#1595=LINE('',#9689,#2166);
#1596=LINE('',#9697,#2167);
#1597=LINE('',#9699,#2168);
#1598=LINE('',#9700,#2169);
#1599=LINE('',#9740,#2170);
#1600=LINE('',#9747,#2171);
#1601=LINE('',#9765,#2172);
#1602=LINE('',#9788,#2173);
#1603=LINE('',#9811,#2174);
#1604=LINE('',#9834,#2175);
#1605=LINE('',#9857,#2176);
#1606=LINE('',#9880,#2177);
#1607=LINE('',#9903,#2178);
#1608=LINE('',#9926,#2179);
#1609=LINE('',#9933,#2180);
#1610=LINE('',#9934,#2181);
#1611=LINE('',#9938,#2182);
#1612=LINE('',#9940,#2183);
#1613=LINE('',#9942,#2184);
#1614=LINE('',#9943,#2185);
#1615=LINE('',#9961,#2186);
#1616=LINE('',#9984,#2187);
#1617=LINE('',#9992,#2188);
#1618=LINE('',#9994,#2189);
#1619=LINE('',#9995,#2190);
#1620=LINE('',#10013,#2191);
#1621=LINE('',#10036,#2192);
#1622=LINE('',#10059,#2193);
#1623=LINE('',#10082,#2194);
#1624=LINE('',#10105,#2195);
#1625=LINE('',#10128,#2196);
#1626=LINE('',#10151,#2197);
#1627=LINE('',#10159,#2198);
#1628=LINE('',#10161,#2199);
#1629=LINE('',#10162,#2200);
#1630=LINE('',#10180,#2201);
#1631=LINE('',#10203,#2202);
#1632=LINE('',#10226,#2203);
#1633=LINE('',#10249,#2204);
#1634=LINE('',#10272,#2205);
#1635=LINE('',#10295,#2206);
#1636=LINE('',#10318,#2207);
#1637=LINE('',#10341,#2208);
#1638=LINE('',#10364,#2209);
#1639=LINE('',#10387,#2210);
#1640=LINE('',#10410,#2211);
#1641=LINE('',#10433,#2212);
#1642=LINE('',#10456,#2213);
#1643=LINE('',#10479,#2214);
#1644=LINE('',#10524,#2215);
#1645=LINE('',#10531,#2216);
#1646=LINE('',#10549,#2217);
#1647=LINE('',#10572,#2218);
#1648=LINE('',#10595,#2219);
#1649=LINE('',#10618,#2220);
#1650=LINE('',#10641,#2221);
#1651=LINE('',#10664,#2222);
#1652=LINE('',#10693,#2223);
#1653=LINE('',#10695,#2224);
#1654=LINE('',#10697,#2225);
#1655=LINE('',#10698,#2226);
#1656=LINE('',#10716,#2227);
#1657=LINE('',#10739,#2228);
#1658=LINE('',#10762,#2229);
#1659=LINE('',#10785,#2230);
#1660=LINE('',#10808,#2231);
#1661=LINE('',#10831,#2232);
#1662=LINE('',#10854,#2233);
#1663=LINE('',#10877,#2234);
#1664=LINE('',#10900,#2235);
#1665=LINE('',#10923,#2236);
#1666=LINE('',#10931,#2237);
#1667=LINE('',#10933,#2238);
#1668=LINE('',#10934,#2239);
#1669=LINE('',#10937,#2240);
#1670=LINE('',#10939,#2241);
#1671=LINE('',#10940,#2242);
#1672=LINE('',#10943,#2243);
#1673=LINE('',#10945,#2244);
#1674=LINE('',#10946,#2245);
#1675=LINE('',#10948,#2246);
#1676=LINE('',#10949,#2247);
#1677=LINE('',#10969,#2248);
#1678=LINE('',#10976,#2249);
#1679=LINE('',#10994,#2250);
#1680=LINE('',#11017,#2251);
#1681=LINE('',#11025,#2252);
#1682=LINE('',#11027,#2253);
#1683=LINE('',#11028,#2254);
#1684=LINE('',#11067,#2255);
#1685=LINE('',#11074,#2256);
#1686=LINE('',#11092,#2257);
#1687=LINE('',#11115,#2258);
#1688=LINE('',#11123,#2259);
#1689=LINE('',#11125,#2260);
#1690=LINE('',#11126,#2261);
#1691=LINE('',#11144,#2262);
#1692=LINE('',#11167,#2263);
#1693=LINE('',#11190,#2264);
#1694=LINE('',#11213,#2265);
#1695=LINE('',#11236,#2266);
#1696=LINE('',#11259,#2267);
#1697=LINE('',#11282,#2268);
#1698=LINE('',#11305,#2269);
#1699=LINE('',#11328,#2270);
#1700=LINE('',#11336,#2271);
#1701=LINE('',#11338,#2272);
#1702=LINE('',#11339,#2273);
#1703=LINE('',#11364,#2274);
#1704=LINE('',#11366,#2275);
#1705=LINE('',#11368,#2276);
#1706=LINE('',#11369,#2277);
#1707=LINE('',#11387,#2278);
#1708=LINE('',#11410,#2279);
#1709=LINE('',#11418,#2280);
#1710=LINE('',#11420,#2281);
#1711=LINE('',#11421,#2282);
#1712=LINE('',#11424,#2283);
#1713=LINE('',#11426,#2284);
#1714=LINE('',#11427,#2285);
#1715=LINE('',#11430,#2286);
#1716=LINE('',#11432,#2287);
#1717=LINE('',#11433,#2288);
#1718=LINE('',#11436,#2289);
#1719=LINE('',#11438,#2290);
#1720=LINE('',#11439,#2291);
#1721=LINE('',#11442,#2292);
#1722=LINE('',#11444,#2293);
#1723=LINE('',#11445,#2294);
#1724=LINE('',#11448,#2295);
#1725=LINE('',#11450,#2296);
#1726=LINE('',#11451,#2297);
#1727=LINE('',#11469,#2298);
#1728=LINE('',#11492,#2299);
#1729=LINE('',#11500,#2300);
#1730=LINE('',#11502,#2301);
#1731=LINE('',#11503,#2302);
#1732=LINE('',#11506,#2303);
#1733=LINE('',#11508,#2304);
#1734=LINE('',#11509,#2305);
#1735=LINE('',#11512,#2306);
#1736=LINE('',#11514,#2307);
#1737=LINE('',#11515,#2308);
#1738=LINE('',#11518,#2309);
#1739=LINE('',#11520,#2310);
#1740=LINE('',#11521,#2311);
#1741=LINE('',#11523,#2312);
#1742=LINE('',#11524,#2313);
#1743=LINE('',#11529,#2314);
#1744=LINE('',#11531,#2315);
#1745=LINE('',#11533,#2316);
#1746=LINE('',#11534,#2317);
#1747=LINE('',#11552,#2318);
#1748=LINE('',#11575,#2319);
#1749=LINE('',#11598,#2320);
#1750=LINE('',#11621,#2321);
#1751=LINE('',#11644,#2322);
#1752=LINE('',#11667,#2323);
#1753=LINE('',#11690,#2324);
#1754=LINE('',#11698,#2325);
#1755=LINE('',#11700,#2326);
#1756=LINE('',#11701,#2327);
#1757=LINE('',#11703,#2328);
#1758=LINE('',#11704,#2329);
#1759=LINE('',#11723,#2330);
#1760=LINE('',#11730,#2331);
#1761=LINE('',#11748,#2332);
#1762=LINE('',#11771,#2333);
#1763=LINE('',#11794,#2334);
#1764=LINE('',#11817,#2335);
#1765=LINE('',#11840,#2336);
#1766=LINE('',#11863,#2337);
#1767=LINE('',#11886,#2338);
#1768=LINE('',#11909,#2339);
#1769=LINE('',#11917,#2340);
#1770=LINE('',#11919,#2341);
#1771=LINE('',#11920,#2342);
#1772=LINE('',#11923,#2343);
#1773=LINE('',#11925,#2344);
#1774=LINE('',#11926,#2345);
#1775=LINE('',#11928,#2346);
#1776=LINE('',#11929,#2347);
#1777=LINE('',#11942,#2348);
#1778=LINE('',#11948,#2349);
#1779=LINE('',#11953,#2350);
#1780=LINE('',#11955,#2351);
#1781=LINE('',#11957,#2352);
#1782=LINE('',#11958,#2353);
#1783=LINE('',#11964,#2354);
#1784=LINE('',#11967,#2355);
#1785=LINE('',#11969,#2356);
#1786=LINE('',#11970,#2357);
#1787=LINE('',#11978,#2358);
#1788=LINE('',#11988,#2359);
#1789=LINE('',#11994,#2360);
#1790=LINE('',#12000,#2361);
#1791=LINE('',#12006,#2362);
#1792=LINE('',#12010,#2363);
#1793=LINE('',#12011,#2364);
#1794=LINE('',#12016,#2365);
#1795=LINE('',#12020,#2366);
#1796=LINE('',#12023,#2367);
#1797=LINE('',#12026,#2368);
#1798=LINE('',#12028,#2369);
#1799=LINE('',#12030,#2370);
#1800=LINE('',#12032,#2371);
#1801=LINE('',#12034,#2372);
#1802=LINE('',#12036,#2373);
#1803=LINE('',#12038,#2374);
#1804=LINE('',#12040,#2375);
#1805=LINE('',#12042,#2376);
#1806=LINE('',#12044,#2377);
#1807=LINE('',#12045,#2378);
#1808=LINE('',#12047,#2379);
#1809=LINE('',#12049,#2380);
#1810=LINE('',#12051,#2381);
#1811=LINE('',#12053,#2382);
#1812=LINE('',#12055,#2383);
#1813=LINE('',#12057,#2384);
#1814=LINE('',#12059,#2385);
#1815=LINE('',#12061,#2386);
#1816=LINE('',#12063,#2387);
#1817=LINE('',#12065,#2388);
#1818=LINE('',#12066,#2389);
#1819=LINE('',#12069,#2390);
#1820=LINE('',#12071,#2391);
#1821=LINE('',#12072,#2392);
#1822=LINE('',#12075,#2393);
#1823=LINE('',#12077,#2394);
#1824=LINE('',#12078,#2395);
#1825=LINE('',#12081,#2396);
#1826=LINE('',#12082,#2397);
#1827=LINE('',#12083,#2398);
#1828=LINE('',#12086,#2399);
#1829=LINE('',#12087,#2400);
#1830=LINE('',#12088,#2401);
#1831=LINE('',#12091,#2402);
#1832=LINE('',#12092,#2403);
#1833=LINE('',#12094,#2404);
#1834=LINE('',#12096,#2405);
#1835=LINE('',#12098,#2406);
#1836=LINE('',#12101,#2407);
#1837=LINE('',#12102,#2408);
#1838=LINE('',#12104,#2409);
#1839=LINE('',#12107,#2410);
#1840=LINE('',#12109,#2411);
#1841=LINE('',#12111,#2412);
#1842=LINE('',#12113,#2413);
#1843=LINE('',#12115,#2414);
#1844=LINE('',#12117,#2415);
#1845=LINE('',#12118,#2416);
#1846=LINE('',#12123,#2417);
#1847=LINE('',#12130,#2418);
#1848=LINE('',#12137,#2419);
#1849=LINE('',#12144,#2420);
#1850=LINE('',#12149,#2421);
#1851=LINE('',#12151,#2422);
#1852=LINE('',#12152,#2423);
#1853=LINE('',#12155,#2424);
#1854=LINE('',#12156,#2425);
#1855=LINE('',#12159,#2426);
#1856=LINE('',#12160,#2427);
#1857=LINE('',#12163,#2428);
#1858=LINE('',#12165,#2429);
#1859=LINE('',#12167,#2430);
#1860=LINE('',#12169,#2431);
#1861=LINE('',#12170,#2432);
#1862=LINE('',#12173,#2433);
#1863=LINE('',#12175,#2434);
#1864=LINE('',#12176,#2435);
#1865=LINE('',#12178,#2436);
#1866=LINE('',#12180,#2437);
#1867=LINE('',#12183,#2438);
#1868=LINE('',#12185,#2439);
#1869=LINE('',#12186,#2440);
#1870=LINE('',#12188,#2441);
#1871=LINE('',#12190,#2442);
#1872=LINE('',#12193,#2443);
#1873=LINE('',#12194,#2444);
#1874=LINE('',#12197,#2445);
#1875=LINE('',#12198,#2446);
#1876=LINE('',#12200,#2447);
#1877=LINE('',#12216,#2448);
#1878=LINE('',#12217,#2449);
#1879=LINE('',#12226,#2450);
#1880=LINE('',#12227,#2451);
#1881=LINE('',#12236,#2452);
#1882=LINE('',#12237,#2453);
#1883=LINE('',#12246,#2454);
#1884=LINE('',#12247,#2455);
#1885=LINE('',#12249,#2456);
#1886=LINE('',#12250,#2457);
#1887=LINE('',#12259,#2458);
#1888=LINE('',#12260,#2459);
#1889=LINE('',#12269,#2460);
#1890=LINE('',#12270,#2461);
#1891=LINE('',#12272,#2462);
#1892=LINE('',#12273,#2463);
#1893=LINE('',#12282,#2464);
#1894=LINE('',#12283,#2465);
#1895=LINE('',#12285,#2466);
#1896=LINE('',#12286,#2467);
#1897=LINE('',#12288,#2468);
#1898=LINE('',#12289,#2469);
#1899=LINE('',#12291,#2470);
#1900=LINE('',#12292,#2471);
#1901=LINE('',#12299,#2472);
#1902=LINE('',#12300,#2473);
#1903=LINE('',#12307,#2474);
#1904=LINE('',#12311,#2475);
#1905=LINE('',#12315,#2476);
#1906=LINE('',#12317,#2477);
#1907=LINE('',#12319,#2478);
#1908=LINE('',#12320,#2479);
#1909=LINE('',#12323,#2480);
#1910=LINE('',#12325,#2481);
#1911=LINE('',#12326,#2482);
#1912=LINE('',#12329,#2483);
#1913=LINE('',#12331,#2484);
#1914=LINE('',#12332,#2485);
#1915=LINE('',#12334,#2486);
#1916=LINE('',#12335,#2487);
#1917=LINE('',#12342,#2488);
#1918=LINE('',#12346,#2489);
#1919=LINE('',#12350,#2490);
#1920=LINE('',#12352,#2491);
#1921=LINE('',#12354,#2492);
#1922=LINE('',#12355,#2493);
#1923=LINE('',#12358,#2494);
#1924=LINE('',#12360,#2495);
#1925=LINE('',#12361,#2496);
#1926=LINE('',#12364,#2497);
#1927=LINE('',#12366,#2498);
#1928=LINE('',#12367,#2499);
#1929=LINE('',#12369,#2500);
#1930=LINE('',#12370,#2501);
#1931=LINE('',#12377,#2502);
#1932=LINE('',#12381,#2503);
#1933=LINE('',#12385,#2504);
#1934=LINE('',#12387,#2505);
#1935=LINE('',#12389,#2506);
#1936=LINE('',#12390,#2507);
#1937=LINE('',#12393,#2508);
#1938=LINE('',#12395,#2509);
#1939=LINE('',#12396,#2510);
#1940=LINE('',#12399,#2511);
#1941=LINE('',#12401,#2512);
#1942=LINE('',#12402,#2513);
#1943=LINE('',#12404,#2514);
#1944=LINE('',#12405,#2515);
#1945=LINE('',#12412,#2516);
#1946=LINE('',#12416,#2517);
#1947=LINE('',#12420,#2518);
#1948=LINE('',#12422,#2519);
#1949=LINE('',#12424,#2520);
#1950=LINE('',#12425,#2521);
#1951=LINE('',#12428,#2522);
#1952=LINE('',#12430,#2523);
#1953=LINE('',#12431,#2524);
#1954=LINE('',#12434,#2525);
#1955=LINE('',#12436,#2526);
#1956=LINE('',#12437,#2527);
#1957=LINE('',#12439,#2528);
#1958=LINE('',#12440,#2529);
#1959=VECTOR('',#6787,10.);
#1960=VECTOR('',#6788,10.);
#1961=VECTOR('',#6789,10.);
#1962=VECTOR('',#6790,10.);
#1963=VECTOR('',#6793,10.);
#1964=VECTOR('',#6794,10.);
#1965=VECTOR('',#6795,10.);
#1966=VECTOR('',#6798,10.);
#1967=VECTOR('',#6799,10.);
#1968=VECTOR('',#6800,10.);
#1969=VECTOR('',#6803,10.);
#1970=VECTOR('',#6804,10.);
#1971=VECTOR('',#6805,10.);
#1972=VECTOR('',#6808,10.);
#1973=VECTOR('',#6809,10.);
#1974=VECTOR('',#6810,10.);
#1975=VECTOR('',#6813,10.);
#1976=VECTOR('',#6814,10.);
#1977=VECTOR('',#6815,10.);
#1978=VECTOR('',#6818,10.);
#1979=VECTOR('',#6819,10.);
#1980=VECTOR('',#6820,10.);
#1981=VECTOR('',#6823,10.);
#1982=VECTOR('',#6824,10.);
#1983=VECTOR('',#6825,10.);
#1984=VECTOR('',#6828,10.);
#1985=VECTOR('',#6829,10.);
#1986=VECTOR('',#6830,10.);
#1987=VECTOR('',#6831,10.);
#1988=VECTOR('',#6832,10.);
#1989=VECTOR('',#6835,10.);
#1990=VECTOR('',#6836,10.);
#1991=VECTOR('',#6837,10.);
#1992=VECTOR('',#6840,10.);
#1993=VECTOR('',#6841,10.);
#1994=VECTOR('',#6842,10.);
#1995=VECTOR('',#6845,10.);
#1996=VECTOR('',#6846,10.);
#1997=VECTOR('',#6847,10.);
#1998=VECTOR('',#6850,10.);
#1999=VECTOR('',#6851,10.);
#2000=VECTOR('',#6856,10.);
#2001=VECTOR('',#6857,10.);
#2002=VECTOR('',#6858,10.);
#2003=VECTOR('',#6859,10.);
#2004=VECTOR('',#6860,10.);
#2005=VECTOR('',#6861,10.);
#2006=VECTOR('',#6862,10.);
#2007=VECTOR('',#6863,10.);
#2008=VECTOR('',#6864,10.);
#2009=VECTOR('',#6867,10.);
#2010=VECTOR('',#6868,10.);
#2011=VECTOR('',#6869,10.);
#2012=VECTOR('',#6872,10.);
#2013=VECTOR('',#6873,10.);
#2014=VECTOR('',#6876,10.);
#2015=VECTOR('',#6877,10.);
#2016=VECTOR('',#6878,10.);
#2017=VECTOR('',#6879,10.);
#2018=VECTOR('',#6882,10.);
#2019=VECTOR('',#6883,10.);
#2020=VECTOR('',#6884,10.);
#2021=VECTOR('',#6885,10.);
#2022=VECTOR('',#6886,10.);
#2023=VECTOR('',#6887,10.);
#2024=VECTOR('',#6888,10.);
#2025=VECTOR('',#6891,10.);
#2026=VECTOR('',#6892,10.);
#2027=VECTOR('',#6893,10.);
#2028=VECTOR('',#6896,10.);
#2029=VECTOR('',#6897,10.);
#2030=VECTOR('',#6898,10.);
#2031=VECTOR('',#6901,10.);
#2032=VECTOR('',#6902,10.);
#2033=VECTOR('',#6903,10.);
#2034=VECTOR('',#6904,10.);
#2035=VECTOR('',#6905,10.);
#2036=VECTOR('',#6906,10.);
#2037=VECTOR('',#6907,10.);
#2038=VECTOR('',#6908,10.);
#2039=VECTOR('',#6909,10.);
#2040=VECTOR('',#6910,10.);
#2041=VECTOR('',#6913,10.);
#2042=VECTOR('',#6914,10.);
#2043=VECTOR('',#6915,10.);
#2044=VECTOR('',#6918,10.);
#2045=VECTOR('',#6919,10.);
#2046=VECTOR('',#6920,10.);
#2047=VECTOR('',#6923,10.);
#2048=VECTOR('',#6924,10.);
#2049=VECTOR('',#6929,10.);
#2050=VECTOR('',#6930,10.);
#2051=VECTOR('',#6931,10.);
#2052=VECTOR('',#6932,10.);
#2053=VECTOR('',#6933,10.);
#2054=VECTOR('',#6934,10.);
#2055=VECTOR('',#6935,10.);
#2056=VECTOR('',#6936,10.);
#2057=VECTOR('',#6939,10.);
#2058=VECTOR('',#6940,10.);
#2059=VECTOR('',#6941,10.);
#2060=VECTOR('',#6942,10.);
#2061=VECTOR('',#6943,10.);
#2062=VECTOR('',#6944,10.);
#2063=VECTOR('',#6947,10.);
#2064=VECTOR('',#6948,10.);
#2065=VECTOR('',#6949,10.);
#2066=VECTOR('',#6952,10.);
#2067=VECTOR('',#6953,10.);
#2068=VECTOR('',#6954,10.);
#2069=VECTOR('',#6957,10.);
#2070=VECTOR('',#6958,10.);
#2071=VECTOR('',#6959,10.);
#2072=VECTOR('',#6962,10.);
#2073=VECTOR('',#6963,10.);
#2074=VECTOR('',#6966,10.);
#2075=VECTOR('',#6967,10.);
#2076=VECTOR('',#6968,10.);
#2077=VECTOR('',#6969,10.);
#2078=VECTOR('',#6972,10.);
#2079=VECTOR('',#6973,10.);
#2080=VECTOR('',#6974,10.);
#2081=VECTOR('',#6975,10.);
#2082=VECTOR('',#6976,10.);
#2083=VECTOR('',#6977,10.);
#2084=VECTOR('',#6978,10.);
#2085=VECTOR('',#6981,10.);
#2086=VECTOR('',#6982,10.);
#2087=VECTOR('',#6983,10.);
#2088=VECTOR('',#6984,10.);
#2089=VECTOR('',#6985,10.);
#2090=VECTOR('',#6986,10.);
#2091=VECTOR('',#6987,10.);
#2092=VECTOR('',#6988,10.);
#2093=VECTOR('',#6989,10.);
#2094=VECTOR('',#6990,10.);
#2095=VECTOR('',#6991,10.);
#2096=VECTOR('',#6992,10.);
#2097=VECTOR('',#6995,10.);
#2098=VECTOR('',#6996,10.);
#2099=VECTOR('',#6997,10.);
#2100=VECTOR('',#7000,10.);
#2101=VECTOR('',#7001,10.);
#2102=VECTOR('',#7002,10.);
#2103=VECTOR('',#7003,10.);
#2104=VECTOR('',#7006,10.);
#2105=VECTOR('',#7007,10.);
#2106=VECTOR('',#7008,10.);
#2107=VECTOR('',#7011,10.);
#2108=VECTOR('',#7012,10.);
#2109=VECTOR('',#7013,10.);
#2110=VECTOR('',#7016,10.);
#2111=VECTOR('',#7017,10.);
#2112=VECTOR('',#7018,10.);
#2113=VECTOR('',#7021,10.);
#2114=VECTOR('',#7022,10.);
#2115=VECTOR('',#7023,10.);
#2116=VECTOR('',#7026,10.);
#2117=VECTOR('',#7027,10.);
#2118=VECTOR('',#7028,10.);
#2119=VECTOR('',#7031,10.);
#2120=VECTOR('',#7032,10.);
#2121=VECTOR('',#7033,10.);
#2122=VECTOR('',#7036,10.);
#2123=VECTOR('',#7037,10.);
#2124=VECTOR('',#7038,10.);
#2125=VECTOR('',#7041,10.);
#2126=VECTOR('',#7042,10.);
#2127=VECTOR('',#7043,10.);
#2128=VECTOR('',#7046,10.);
#2129=VECTOR('',#7047,10.);
#2130=VECTOR('',#7048,10.);
#2131=VECTOR('',#7051,10.);
#2132=VECTOR('',#7052,10.);
#2133=VECTOR('',#7053,10.);
#2134=VECTOR('',#7056,10.);
#2135=VECTOR('',#7057,10.);
#2136=VECTOR('',#7058,10.);
#2137=VECTOR('',#7059,10.);
#2138=VECTOR('',#7060,10.);
#2139=VECTOR('',#7061,10.);
#2140=VECTOR('',#7062,10.);
#2141=VECTOR('',#7065,10.);
#2142=VECTOR('',#7066,10.);
#2143=VECTOR('',#7067,10.);
#2144=VECTOR('',#7070,10.);
#2145=VECTOR('',#7071,10.);
#2146=VECTOR('',#7072,10.);
#2147=VECTOR('',#7073,10.);
#2148=VECTOR('',#7076,10.);
#2149=VECTOR('',#7077,10.);
#2150=VECTOR('',#7078,10.);
#2151=VECTOR('',#7079,10.);
#2152=VECTOR('',#7080,10.);
#2153=VECTOR('',#7081,10.);
#2154=VECTOR('',#7082,10.);
#2155=VECTOR('',#7085,10.);
#2156=VECTOR('',#7086,10.);
#2157=VECTOR('',#7087,10.);
#2158=VECTOR('',#7088,10.);
#2159=VECTOR('',#7089,10.);
#2160=VECTOR('',#7090,10.);
#2161=VECTOR('',#7091,10.);
#2162=VECTOR('',#7092,10.);
#2163=VECTOR('',#7093,10.);
#2164=VECTOR('',#7094,10.);
#2165=VECTOR('',#7095,10.);
#2166=VECTOR('',#7096,10.);
#2167=VECTOR('',#7099,10.);
#2168=VECTOR('',#7100,10.);
#2169=VECTOR('',#7101,10.);
#2170=VECTOR('',#7104,10.);
#2171=VECTOR('',#7105,10.);
#2172=VECTOR('',#7106,10.);
#2173=VECTOR('',#7107,10.);
#2174=VECTOR('',#7108,10.);
#2175=VECTOR('',#7109,10.);
#2176=VECTOR('',#7110,10.);
#2177=VECTOR('',#7111,10.);
#2178=VECTOR('',#7112,10.);
#2179=VECTOR('',#7113,10.);
#2180=VECTOR('',#7116,10.);
#2181=VECTOR('',#7117,10.);
#2182=VECTOR('',#7120,10.);
#2183=VECTOR('',#7121,10.);
#2184=VECTOR('',#7122,10.);
#2185=VECTOR('',#7123,10.);
#2186=VECTOR('',#7124,10.);
#2187=VECTOR('',#7125,10.);
#2188=VECTOR('',#7128,10.);
#2189=VECTOR('',#7129,10.);
#2190=VECTOR('',#7130,10.);
#2191=VECTOR('',#7131,10.);
#2192=VECTOR('',#7132,10.);
#2193=VECTOR('',#7133,10.);
#2194=VECTOR('',#7134,10.);
#2195=VECTOR('',#7135,10.);
#2196=VECTOR('',#7136,10.);
#2197=VECTOR('',#7137,10.);
#2198=VECTOR('',#7140,10.);
#2199=VECTOR('',#7141,10.);
#2200=VECTOR('',#7142,10.);
#2201=VECTOR('',#7143,10.);
#2202=VECTOR('',#7144,10.);
#2203=VECTOR('',#7145,10.);
#2204=VECTOR('',#7146,10.);
#2205=VECTOR('',#7147,10.);
#2206=VECTOR('',#7148,10.);
#2207=VECTOR('',#7149,10.);
#2208=VECTOR('',#7150,10.);
#2209=VECTOR('',#7151,10.);
#2210=VECTOR('',#7152,10.);
#2211=VECTOR('',#7153,10.);
#2212=VECTOR('',#7154,10.);
#2213=VECTOR('',#7155,10.);
#2214=VECTOR('',#7156,10.);
#2215=VECTOR('',#7159,10.);
#2216=VECTOR('',#7160,10.);
#2217=VECTOR('',#7161,10.);
#2218=VECTOR('',#7162,10.);
#2219=VECTOR('',#7163,10.);
#2220=VECTOR('',#7164,10.);
#2221=VECTOR('',#7165,10.);
#2222=VECTOR('',#7166,10.);
#2223=VECTOR('',#7169,10.);
#2224=VECTOR('',#7170,10.);
#2225=VECTOR('',#7171,10.);
#2226=VECTOR('',#7172,10.);
#2227=VECTOR('',#7173,10.);
#2228=VECTOR('',#7174,10.);
#2229=VECTOR('',#7175,10.);
#2230=VECTOR('',#7176,10.);
#2231=VECTOR('',#7177,10.);
#2232=VECTOR('',#7178,10.);
#2233=VECTOR('',#7179,10.);
#2234=VECTOR('',#7180,10.);
#2235=VECTOR('',#7181,10.);
#2236=VECTOR('',#7182,10.);
#2237=VECTOR('',#7185,10.);
#2238=VECTOR('',#7186,10.);
#2239=VECTOR('',#7187,10.);
#2240=VECTOR('',#7190,10.);
#2241=VECTOR('',#7191,10.);
#2242=VECTOR('',#7192,10.);
#2243=VECTOR('',#7195,10.);
#2244=VECTOR('',#7196,10.);
#2245=VECTOR('',#7197,10.);
#2246=VECTOR('',#7200,10.);
#2247=VECTOR('',#7201,10.);
#2248=VECTOR('',#7204,10.);
#2249=VECTOR('',#7205,10.);
#2250=VECTOR('',#7206,10.);
#2251=VECTOR('',#7207,10.);
#2252=VECTOR('',#7210,10.);
#2253=VECTOR('',#7211,10.);
#2254=VECTOR('',#7212,10.);
#2255=VECTOR('',#7213,10.);
#2256=VECTOR('',#7214,10.);
#2257=VECTOR('',#7215,10.);
#2258=VECTOR('',#7216,10.);
#2259=VECTOR('',#7219,10.);
#2260=VECTOR('',#7220,10.);
#2261=VECTOR('',#7221,10.);
#2262=VECTOR('',#7222,10.);
#2263=VECTOR('',#7223,10.);
#2264=VECTOR('',#7224,10.);
#2265=VECTOR('',#7225,10.);
#2266=VECTOR('',#7226,10.);
#2267=VECTOR('',#7227,10.);
#2268=VECTOR('',#7228,10.);
#2269=VECTOR('',#7229,10.);
#2270=VECTOR('',#7230,10.);
#2271=VECTOR('',#7233,10.);
#2272=VECTOR('',#7234,10.);
#2273=VECTOR('',#7235,10.);
#2274=VECTOR('',#7240,10.);
#2275=VECTOR('',#7241,10.);
#2276=VECTOR('',#7242,10.);
#2277=VECTOR('',#7243,10.);
#2278=VECTOR('',#7244,10.);
#2279=VECTOR('',#7245,10.);
#2280=VECTOR('',#7248,10.);
#2281=VECTOR('',#7249,10.);
#2282=VECTOR('',#7250,10.);
#2283=VECTOR('',#7253,10.);
#2284=VECTOR('',#7254,10.);
#2285=VECTOR('',#7255,10.);
#2286=VECTOR('',#7258,10.);
#2287=VECTOR('',#7259,10.);
#2288=VECTOR('',#7260,10.);
#2289=VECTOR('',#7263,10.);
#2290=VECTOR('',#7264,10.);
#2291=VECTOR('',#7265,10.);
#2292=VECTOR('',#7268,10.);
#2293=VECTOR('',#7269,10.);
#2294=VECTOR('',#7270,10.);
#2295=VECTOR('',#7273,10.);
#2296=VECTOR('',#7274,10.);
#2297=VECTOR('',#7275,10.);
#2298=VECTOR('',#7276,10.);
#2299=VECTOR('',#7277,10.);
#2300=VECTOR('',#7280,10.);
#2301=VECTOR('',#7281,10.);
#2302=VECTOR('',#7282,10.);
#2303=VECTOR('',#7285,10.);
#2304=VECTOR('',#7286,10.);
#2305=VECTOR('',#7287,10.);
#2306=VECTOR('',#7290,10.);
#2307=VECTOR('',#7291,10.);
#2308=VECTOR('',#7292,10.);
#2309=VECTOR('',#7295,10.);
#2310=VECTOR('',#7296,10.);
#2311=VECTOR('',#7297,10.);
#2312=VECTOR('',#7300,10.);
#2313=VECTOR('',#7301,10.);
#2314=VECTOR('',#7306,10.);
#2315=VECTOR('',#7307,10.);
#2316=VECTOR('',#7308,10.);
#2317=VECTOR('',#7309,10.);
#2318=VECTOR('',#7310,10.);
#2319=VECTOR('',#7311,10.);
#2320=VECTOR('',#7312,10.);
#2321=VECTOR('',#7313,10.);
#2322=VECTOR('',#7314,10.);
#2323=VECTOR('',#7315,10.);
#2324=VECTOR('',#7316,10.);
#2325=VECTOR('',#7319,10.);
#2326=VECTOR('',#7320,10.);
#2327=VECTOR('',#7321,10.);
#2328=VECTOR('',#7324,10.);
#2329=VECTOR('',#7325,10.);
#2330=VECTOR('',#7326,10.);
#2331=VECTOR('',#7327,10.);
#2332=VECTOR('',#7328,10.);
#2333=VECTOR('',#7329,10.);
#2334=VECTOR('',#7330,10.);
#2335=VECTOR('',#7331,10.);
#2336=VECTOR('',#7332,10.);
#2337=VECTOR('',#7333,10.);
#2338=VECTOR('',#7334,10.);
#2339=VECTOR('',#7335,10.);
#2340=VECTOR('',#7338,10.);
#2341=VECTOR('',#7339,10.);
#2342=VECTOR('',#7340,10.);
#2343=VECTOR('',#7343,10.);
#2344=VECTOR('',#7344,10.);
#2345=VECTOR('',#7345,10.);
#2346=VECTOR('',#7348,10.);
#2347=VECTOR('',#7349,10.);
#2348=VECTOR('',#7370,1.2645);
#2349=VECTOR('',#7377,1.2645);
#2350=VECTOR('',#7382,10.);
#2351=VECTOR('',#7383,10.);
#2352=VECTOR('',#7384,10.);
#2353=VECTOR('',#7385,10.);
#2354=VECTOR('',#7392,10.);
#2355=VECTOR('',#7395,10.);
#2356=VECTOR('',#7396,10.);
#2357=VECTOR('',#7397,10.);
#2358=VECTOR('',#7408,1.7);
#2359=VECTOR('',#7419,1.7);
#2360=VECTOR('',#7426,9.5);
#2361=VECTOR('',#7433,9.5);
#2362=VECTOR('',#7440,1.7);
#2363=VECTOR('',#7443,10.);
#2364=VECTOR('',#7444,10.);
#2365=VECTOR('',#7449,10.);
#2366=VECTOR('',#7452,1.7);
#2367=VECTOR('',#7457,10.);
#2368=VECTOR('',#7460,10.);
#2369=VECTOR('',#7461,10.);
#2370=VECTOR('',#7462,10.);
#2371=VECTOR('',#7463,10.);
#2372=VECTOR('',#7464,10.);
#2373=VECTOR('',#7465,10.);
#2374=VECTOR('',#7466,10.);
#2375=VECTOR('',#7467,10.);
#2376=VECTOR('',#7468,10.);
#2377=VECTOR('',#7469,10.);
#2378=VECTOR('',#7470,10.);
#2379=VECTOR('',#7471,10.);
#2380=VECTOR('',#7472,10.);
#2381=VECTOR('',#7473,10.);
#2382=VECTOR('',#7474,10.);
#2383=VECTOR('',#7475,10.);
#2384=VECTOR('',#7476,10.);
#2385=VECTOR('',#7477,10.);
#2386=VECTOR('',#7478,10.);
#2387=VECTOR('',#7479,10.);
#2388=VECTOR('',#7480,10.);
#2389=VECTOR('',#7481,10.);
#2390=VECTOR('',#7484,10.);
#2391=VECTOR('',#7485,10.);
#2392=VECTOR('',#7486,10.);
#2393=VECTOR('',#7489,10.);
#2394=VECTOR('',#7490,10.);
#2395=VECTOR('',#7491,10.);
#2396=VECTOR('',#7494,10.);
#2397=VECTOR('',#7495,10.);
#2398=VECTOR('',#7496,10.);
#2399=VECTOR('',#7499,10.);
#2400=VECTOR('',#7500,10.);
#2401=VECTOR('',#7501,10.);
#2402=VECTOR('',#7504,10.);
#2403=VECTOR('',#7505,10.);
#2404=VECTOR('',#7508,10.);
#2405=VECTOR('',#7511,10.);
#2406=VECTOR('',#7514,10.);
#2407=VECTOR('',#7517,10.);
#2408=VECTOR('',#7518,10.);
#2409=VECTOR('',#7521,10.);
#2410=VECTOR('',#7524,10.);
#2411=VECTOR('',#7525,10.);
#2412=VECTOR('',#7526,10.);
#2413=VECTOR('',#7527,10.);
#2414=VECTOR('',#7528,10.);
#2415=VECTOR('',#7529,10.);
#2416=VECTOR('',#7530,10.);
#2417=VECTOR('',#7535,1.2645);
#2418=VECTOR('',#7544,1.2645);
#2419=VECTOR('',#7553,1.2645);
#2420=VECTOR('',#7562,1.2645);
#2421=VECTOR('',#7569,10.);
#2422=VECTOR('',#7570,10.);
#2423=VECTOR('',#7571,10.);
#2424=VECTOR('',#7574,10.);
#2425=VECTOR('',#7575,10.);
#2426=VECTOR('',#7578,10.);
#2427=VECTOR('',#7579,10.);
#2428=VECTOR('',#7582,10.);
#2429=VECTOR('',#7583,10.);
#2430=VECTOR('',#7584,10.);
#2431=VECTOR('',#7585,10.);
#2432=VECTOR('',#7586,10.);
#2433=VECTOR('',#7589,10.);
#2434=VECTOR('',#7590,10.);
#2435=VECTOR('',#7591,10.);
#2436=VECTOR('',#7594,10.);
#2437=VECTOR('',#7597,10.);
#2438=VECTOR('',#7600,10.);
#2439=VECTOR('',#7601,10.);
#2440=VECTOR('',#7602,10.);
#2441=VECTOR('',#7605,10.);
#2442=VECTOR('',#7608,10.);
#2443=VECTOR('',#7611,10.);
#2444=VECTOR('',#7612,10.);
#2445=VECTOR('',#7615,10.);
#2446=VECTOR('',#7616,10.);
#2447=VECTOR('',#7619,10.);
#2448=VECTOR('',#7638,10.);
#2449=VECTOR('',#7639,10.);
#2450=VECTOR('',#7650,10.);
#2451=VECTOR('',#7651,10.);
#2452=VECTOR('',#7662,10.);
#2453=VECTOR('',#7663,10.);
#2454=VECTOR('',#7674,10.);
#2455=VECTOR('',#7675,10.);
#2456=VECTOR('',#7678,10.);
#2457=VECTOR('',#7679,10.);
#2458=VECTOR('',#7690,10.);
#2459=VECTOR('',#7691,10.);
#2460=VECTOR('',#7702,10.);
#2461=VECTOR('',#7703,10.);
#2462=VECTOR('',#7706,10.);
#2463=VECTOR('',#7707,10.);
#2464=VECTOR('',#7718,10.);
#2465=VECTOR('',#7719,10.);
#2466=VECTOR('',#7722,10.);
#2467=VECTOR('',#7723,10.);
#2468=VECTOR('',#7726,10.);
#2469=VECTOR('',#7727,10.);
#2470=VECTOR('',#7730,10.);
#2471=VECTOR('',#7731,10.);
#2472=VECTOR('',#7744,10.);
#2473=VECTOR('',#7745,10.);
#2474=VECTOR('',#7754,0.63225);
#2475=VECTOR('',#7759,1.2645);
#2476=VECTOR('',#7762,10.);
#2477=VECTOR('',#7763,10.);
#2478=VECTOR('',#7764,10.);
#2479=VECTOR('',#7765,10.);
#2480=VECTOR('',#7768,10.);
#2481=VECTOR('',#7769,10.);
#2482=VECTOR('',#7770,10.);
#2483=VECTOR('',#7773,10.);
#2484=VECTOR('',#7774,10.);
#2485=VECTOR('',#7775,10.);
#2486=VECTOR('',#7778,10.);
#2487=VECTOR('',#7779,10.);
#2488=VECTOR('',#7788,0.63225);
#2489=VECTOR('',#7793,1.2645);
#2490=VECTOR('',#7796,10.);
#2491=VECTOR('',#7797,10.);
#2492=VECTOR('',#7798,10.);
#2493=VECTOR('',#7799,10.);
#2494=VECTOR('',#7802,10.);
#2495=VECTOR('',#7803,10.);
#2496=VECTOR('',#7804,10.);
#2497=VECTOR('',#7807,10.);
#2498=VECTOR('',#7808,10.);
#2499=VECTOR('',#7809,10.);
#2500=VECTOR('',#7812,10.);
#2501=VECTOR('',#7813,10.);
#2502=VECTOR('',#7822,0.63225);
#2503=VECTOR('',#7827,1.2645);
#2504=VECTOR('',#7830,10.);
#2505=VECTOR('',#7831,10.);
#2506=VECTOR('',#7832,10.);
#2507=VECTOR('',#7833,10.);
#2508=VECTOR('',#7836,10.);
#2509=VECTOR('',#7837,10.);
#2510=VECTOR('',#7838,10.);
#2511=VECTOR('',#7841,10.);
#2512=VECTOR('',#7842,10.);
#2513=VECTOR('',#7843,10.);
#2514=VECTOR('',#7846,10.);
#2515=VECTOR('',#7847,10.);
#2516=VECTOR('',#7856,0.63225);
#2517=VECTOR('',#7861,1.2645);
#2518=VECTOR('',#7864,10.);
#2519=VECTOR('',#7865,10.);
#2520=VECTOR('',#7866,10.);
#2521=VECTOR('',#7867,10.);
#2522=VECTOR('',#7870,10.);
#2523=VECTOR('',#7871,10.);
#2524=VECTOR('',#7872,10.);
#2525=VECTOR('',#7875,10.);
#2526=VECTOR('',#7876,10.);
#2527=VECTOR('',#7877,10.);
#2528=VECTOR('',#7880,10.);
#2529=VECTOR('',#7881,10.);
#2530=VERTEX_POINT('',#7888);
#2531=VERTEX_POINT('',#7889);
#2532=VERTEX_POINT('',#7891);
#2533=VERTEX_POINT('',#7893);
#2534=VERTEX_POINT('',#7897);
#2535=VERTEX_POINT('',#7899);
#2536=VERTEX_POINT('',#7903);
#2537=VERTEX_POINT('',#7905);
#2538=VERTEX_POINT('',#7909);
#2539=VERTEX_POINT('',#7911);
#2540=VERTEX_POINT('',#7915);
#2541=VERTEX_POINT('',#7917);
#2542=VERTEX_POINT('',#7921);
#2543=VERTEX_POINT('',#7923);
#2544=VERTEX_POINT('',#7927);
#2545=VERTEX_POINT('',#7929);
#2546=VERTEX_POINT('',#7933);
#2547=VERTEX_POINT('',#7935);
#2548=VERTEX_POINT('',#7939);
#2549=VERTEX_POINT('',#7941);
#2550=VERTEX_POINT('',#7954);
#2551=VERTEX_POINT('',#7960);
#2552=VERTEX_POINT('',#7977);
#2553=VERTEX_POINT('',#7983);
#2554=VERTEX_POINT('',#7991);
#2555=VERTEX_POINT('',#7993);
#2556=VERTEX_POINT('',#7997);
#2557=VERTEX_POINT('',#7999);
#2558=VERTEX_POINT('',#8003);
#2559=VERTEX_POINT('',#8005);
#2560=VERTEX_POINT('',#8013);
#2561=VERTEX_POINT('',#8014);
#2562=VERTEX_POINT('',#8016);
#2563=VERTEX_POINT('',#8018);
#2564=VERTEX_POINT('',#8031);
#2565=VERTEX_POINT('',#8037);
#2566=VERTEX_POINT('',#8054);
#2567=VERTEX_POINT('',#8060);
#2568=VERTEX_POINT('',#8077);
#2569=VERTEX_POINT('',#8083);
#2570=VERTEX_POINT('',#8100);
#2571=VERTEX_POINT('',#8106);
#2572=VERTEX_POINT('',#8123);
#2573=VERTEX_POINT('',#8129);
#2574=VERTEX_POINT('',#8137);
#2575=VERTEX_POINT('',#8139);
#2576=VERTEX_POINT('',#8146);
#2577=VERTEX_POINT('',#8147);
#2578=VERTEX_POINT('',#8149);
#2579=VERTEX_POINT('',#8151);
#2580=VERTEX_POINT('',#8155);
#2581=VERTEX_POINT('',#8157);
#2582=VERTEX_POINT('',#8170);
#2583=VERTEX_POINT('',#8176);
#2584=VERTEX_POINT('',#8193);
#2585=VERTEX_POINT('',#8199);
#2586=VERTEX_POINT('',#8216);
#2587=VERTEX_POINT('',#8222);
#2588=VERTEX_POINT('',#8239);
#2589=VERTEX_POINT('',#8245);
#2590=VERTEX_POINT('',#8253);
#2591=VERTEX_POINT('',#8255);
#2592=VERTEX_POINT('',#8259);
#2593=VERTEX_POINT('',#8261);
#2594=VERTEX_POINT('',#8265);
#2595=VERTEX_POINT('',#8267);
#2596=VERTEX_POINT('',#8280);
#2597=VERTEX_POINT('',#8286);
#2598=VERTEX_POINT('',#8303);
#2599=VERTEX_POINT('',#8309);
#2600=VERTEX_POINT('',#8326);
#2601=VERTEX_POINT('',#8332);
#2602=VERTEX_POINT('',#8349);
#2603=VERTEX_POINT('',#8355);
#2604=VERTEX_POINT('',#8372);
#2605=VERTEX_POINT('',#8378);
#2606=VERTEX_POINT('',#8395);
#2607=VERTEX_POINT('',#8401);
#2608=VERTEX_POINT('',#8418);
#2609=VERTEX_POINT('',#8424);
#2610=VERTEX_POINT('',#8432);
#2611=VERTEX_POINT('',#8434);
#2612=VERTEX_POINT('',#8438);
#2613=VERTEX_POINT('',#8440);
#2614=VERTEX_POINT('',#8448);
#2615=VERTEX_POINT('',#8449);
#2616=VERTEX_POINT('',#8451);
#2617=VERTEX_POINT('',#8453);
#2618=VERTEX_POINT('',#8466);
#2619=VERTEX_POINT('',#8472);
#2620=VERTEX_POINT('',#8489);
#2621=VERTEX_POINT('',#8495);
#2622=VERTEX_POINT('',#8512);
#2623=VERTEX_POINT('',#8518);
#2624=VERTEX_POINT('',#8535);
#2625=VERTEX_POINT('',#8541);
#2626=VERTEX_POINT('',#8549);
#2627=VERTEX_POINT('',#8551);
#2628=VERTEX_POINT('',#8564);
#2629=VERTEX_POINT('',#8570);
#2630=VERTEX_POINT('',#8587);
#2631=VERTEX_POINT('',#8593);
#2632=VERTEX_POINT('',#8610);
#2633=VERTEX_POINT('',#8616);
#2634=VERTEX_POINT('',#8624);
#2635=VERTEX_POINT('',#8626);
#2636=VERTEX_POINT('',#8630);
#2637=VERTEX_POINT('',#8632);
#2638=VERTEX_POINT('',#8636);
#2639=VERTEX_POINT('',#8638);
#2640=VERTEX_POINT('',#8655);
#2641=VERTEX_POINT('',#8656);
#2642=VERTEX_POINT('',#8662);
#2643=VERTEX_POINT('',#8664);
#2644=VERTEX_POINT('',#8681);
#2645=VERTEX_POINT('',#8687);
#2646=VERTEX_POINT('',#8704);
#2647=VERTEX_POINT('',#8710);
#2648=VERTEX_POINT('',#8718);
#2649=VERTEX_POINT('',#8720);
#2650=VERTEX_POINT('',#8753);
#2651=VERTEX_POINT('',#8754);
#2652=VERTEX_POINT('',#8760);
#2653=VERTEX_POINT('',#8762);
#2654=VERTEX_POINT('',#8779);
#2655=VERTEX_POINT('',#8785);
#2656=VERTEX_POINT('',#8802);
#2657=VERTEX_POINT('',#8808);
#2658=VERTEX_POINT('',#8816);
#2659=VERTEX_POINT('',#8818);
#2660=VERTEX_POINT('',#8831);
#2661=VERTEX_POINT('',#8837);
#2662=VERTEX_POINT('',#8854);
#2663=VERTEX_POINT('',#8860);
#2664=VERTEX_POINT('',#8877);
#2665=VERTEX_POINT('',#8883);
#2666=VERTEX_POINT('',#8900);
#2667=VERTEX_POINT('',#8906);
#2668=VERTEX_POINT('',#8923);
#2669=VERTEX_POINT('',#8929);
#2670=VERTEX_POINT('',#8946);
#2671=VERTEX_POINT('',#8952);
#2672=VERTEX_POINT('',#8969);
#2673=VERTEX_POINT('',#8975);
#2674=VERTEX_POINT('',#8992);
#2675=VERTEX_POINT('',#8998);
#2676=VERTEX_POINT('',#9015);
#2677=VERTEX_POINT('',#9021);
#2678=VERTEX_POINT('',#9029);
#2679=VERTEX_POINT('',#9031);
#2680=VERTEX_POINT('',#9065);
#2681=VERTEX_POINT('',#9066);
#2682=VERTEX_POINT('',#9072);
#2683=VERTEX_POINT('',#9074);
#2684=VERTEX_POINT('',#9091);
#2685=VERTEX_POINT('',#9097);
#2686=VERTEX_POINT('',#9114);
#2687=VERTEX_POINT('',#9120);
#2688=VERTEX_POINT('',#9128);
#2689=VERTEX_POINT('',#9130);
#2690=VERTEX_POINT('',#9134);
#2691=VERTEX_POINT('',#9136);
#2692=VERTEX_POINT('',#9140);
#2693=VERTEX_POINT('',#9142);
#2694=VERTEX_POINT('',#9146);
#2695=VERTEX_POINT('',#9148);
#2696=VERTEX_POINT('',#9152);
#2697=VERTEX_POINT('',#9154);
#2698=VERTEX_POINT('',#9158);
#2699=VERTEX_POINT('',#9160);
#2700=VERTEX_POINT('',#9164);
#2701=VERTEX_POINT('',#9166);
#2702=VERTEX_POINT('',#9170);
#2703=VERTEX_POINT('',#9172);
#2704=VERTEX_POINT('',#9176);
#2705=VERTEX_POINT('',#9178);
#2706=VERTEX_POINT('',#9182);
#2707=VERTEX_POINT('',#9184);
#2708=VERTEX_POINT('',#9188);
#2709=VERTEX_POINT('',#9190);
#2710=VERTEX_POINT('',#9203);
#2711=VERTEX_POINT('',#9209);
#2712=VERTEX_POINT('',#9226);
#2713=VERTEX_POINT('',#9232);
#2714=VERTEX_POINT('',#9249);
#2715=VERTEX_POINT('',#9255);
#2716=VERTEX_POINT('',#9272);
#2717=VERTEX_POINT('',#9278);
#2718=VERTEX_POINT('',#9286);
#2719=VERTEX_POINT('',#9288);
#2720=VERTEX_POINT('',#9322);
#2721=VERTEX_POINT('',#9323);
#2722=VERTEX_POINT('',#9329);
#2723=VERTEX_POINT('',#9331);
#2724=VERTEX_POINT('',#9348);
#2725=VERTEX_POINT('',#9354);
#2726=VERTEX_POINT('',#9371);
#2727=VERTEX_POINT('',#9377);
#2728=VERTEX_POINT('',#9385);
#2729=VERTEX_POINT('',#9387);
#2730=VERTEX_POINT('',#9420);
#2731=VERTEX_POINT('',#9421);
#2732=VERTEX_POINT('',#9427);
#2733=VERTEX_POINT('',#9429);
#2734=VERTEX_POINT('',#9446);
#2735=VERTEX_POINT('',#9452);
#2736=VERTEX_POINT('',#9469);
#2737=VERTEX_POINT('',#9475);
#2738=VERTEX_POINT('',#9483);
#2739=VERTEX_POINT('',#9485);
#2740=VERTEX_POINT('',#9498);
#2741=VERTEX_POINT('',#9504);
#2742=VERTEX_POINT('',#9521);
#2743=VERTEX_POINT('',#9527);
#2744=VERTEX_POINT('',#9544);
#2745=VERTEX_POINT('',#9550);
#2746=VERTEX_POINT('',#9567);
#2747=VERTEX_POINT('',#9573);
#2748=VERTEX_POINT('',#9590);
#2749=VERTEX_POINT('',#9596);
#2750=VERTEX_POINT('',#9613);
#2751=VERTEX_POINT('',#9619);
#2752=VERTEX_POINT('',#9636);
#2753=VERTEX_POINT('',#9642);
#2754=VERTEX_POINT('',#9659);
#2755=VERTEX_POINT('',#9665);
#2756=VERTEX_POINT('',#9682);
#2757=VERTEX_POINT('',#9688);
#2758=VERTEX_POINT('',#9696);
#2759=VERTEX_POINT('',#9698);
#2760=VERTEX_POINT('',#9732);
#2761=VERTEX_POINT('',#9733);
#2762=VERTEX_POINT('',#9739);
#2763=VERTEX_POINT('',#9741);
#2764=VERTEX_POINT('',#9758);
#2765=VERTEX_POINT('',#9764);
#2766=VERTEX_POINT('',#9781);
#2767=VERTEX_POINT('',#9787);
#2768=VERTEX_POINT('',#9804);
#2769=VERTEX_POINT('',#9810);
#2770=VERTEX_POINT('',#9827);
#2771=VERTEX_POINT('',#9833);
#2772=VERTEX_POINT('',#9850);
#2773=VERTEX_POINT('',#9856);
#2774=VERTEX_POINT('',#9873);
#2775=VERTEX_POINT('',#9879);
#2776=VERTEX_POINT('',#9896);
#2777=VERTEX_POINT('',#9902);
#2778=VERTEX_POINT('',#9919);
#2779=VERTEX_POINT('',#9925);
#2780=VERTEX_POINT('',#9936);
#2781=VERTEX_POINT('',#9937);
#2782=VERTEX_POINT('',#9939);
#2783=VERTEX_POINT('',#9941);
#2784=VERTEX_POINT('',#9954);
#2785=VERTEX_POINT('',#9960);
#2786=VERTEX_POINT('',#9977);
#2787=VERTEX_POINT('',#9983);
#2788=VERTEX_POINT('',#9991);
#2789=VERTEX_POINT('',#9993);
#2790=VERTEX_POINT('',#10006);
#2791=VERTEX_POINT('',#10012);
#2792=VERTEX_POINT('',#10029);
#2793=VERTEX_POINT('',#10035);
#2794=VERTEX_POINT('',#10052);
#2795=VERTEX_POINT('',#10058);
#2796=VERTEX_POINT('',#10075);
#2797=VERTEX_POINT('',#10081);
#2798=VERTEX_POINT('',#10098);
#2799=VERTEX_POINT('',#10104);
#2800=VERTEX_POINT('',#10121);
#2801=VERTEX_POINT('',#10127);
#2802=VERTEX_POINT('',#10144);
#2803=VERTEX_POINT('',#10150);
#2804=VERTEX_POINT('',#10158);
#2805=VERTEX_POINT('',#10160);
#2806=VERTEX_POINT('',#10173);
#2807=VERTEX_POINT('',#10179);
#2808=VERTEX_POINT('',#10196);
#2809=VERTEX_POINT('',#10202);
#2810=VERTEX_POINT('',#10219);
#2811=VERTEX_POINT('',#10225);
#2812=VERTEX_POINT('',#10242);
#2813=VERTEX_POINT('',#10248);
#2814=VERTEX_POINT('',#10265);
#2815=VERTEX_POINT('',#10271);
#2816=VERTEX_POINT('',#10288);
#2817=VERTEX_POINT('',#10294);
#2818=VERTEX_POINT('',#10311);
#2819=VERTEX_POINT('',#10317);
#2820=VERTEX_POINT('',#10334);
#2821=VERTEX_POINT('',#10340);
#2822=VERTEX_POINT('',#10357);
#2823=VERTEX_POINT('',#10363);
#2824=VERTEX_POINT('',#10380);
#2825=VERTEX_POINT('',#10386);
#2826=VERTEX_POINT('',#10403);
#2827=VERTEX_POINT('',#10409);
#2828=VERTEX_POINT('',#10426);
#2829=VERTEX_POINT('',#10432);
#2830=VERTEX_POINT('',#10449);
#2831=VERTEX_POINT('',#10455);
#2832=VERTEX_POINT('',#10472);
#2833=VERTEX_POINT('',#10478);
#2834=VERTEX_POINT('',#10516);
#2835=VERTEX_POINT('',#10517);
#2836=VERTEX_POINT('',#10523);
#2837=VERTEX_POINT('',#10525);
#2838=VERTEX_POINT('',#10542);
#2839=VERTEX_POINT('',#10548);
#2840=VERTEX_POINT('',#10565);
#2841=VERTEX_POINT('',#10571);
#2842=VERTEX_POINT('',#10588);
#2843=VERTEX_POINT('',#10594);
#2844=VERTEX_POINT('',#10611);
#2845=VERTEX_POINT('',#10617);
#2846=VERTEX_POINT('',#10634);
#2847=VERTEX_POINT('',#10640);
#2848=VERTEX_POINT('',#10657);
#2849=VERTEX_POINT('',#10663);
#2850=VERTEX_POINT('',#10691);
#2851=VERTEX_POINT('',#10692);
#2852=VERTEX_POINT('',#10694);
#2853=VERTEX_POINT('',#10696);
#2854=VERTEX_POINT('',#10709);
#2855=VERTEX_POINT('',#10715);
#2856=VERTEX_POINT('',#10732);
#2857=VERTEX_POINT('',#10738);
#2858=VERTEX_POINT('',#10755);
#2859=VERTEX_POINT('',#10761);
#2860=VERTEX_POINT('',#10778);
#2861=VERTEX_POINT('',#10784);
#2862=VERTEX_POINT('',#10801);
#2863=VERTEX_POINT('',#10807);
#2864=VERTEX_POINT('',#10824);
#2865=VERTEX_POINT('',#10830);
#2866=VERTEX_POINT('',#10847);
#2867=VERTEX_POINT('',#10853);
#2868=VERTEX_POINT('',#10870);
#2869=VERTEX_POINT('',#10876);
#2870=VERTEX_POINT('',#10893);
#2871=VERTEX_POINT('',#10899);
#2872=VERTEX_POINT('',#10916);
#2873=VERTEX_POINT('',#10922);
#2874=VERTEX_POINT('',#10930);
#2875=VERTEX_POINT('',#10932);
#2876=VERTEX_POINT('',#10936);
#2877=VERTEX_POINT('',#10938);
#2878=VERTEX_POINT('',#10942);
#2879=VERTEX_POINT('',#10944);
#2880=VERTEX_POINT('',#10961);
#2881=VERTEX_POINT('',#10962);
#2882=VERTEX_POINT('',#10968);
#2883=VERTEX_POINT('',#10970);
#2884=VERTEX_POINT('',#10987);
#2885=VERTEX_POINT('',#10993);
#2886=VERTEX_POINT('',#11010);
#2887=VERTEX_POINT('',#11016);
#2888=VERTEX_POINT('',#11024);
#2889=VERTEX_POINT('',#11026);
#2890=VERTEX_POINT('',#11059);
#2891=VERTEX_POINT('',#11060);
#2892=VERTEX_POINT('',#11066);
#2893=VERTEX_POINT('',#11068);
#2894=VERTEX_POINT('',#11085);
#2895=VERTEX_POINT('',#11091);
#2896=VERTEX_POINT('',#11108);
#2897=VERTEX_POINT('',#11114);
#2898=VERTEX_POINT('',#11122);
#2899=VERTEX_POINT('',#11124);
#2900=VERTEX_POINT('',#11137);
#2901=VERTEX_POINT('',#11143);
#2902=VERTEX_POINT('',#11160);
#2903=VERTEX_POINT('',#11166);
#2904=VERTEX_POINT('',#11183);
#2905=VERTEX_POINT('',#11189);
#2906=VERTEX_POINT('',#11206);
#2907=VERTEX_POINT('',#11212);
#2908=VERTEX_POINT('',#11229);
#2909=VERTEX_POINT('',#11235);
#2910=VERTEX_POINT('',#11252);
#2911=VERTEX_POINT('',#11258);
#2912=VERTEX_POINT('',#11275);
#2913=VERTEX_POINT('',#11281);
#2914=VERTEX_POINT('',#11298);
#2915=VERTEX_POINT('',#11304);
#2916=VERTEX_POINT('',#11321);
#2917=VERTEX_POINT('',#11327);
#2918=VERTEX_POINT('',#11335);
#2919=VERTEX_POINT('',#11337);
#2920=VERTEX_POINT('',#11362);
#2921=VERTEX_POINT('',#11363);
#2922=VERTEX_POINT('',#11365);
#2923=VERTEX_POINT('',#11367);
#2924=VERTEX_POINT('',#11380);
#2925=VERTEX_POINT('',#11386);
#2926=VERTEX_POINT('',#11403);
#2927=VERTEX_POINT('',#11409);
#2928=VERTEX_POINT('',#11417);
#2929=VERTEX_POINT('',#11419);
#2930=VERTEX_POINT('',#11423);
#2931=VERTEX_POINT('',#11425);
#2932=VERTEX_POINT('',#11429);
#2933=VERTEX_POINT('',#11431);
#2934=VERTEX_POINT('',#11435);
#2935=VERTEX_POINT('',#11437);
#2936=VERTEX_POINT('',#11441);
#2937=VERTEX_POINT('',#11443);
#2938=VERTEX_POINT('',#11447);
#2939=VERTEX_POINT('',#11449);
#2940=VERTEX_POINT('',#11462);
#2941=VERTEX_POINT('',#11468);
#2942=VERTEX_POINT('',#11485);
#2943=VERTEX_POINT('',#11491);
#2944=VERTEX_POINT('',#11499);
#2945=VERTEX_POINT('',#11501);
#2946=VERTEX_POINT('',#11505);
#2947=VERTEX_POINT('',#11507);
#2948=VERTEX_POINT('',#11511);
#2949=VERTEX_POINT('',#11513);
#2950=VERTEX_POINT('',#11517);
#2951=VERTEX_POINT('',#11519);
#2952=VERTEX_POINT('',#11527);
#2953=VERTEX_POINT('',#11528);
#2954=VERTEX_POINT('',#11530);
#2955=VERTEX_POINT('',#11532);
#2956=VERTEX_POINT('',#11545);
#2957=VERTEX_POINT('',#11551);
#2958=VERTEX_POINT('',#11568);
#2959=VERTEX_POINT('',#11574);
#2960=VERTEX_POINT('',#11591);
#2961=VERTEX_POINT('',#11597);
#2962=VERTEX_POINT('',#11614);
#2963=VERTEX_POINT('',#11620);
#2964=VERTEX_POINT('',#11637);
#2965=VERTEX_POINT('',#11643);
#2966=VERTEX_POINT('',#11660);
#2967=VERTEX_POINT('',#11666);
#2968=VERTEX_POINT('',#11683);
#2969=VERTEX_POINT('',#11689);
#2970=VERTEX_POINT('',#11697);
#2971=VERTEX_POINT('',#11699);
#2972=VERTEX_POINT('',#11715);
#2973=VERTEX_POINT('',#11716);
#2974=VERTEX_POINT('',#11722);
#2975=VERTEX_POINT('',#11724);
#2976=VERTEX_POINT('',#11741);
#2977=VERTEX_POINT('',#11747);
#2978=VERTEX_POINT('',#11764);
#2979=VERTEX_POINT('',#11770);
#2980=VERTEX_POINT('',#11787);
#2981=VERTEX_POINT('',#11793);
#2982=VERTEX_POINT('',#11810);
#2983=VERTEX_POINT('',#11816);
#2984=VERTEX_POINT('',#11833);
#2985=VERTEX_POINT('',#11839);
#2986=VERTEX_POINT('',#11856);
#2987=VERTEX_POINT('',#11862);
#2988=VERTEX_POINT('',#11879);
#2989=VERTEX_POINT('',#11885);
#2990=VERTEX_POINT('',#11902);
#2991=VERTEX_POINT('',#11908);
#2992=VERTEX_POINT('',#11916);
#2993=VERTEX_POINT('',#11918);
#2994=VERTEX_POINT('',#11922);
#2995=VERTEX_POINT('',#11924);
#2996=VERTEX_POINT('',#11939);
#2997=VERTEX_POINT('',#11941);
#2998=VERTEX_POINT('',#11945);
#2999=VERTEX_POINT('',#11947);
#3000=VERTEX_POINT('',#11951);
#3001=VERTEX_POINT('',#11952);
#3002=VERTEX_POINT('',#11954);
#3003=VERTEX_POINT('',#11956);
#3004=VERTEX_POINT('',#11960);
#3005=VERTEX_POINT('',#11962);
#3006=VERTEX_POINT('',#11966);
#3007=VERTEX_POINT('',#11968);
#3008=VERTEX_POINT('',#11975);
#3009=VERTEX_POINT('',#11977);
#3010=VERTEX_POINT('',#11979);
#3011=VERTEX_POINT('',#11983);
#3012=VERTEX_POINT('',#11984);
#3013=VERTEX_POINT('',#11987);
#3014=VERTEX_POINT('',#11991);
#3015=VERTEX_POINT('',#11993);
#3016=VERTEX_POINT('',#11997);
#3017=VERTEX_POINT('',#11999);
#3018=VERTEX_POINT('',#12003);
#3019=VERTEX_POINT('',#12005);
#3020=VERTEX_POINT('',#12007);
#3021=VERTEX_POINT('',#12009);
#3022=VERTEX_POINT('',#12014);
#3023=VERTEX_POINT('',#12015);
#3024=VERTEX_POINT('',#12017);
#3025=VERTEX_POINT('',#12019);
#3026=VERTEX_POINT('',#12025);
#3027=VERTEX_POINT('',#12027);
#3028=VERTEX_POINT('',#12029);
#3029=VERTEX_POINT('',#12031);
#3030=VERTEX_POINT('',#12033);
#3031=VERTEX_POINT('',#12035);
#3032=VERTEX_POINT('',#12037);
#3033=VERTEX_POINT('',#12039);
#3034=VERTEX_POINT('',#12041);
#3035=VERTEX_POINT('',#12043);
#3036=VERTEX_POINT('',#12046);
#3037=VERTEX_POINT('',#12048);
#3038=VERTEX_POINT('',#12050);
#3039=VERTEX_POINT('',#12052);
#3040=VERTEX_POINT('',#12054);
#3041=VERTEX_POINT('',#12056);
#3042=VERTEX_POINT('',#12058);
#3043=VERTEX_POINT('',#12060);
#3044=VERTEX_POINT('',#12062);
#3045=VERTEX_POINT('',#12064);
#3046=VERTEX_POINT('',#12068);
#3047=VERTEX_POINT('',#12070);
#3048=VERTEX_POINT('',#12074);
#3049=VERTEX_POINT('',#12076);
#3050=VERTEX_POINT('',#12080);
#3051=VERTEX_POINT('',#12085);
#3052=VERTEX_POINT('',#12090);
#3053=VERTEX_POINT('',#12100);
#3054=VERTEX_POINT('',#12106);
#3055=VERTEX_POINT('',#12108);
#3056=VERTEX_POINT('',#12110);
#3057=VERTEX_POINT('',#12112);
#3058=VERTEX_POINT('',#12114);
#3059=VERTEX_POINT('',#12116);
#3060=VERTEX_POINT('',#12120);
#3061=VERTEX_POINT('',#12122);
#3062=VERTEX_POINT('',#12127);
#3063=VERTEX_POINT('',#12129);
#3064=VERTEX_POINT('',#12134);
#3065=VERTEX_POINT('',#12136);
#3066=VERTEX_POINT('',#12141);
#3067=VERTEX_POINT('',#12143);
#3068=VERTEX_POINT('',#12148);
#3069=VERTEX_POINT('',#12150);
#3070=VERTEX_POINT('',#12154);
#3071=VERTEX_POINT('',#12158);
#3072=VERTEX_POINT('',#12162);
#3073=VERTEX_POINT('',#12164);
#3074=VERTEX_POINT('',#12166);
#3075=VERTEX_POINT('',#12168);
#3076=VERTEX_POINT('',#12172);
#3077=VERTEX_POINT('',#12174);
#3078=VERTEX_POINT('',#12182);
#3079=VERTEX_POINT('',#12184);
#3080=VERTEX_POINT('',#12192);
#3081=VERTEX_POINT('',#12196);
#3082=VERTEX_POINT('',#12202);
#3083=VERTEX_POINT('',#12203);
#3084=VERTEX_POINT('',#12205);
#3085=VERTEX_POINT('',#12209);
#3086=VERTEX_POINT('',#12210);
#3087=VERTEX_POINT('',#12212);
#3088=VERTEX_POINT('',#12219);
#3089=VERTEX_POINT('',#12220);
#3090=VERTEX_POINT('',#12222);
#3091=VERTEX_POINT('',#12229);
#3092=VERTEX_POINT('',#12230);
#3093=VERTEX_POINT('',#12232);
#3094=VERTEX_POINT('',#12239);
#3095=VERTEX_POINT('',#12240);
#3096=VERTEX_POINT('',#12242);
#3097=VERTEX_POINT('',#12252);
#3098=VERTEX_POINT('',#12253);
#3099=VERTEX_POINT('',#12255);
#3100=VERTEX_POINT('',#12262);
#3101=VERTEX_POINT('',#12263);
#3102=VERTEX_POINT('',#12265);
#3103=VERTEX_POINT('',#12275);
#3104=VERTEX_POINT('',#12276);
#3105=VERTEX_POINT('',#12278);
#3106=VERTEX_POINT('',#12304);
#3107=VERTEX_POINT('',#12306);
#3108=VERTEX_POINT('',#12309);
#3109=VERTEX_POINT('',#12313);
#3110=VERTEX_POINT('',#12314);
#3111=VERTEX_POINT('',#12316);
#3112=VERTEX_POINT('',#12318);
#3113=VERTEX_POINT('',#12322);
#3114=VERTEX_POINT('',#12324);
#3115=VERTEX_POINT('',#12328);
#3116=VERTEX_POINT('',#12330);
#3117=VERTEX_POINT('',#12339);
#3118=VERTEX_POINT('',#12341);
#3119=VERTEX_POINT('',#12344);
#3120=VERTEX_POINT('',#12348);
#3121=VERTEX_POINT('',#12349);
#3122=VERTEX_POINT('',#12351);
#3123=VERTEX_POINT('',#12353);
#3124=VERTEX_POINT('',#12357);
#3125=VERTEX_POINT('',#12359);
#3126=VERTEX_POINT('',#12363);
#3127=VERTEX_POINT('',#12365);
#3128=VERTEX_POINT('',#12374);
#3129=VERTEX_POINT('',#12376);
#3130=VERTEX_POINT('',#12379);
#3131=VERTEX_POINT('',#12383);
#3132=VERTEX_POINT('',#12384);
#3133=VERTEX_POINT('',#12386);
#3134=VERTEX_POINT('',#12388);
#3135=VERTEX_POINT('',#12392);
#3136=VERTEX_POINT('',#12394);
#3137=VERTEX_POINT('',#12398);
#3138=VERTEX_POINT('',#12400);
#3139=VERTEX_POINT('',#12409);
#3140=VERTEX_POINT('',#12411);
#3141=VERTEX_POINT('',#12414);
#3142=VERTEX_POINT('',#12418);
#3143=VERTEX_POINT('',#12419);
#3144=VERTEX_POINT('',#12421);
#3145=VERTEX_POINT('',#12423);
#3146=VERTEX_POINT('',#12427);
#3147=VERTEX_POINT('',#12429);
#3148=VERTEX_POINT('',#12433);
#3149=VERTEX_POINT('',#12435);
#3150=EDGE_CURVE('',#2530,#2531,#1388,.T.);
#3151=EDGE_CURVE('',#2530,#2532,#1389,.T.);
#3152=EDGE_CURVE('',#2532,#2533,#1390,.T.);
#3153=EDGE_CURVE('',#2531,#2533,#1391,.T.);
#3154=EDGE_CURVE('',#2534,#2530,#1392,.T.);
#3155=EDGE_CURVE('',#2534,#2535,#1393,.T.);
#3156=EDGE_CURVE('',#2535,#2532,#1394,.T.);
#3157=EDGE_CURVE('',#2536,#2534,#1395,.T.);
#3158=EDGE_CURVE('',#2536,#2537,#1396,.T.);
#3159=EDGE_CURVE('',#2537,#2535,#1397,.T.);
#3160=EDGE_CURVE('',#2538,#2536,#1398,.T.);
#3161=EDGE_CURVE('',#2538,#2539,#1399,.T.);
#3162=EDGE_CURVE('',#2539,#2537,#1400,.T.);
#3163=EDGE_CURVE('',#2540,#2538,#1401,.T.);
#3164=EDGE_CURVE('',#2540,#2541,#1402,.T.);
#3165=EDGE_CURVE('',#2541,#2539,#1403,.T.);
#3166=EDGE_CURVE('',#2542,#2540,#1404,.T.);
#3167=EDGE_CURVE('',#2542,#2543,#1405,.T.);
#3168=EDGE_CURVE('',#2543,#2541,#1406,.T.);
#3169=EDGE_CURVE('',#2544,#2542,#1407,.T.);
#3170=EDGE_CURVE('',#2544,#2545,#1408,.T.);
#3171=EDGE_CURVE('',#2545,#2543,#1409,.T.);
#3172=EDGE_CURVE('',#2546,#2544,#1410,.T.);
#3173=EDGE_CURVE('',#2546,#2547,#1411,.T.);
#3174=EDGE_CURVE('',#2547,#2545,#1412,.T.);
#3175=EDGE_CURVE('',#2548,#2546,#1413,.T.);
#3176=EDGE_CURVE('',#2548,#2549,#1414,.T.);
#3177=EDGE_CURVE('',#2549,#2547,#1415,.T.);
#3178=EDGE_CURVE('',#2550,#2548,#170,.T.);
#3179=EDGE_CURVE('',#2550,#2551,#1416,.T.);
#3180=EDGE_CURVE('',#2551,#2549,#171,.T.);
#3181=EDGE_CURVE('',#2552,#2550,#172,.T.);
#3182=EDGE_CURVE('',#2552,#2553,#1417,.T.);
#3183=EDGE_CURVE('',#2553,#2551,#173,.T.);
#3184=EDGE_CURVE('',#2554,#2552,#1418,.T.);
#3185=EDGE_CURVE('',#2554,#2555,#1419,.T.);
#3186=EDGE_CURVE('',#2555,#2553,#1420,.T.);
#3187=EDGE_CURVE('',#2556,#2554,#1421,.T.);
#3188=EDGE_CURVE('',#2556,#2557,#1422,.T.);
#3189=EDGE_CURVE('',#2557,#2555,#1423,.T.);
#3190=EDGE_CURVE('',#2558,#2556,#1424,.T.);
#3191=EDGE_CURVE('',#2558,#2559,#1425,.T.);
#3192=EDGE_CURVE('',#2559,#2557,#1426,.T.);
#3193=EDGE_CURVE('',#2531,#2558,#1427,.T.);
#3194=EDGE_CURVE('',#2533,#2559,#1428,.T.);
#3195=EDGE_CURVE('',#2560,#2561,#1429,.T.);
#3196=EDGE_CURVE('',#2560,#2562,#1430,.T.);
#3197=EDGE_CURVE('',#2562,#2563,#1431,.T.);
#3198=EDGE_CURVE('',#2561,#2563,#1432,.T.);
#3199=EDGE_CURVE('',#2564,#2560,#174,.T.);
#3200=EDGE_CURVE('',#2564,#2565,#1433,.T.);
#3201=EDGE_CURVE('',#2565,#2562,#175,.T.);
#3202=EDGE_CURVE('',#2566,#2564,#176,.T.);
#3203=EDGE_CURVE('',#2566,#2567,#1434,.T.);
#3204=EDGE_CURVE('',#2567,#2565,#177,.T.);
#3205=EDGE_CURVE('',#2568,#2566,#178,.T.);
#3206=EDGE_CURVE('',#2568,#2569,#1435,.T.);
#3207=EDGE_CURVE('',#2569,#2567,#179,.T.);
#3208=EDGE_CURVE('',#2570,#2568,#180,.T.);
#3209=EDGE_CURVE('',#2570,#2571,#1436,.T.);
#3210=EDGE_CURVE('',#2571,#2569,#181,.T.);
#3211=EDGE_CURVE('',#2572,#2570,#182,.T.);
#3212=EDGE_CURVE('',#2572,#2573,#1437,.T.);
#3213=EDGE_CURVE('',#2573,#2571,#183,.T.);
#3214=EDGE_CURVE('',#2574,#2572,#1438,.T.);
#3215=EDGE_CURVE('',#2574,#2575,#1439,.T.);
#3216=EDGE_CURVE('',#2575,#2573,#1440,.T.);
#3217=EDGE_CURVE('',#2561,#2574,#1441,.T.);
#3218=EDGE_CURVE('',#2563,#2575,#1442,.T.);
#3219=EDGE_CURVE('',#2576,#2577,#1443,.T.);
#3220=EDGE_CURVE('',#2576,#2578,#1444,.T.);
#3221=EDGE_CURVE('',#2578,#2579,#1445,.T.);
#3222=EDGE_CURVE('',#2577,#2579,#1446,.T.);
#3223=EDGE_CURVE('',#2580,#2576,#1447,.T.);
#3224=EDGE_CURVE('',#2580,#2581,#1448,.T.);
#3225=EDGE_CURVE('',#2581,#2578,#1449,.T.);
#3226=EDGE_CURVE('',#2582,#2580,#184,.T.);
#3227=EDGE_CURVE('',#2582,#2583,#1450,.T.);
#3228=EDGE_CURVE('',#2583,#2581,#185,.T.);
#3229=EDGE_CURVE('',#2584,#2582,#186,.T.);
#3230=EDGE_CURVE('',#2584,#2585,#1451,.T.);
#3231=EDGE_CURVE('',#2585,#2583,#187,.T.);
#3232=EDGE_CURVE('',#2586,#2584,#188,.T.);
#3233=EDGE_CURVE('',#2586,#2587,#1452,.T.);
#3234=EDGE_CURVE('',#2587,#2585,#189,.T.);
#3235=EDGE_CURVE('',#2588,#2586,#190,.T.);
#3236=EDGE_CURVE('',#2588,#2589,#1453,.T.);
#3237=EDGE_CURVE('',#2589,#2587,#191,.T.);
#3238=EDGE_CURVE('',#2590,#2588,#1454,.T.);
#3239=EDGE_CURVE('',#2590,#2591,#1455,.T.);
#3240=EDGE_CURVE('',#2591,#2589,#1456,.T.);
#3241=EDGE_CURVE('',#2592,#2590,#1457,.T.);
#3242=EDGE_CURVE('',#2592,#2593,#1458,.T.);
#3243=EDGE_CURVE('',#2593,#2591,#1459,.T.);
#3244=EDGE_CURVE('',#2594,#2592,#1460,.T.);
#3245=EDGE_CURVE('',#2594,#2595,#1461,.T.);
#3246=EDGE_CURVE('',#2595,#2593,#1462,.T.);
#3247=EDGE_CURVE('',#2596,#2594,#192,.T.);
#3248=EDGE_CURVE('',#2596,#2597,#1463,.T.);
#3249=EDGE_CURVE('',#2597,#2595,#193,.T.);
#3250=EDGE_CURVE('',#2598,#2596,#194,.T.);
#3251=EDGE_CURVE('',#2598,#2599,#1464,.T.);
#3252=EDGE_CURVE('',#2599,#2597,#195,.T.);
#3253=EDGE_CURVE('',#2600,#2598,#196,.T.);
#3254=EDGE_CURVE('',#2600,#2601,#1465,.T.);
#3255=EDGE_CURVE('',#2601,#2599,#197,.T.);
#3256=EDGE_CURVE('',#2602,#2600,#198,.T.);
#3257=EDGE_CURVE('',#2602,#2603,#1466,.T.);
#3258=EDGE_CURVE('',#2603,#2601,#199,.T.);
#3259=EDGE_CURVE('',#2604,#2602,#200,.T.);
#3260=EDGE_CURVE('',#2604,#2605,#1467,.T.);
#3261=EDGE_CURVE('',#2605,#2603,#201,.T.);
#3262=EDGE_CURVE('',#2606,#2604,#202,.T.);
#3263=EDGE_CURVE('',#2606,#2607,#1468,.T.);
#3264=EDGE_CURVE('',#2607,#2605,#203,.T.);
#3265=EDGE_CURVE('',#2608,#2606,#204,.T.);
#3266=EDGE_CURVE('',#2608,#2609,#1469,.T.);
#3267=EDGE_CURVE('',#2609,#2607,#205,.T.);
#3268=EDGE_CURVE('',#2610,#2608,#1470,.T.);
#3269=EDGE_CURVE('',#2610,#2611,#1471,.T.);
#3270=EDGE_CURVE('',#2611,#2609,#1472,.T.);
#3271=EDGE_CURVE('',#2612,#2610,#1473,.T.);
#3272=EDGE_CURVE('',#2612,#2613,#1474,.T.);
#3273=EDGE_CURVE('',#2613,#2611,#1475,.T.);
#3274=EDGE_CURVE('',#2577,#2612,#1476,.T.);
#3275=EDGE_CURVE('',#2579,#2613,#1477,.T.);
#3276=EDGE_CURVE('',#2614,#2615,#1478,.T.);
#3277=EDGE_CURVE('',#2614,#2616,#1479,.T.);
#3278=EDGE_CURVE('',#2616,#2617,#1480,.T.);
#3279=EDGE_CURVE('',#2615,#2617,#1481,.T.);
#3280=EDGE_CURVE('',#2618,#2614,#206,.T.);
#3281=EDGE_CURVE('',#2618,#2619,#1482,.T.);
#3282=EDGE_CURVE('',#2619,#2616,#207,.T.);
#3283=EDGE_CURVE('',#2620,#2618,#208,.T.);
#3284=EDGE_CURVE('',#2620,#2621,#1483,.T.);
#3285=EDGE_CURVE('',#2621,#2619,#209,.T.);
#3286=EDGE_CURVE('',#2622,#2620,#210,.T.);
#3287=EDGE_CURVE('',#2622,#2623,#1484,.T.);
#3288=EDGE_CURVE('',#2623,#2621,#211,.T.);
#3289=EDGE_CURVE('',#2624,#2622,#212,.T.);
#3290=EDGE_CURVE('',#2624,#2625,#1485,.T.);
#3291=EDGE_CURVE('',#2625,#2623,#213,.T.);
#3292=EDGE_CURVE('',#2626,#2624,#1486,.T.);
#3293=EDGE_CURVE('',#2626,#2627,#1487,.T.);
#3294=EDGE_CURVE('',#2627,#2625,#1488,.T.);
#3295=EDGE_CURVE('',#2628,#2626,#214,.T.);
#3296=EDGE_CURVE('',#2628,#2629,#1489,.T.);
#3297=EDGE_CURVE('',#2629,#2627,#215,.T.);
#3298=EDGE_CURVE('',#2630,#2628,#216,.T.);
#3299=EDGE_CURVE('',#2630,#2631,#1490,.T.);
#3300=EDGE_CURVE('',#2631,#2629,#217,.T.);
#3301=EDGE_CURVE('',#2632,#2630,#218,.T.);
#3302=EDGE_CURVE('',#2632,#2633,#1491,.T.);
#3303=EDGE_CURVE('',#2633,#2631,#219,.T.);
#3304=EDGE_CURVE('',#2634,#2632,#1492,.T.);
#3305=EDGE_CURVE('',#2634,#2635,#1493,.T.);
#3306=EDGE_CURVE('',#2635,#2633,#1494,.T.);
#3307=EDGE_CURVE('',#2636,#2634,#1495,.T.);
#3308=EDGE_CURVE('',#2636,#2637,#1496,.T.);
#3309=EDGE_CURVE('',#2637,#2635,#1497,.T.);
#3310=EDGE_CURVE('',#2638,#2636,#1498,.T.);
#3311=EDGE_CURVE('',#2638,#2639,#1499,.T.);
#3312=EDGE_CURVE('',#2639,#2637,#1500,.T.);
#3313=EDGE_CURVE('',#2615,#2638,#1501,.T.);
#3314=EDGE_CURVE('',#2617,#2639,#1502,.T.);
#3315=EDGE_CURVE('',#2640,#2641,#220,.T.);
#3316=EDGE_CURVE('',#2640,#2642,#1503,.T.);
#3317=EDGE_CURVE('',#2642,#2643,#221,.T.);
#3318=EDGE_CURVE('',#2641,#2643,#1504,.T.);
#3319=EDGE_CURVE('',#2644,#2640,#222,.T.);
#3320=EDGE_CURVE('',#2644,#2645,#1505,.T.);
#3321=EDGE_CURVE('',#2645,#2642,#223,.T.);
#3322=EDGE_CURVE('',#2646,#2644,#224,.T.);
#3323=EDGE_CURVE('',#2646,#2647,#1506,.T.);
#3324=EDGE_CURVE('',#2647,#2645,#225,.T.);
#3325=EDGE_CURVE('',#2648,#2646,#1507,.T.);
#3326=EDGE_CURVE('',#2648,#2649,#1508,.T.);
#3327=EDGE_CURVE('',#2649,#2647,#1509,.T.);
#3328=EDGE_CURVE('',#2641,#2648,#226,.T.);
#3329=EDGE_CURVE('',#2643,#2649,#227,.T.);
#3330=EDGE_CURVE('',#2650,#2651,#228,.T.);
#3331=EDGE_CURVE('',#2650,#2652,#1510,.T.);
#3332=EDGE_CURVE('',#2652,#2653,#229,.T.);
#3333=EDGE_CURVE('',#2651,#2653,#1511,.T.);
#3334=EDGE_CURVE('',#2654,#2650,#230,.T.);
#3335=EDGE_CURVE('',#2654,#2655,#1512,.T.);
#3336=EDGE_CURVE('',#2655,#2652,#231,.T.);
#3337=EDGE_CURVE('',#2656,#2654,#232,.T.);
#3338=EDGE_CURVE('',#2656,#2657,#1513,.T.);
#3339=EDGE_CURVE('',#2657,#2655,#233,.T.);
#3340=EDGE_CURVE('',#2658,#2656,#1514,.T.);
#3341=EDGE_CURVE('',#2658,#2659,#1515,.T.);
#3342=EDGE_CURVE('',#2659,#2657,#1516,.T.);
#3343=EDGE_CURVE('',#2660,#2658,#234,.T.);
#3344=EDGE_CURVE('',#2660,#2661,#1517,.T.);
#3345=EDGE_CURVE('',#2661,#2659,#235,.T.);
#3346=EDGE_CURVE('',#2662,#2660,#236,.T.);
#3347=EDGE_CURVE('',#2662,#2663,#1518,.T.);
#3348=EDGE_CURVE('',#2663,#2661,#237,.T.);
#3349=EDGE_CURVE('',#2664,#2662,#238,.T.);
#3350=EDGE_CURVE('',#2664,#2665,#1519,.T.);
#3351=EDGE_CURVE('',#2665,#2663,#239,.T.);
#3352=EDGE_CURVE('',#2666,#2664,#240,.T.);
#3353=EDGE_CURVE('',#2666,#2667,#1520,.T.);
#3354=EDGE_CURVE('',#2667,#2665,#241,.T.);
#3355=EDGE_CURVE('',#2668,#2666,#242,.T.);
#3356=EDGE_CURVE('',#2668,#2669,#1521,.T.);
#3357=EDGE_CURVE('',#2669,#2667,#243,.T.);
#3358=EDGE_CURVE('',#2670,#2668,#244,.T.);
#3359=EDGE_CURVE('',#2670,#2671,#1522,.T.);
#3360=EDGE_CURVE('',#2671,#2669,#245,.T.);
#3361=EDGE_CURVE('',#2672,#2670,#246,.T.);
#3362=EDGE_CURVE('',#2672,#2673,#1523,.T.);
#3363=EDGE_CURVE('',#2673,#2671,#247,.T.);
#3364=EDGE_CURVE('',#2674,#2672,#248,.T.);
#3365=EDGE_CURVE('',#2674,#2675,#1524,.T.);
#3366=EDGE_CURVE('',#2675,#2673,#249,.T.);
#3367=EDGE_CURVE('',#2676,#2674,#250,.T.);
#3368=EDGE_CURVE('',#2676,#2677,#1525,.T.);
#3369=EDGE_CURVE('',#2677,#2675,#251,.T.);
#3370=EDGE_CURVE('',#2678,#2676,#1526,.T.);
#3371=EDGE_CURVE('',#2678,#2679,#1527,.T.);
#3372=EDGE_CURVE('',#2679,#2677,#1528,.T.);
#3373=EDGE_CURVE('',#2651,#2678,#252,.T.);
#3374=EDGE_CURVE('',#2653,#2679,#253,.T.);
#3375=EDGE_CURVE('',#2680,#2681,#254,.T.);
#3376=EDGE_CURVE('',#2680,#2682,#1529,.T.);
#3377=EDGE_CURVE('',#2682,#2683,#255,.T.);
#3378=EDGE_CURVE('',#2681,#2683,#1530,.T.);
#3379=EDGE_CURVE('',#2684,#2680,#256,.T.);
#3380=EDGE_CURVE('',#2684,#2685,#1531,.T.);
#3381=EDGE_CURVE('',#2685,#2682,#257,.T.);
#3382=EDGE_CURVE('',#2686,#2684,#258,.T.);
#3383=EDGE_CURVE('',#2686,#2687,#1532,.T.);
#3384=EDGE_CURVE('',#2687,#2685,#259,.T.);
#3385=EDGE_CURVE('',#2688,#2686,#1533,.T.);
#3386=EDGE_CURVE('',#2688,#2689,#1534,.T.);
#3387=EDGE_CURVE('',#2689,#2687,#1535,.T.);
#3388=EDGE_CURVE('',#2690,#2688,#1536,.T.);
#3389=EDGE_CURVE('',#2690,#2691,#1537,.T.);
#3390=EDGE_CURVE('',#2691,#2689,#1538,.T.);
#3391=EDGE_CURVE('',#2692,#2690,#1539,.T.);
#3392=EDGE_CURVE('',#2692,#2693,#1540,.T.);
#3393=EDGE_CURVE('',#2693,#2691,#1541,.T.);
#3394=EDGE_CURVE('',#2694,#2692,#1542,.T.);
#3395=EDGE_CURVE('',#2694,#2695,#1543,.T.);
#3396=EDGE_CURVE('',#2695,#2693,#1544,.T.);
#3397=EDGE_CURVE('',#2696,#2694,#1545,.T.);
#3398=EDGE_CURVE('',#2696,#2697,#1546,.T.);
#3399=EDGE_CURVE('',#2697,#2695,#1547,.T.);
#3400=EDGE_CURVE('',#2698,#2696,#1548,.T.);
#3401=EDGE_CURVE('',#2698,#2699,#1549,.T.);
#3402=EDGE_CURVE('',#2699,#2697,#1550,.T.);
#3403=EDGE_CURVE('',#2700,#2698,#1551,.T.);
#3404=EDGE_CURVE('',#2700,#2701,#1552,.T.);
#3405=EDGE_CURVE('',#2701,#2699,#1553,.T.);
#3406=EDGE_CURVE('',#2702,#2700,#1554,.T.);
#3407=EDGE_CURVE('',#2702,#2703,#1555,.T.);
#3408=EDGE_CURVE('',#2703,#2701,#1556,.T.);
#3409=EDGE_CURVE('',#2704,#2702,#1557,.T.);
#3410=EDGE_CURVE('',#2704,#2705,#1558,.T.);
#3411=EDGE_CURVE('',#2705,#2703,#1559,.T.);
#3412=EDGE_CURVE('',#2706,#2704,#1560,.T.);
#3413=EDGE_CURVE('',#2706,#2707,#1561,.T.);
#3414=EDGE_CURVE('',#2707,#2705,#1562,.T.);
#3415=EDGE_CURVE('',#2708,#2706,#1563,.T.);
#3416=EDGE_CURVE('',#2708,#2709,#1564,.T.);
#3417=EDGE_CURVE('',#2709,#2707,#1565,.T.);
#3418=EDGE_CURVE('',#2710,#2708,#260,.T.);
#3419=EDGE_CURVE('',#2710,#2711,#1566,.T.);
#3420=EDGE_CURVE('',#2711,#2709,#261,.T.);
#3421=EDGE_CURVE('',#2712,#2710,#262,.T.);
#3422=EDGE_CURVE('',#2712,#2713,#1567,.T.);
#3423=EDGE_CURVE('',#2713,#2711,#263,.T.);
#3424=EDGE_CURVE('',#2714,#2712,#264,.T.);
#3425=EDGE_CURVE('',#2714,#2715,#1568,.T.);
#3426=EDGE_CURVE('',#2715,#2713,#265,.T.);
#3427=EDGE_CURVE('',#2716,#2714,#266,.T.);
#3428=EDGE_CURVE('',#2716,#2717,#1569,.T.);
#3429=EDGE_CURVE('',#2717,#2715,#267,.T.);
#3430=EDGE_CURVE('',#2718,#2716,#1570,.T.);
#3431=EDGE_CURVE('',#2718,#2719,#1571,.T.);
#3432=EDGE_CURVE('',#2719,#2717,#1572,.T.);
#3433=EDGE_CURVE('',#2681,#2718,#268,.T.);
#3434=EDGE_CURVE('',#2683,#2719,#269,.T.);
#3435=EDGE_CURVE('',#2720,#2721,#270,.T.);
#3436=EDGE_CURVE('',#2720,#2722,#1573,.T.);
#3437=EDGE_CURVE('',#2722,#2723,#271,.T.);
#3438=EDGE_CURVE('',#2721,#2723,#1574,.T.);
#3439=EDGE_CURVE('',#2724,#2720,#272,.T.);
#3440=EDGE_CURVE('',#2724,#2725,#1575,.T.);
#3441=EDGE_CURVE('',#2725,#2722,#273,.T.);
#3442=EDGE_CURVE('',#2726,#2724,#274,.T.);
#3443=EDGE_CURVE('',#2726,#2727,#1576,.T.);
#3444=EDGE_CURVE('',#2727,#2725,#275,.T.);
#3445=EDGE_CURVE('',#2728,#2726,#1577,.T.);
#3446=EDGE_CURVE('',#2728,#2729,#1578,.T.);
#3447=EDGE_CURVE('',#2729,#2727,#1579,.T.);
#3448=EDGE_CURVE('',#2721,#2728,#276,.T.);
#3449=EDGE_CURVE('',#2723,#2729,#277,.T.);
#3450=EDGE_CURVE('',#2730,#2731,#278,.T.);
#3451=EDGE_CURVE('',#2730,#2732,#1580,.T.);
#3452=EDGE_CURVE('',#2732,#2733,#279,.T.);
#3453=EDGE_CURVE('',#2731,#2733,#1581,.T.);
#3454=EDGE_CURVE('',#2734,#2730,#280,.T.);
#3455=EDGE_CURVE('',#2734,#2735,#1582,.T.);
#3456=EDGE_CURVE('',#2735,#2732,#281,.T.);
#3457=EDGE_CURVE('',#2736,#2734,#282,.T.);
#3458=EDGE_CURVE('',#2736,#2737,#1583,.T.);
#3459=EDGE_CURVE('',#2737,#2735,#283,.T.);
#3460=EDGE_CURVE('',#2738,#2736,#1584,.T.);
#3461=EDGE_CURVE('',#2738,#2739,#1585,.T.);
#3462=EDGE_CURVE('',#2739,#2737,#1586,.T.);
#3463=EDGE_CURVE('',#2740,#2738,#284,.T.);
#3464=EDGE_CURVE('',#2740,#2741,#1587,.T.);
#3465=EDGE_CURVE('',#2741,#2739,#285,.T.);
#3466=EDGE_CURVE('',#2742,#2740,#286,.T.);
#3467=EDGE_CURVE('',#2742,#2743,#1588,.T.);
#3468=EDGE_CURVE('',#2743,#2741,#287,.T.);
#3469=EDGE_CURVE('',#2744,#2742,#288,.T.);
#3470=EDGE_CURVE('',#2744,#2745,#1589,.T.);
#3471=EDGE_CURVE('',#2745,#2743,#289,.T.);
#3472=EDGE_CURVE('',#2746,#2744,#290,.T.);
#3473=EDGE_CURVE('',#2746,#2747,#1590,.T.);
#3474=EDGE_CURVE('',#2747,#2745,#291,.T.);
#3475=EDGE_CURVE('',#2748,#2746,#292,.T.);
#3476=EDGE_CURVE('',#2748,#2749,#1591,.T.);
#3477=EDGE_CURVE('',#2749,#2747,#293,.T.);
#3478=EDGE_CURVE('',#2750,#2748,#294,.T.);
#3479=EDGE_CURVE('',#2750,#2751,#1592,.T.);
#3480=EDGE_CURVE('',#2751,#2749,#295,.T.);
#3481=EDGE_CURVE('',#2752,#2750,#296,.T.);
#3482=EDGE_CURVE('',#2752,#2753,#1593,.T.);
#3483=EDGE_CURVE('',#2753,#2751,#297,.T.);
#3484=EDGE_CURVE('',#2754,#2752,#298,.T.);
#3485=EDGE_CURVE('',#2754,#2755,#1594,.T.);
#3486=EDGE_CURVE('',#2755,#2753,#299,.T.);
#3487=EDGE_CURVE('',#2756,#2754,#300,.T.);
#3488=EDGE_CURVE('',#2756,#2757,#1595,.T.);
#3489=EDGE_CURVE('',#2757,#2755,#301,.T.);
#3490=EDGE_CURVE('',#2758,#2756,#1596,.T.);
#3491=EDGE_CURVE('',#2758,#2759,#1597,.T.);
#3492=EDGE_CURVE('',#2759,#2757,#1598,.T.);
#3493=EDGE_CURVE('',#2731,#2758,#302,.T.);
#3494=EDGE_CURVE('',#2733,#2759,#303,.T.);
#3495=EDGE_CURVE('',#2760,#2761,#304,.T.);
#3496=EDGE_CURVE('',#2760,#2762,#1599,.T.);
#3497=EDGE_CURVE('',#2762,#2763,#305,.T.);
#3498=EDGE_CURVE('',#2761,#2763,#1600,.T.);
#3499=EDGE_CURVE('',#2764,#2760,#306,.T.);
#3500=EDGE_CURVE('',#2764,#2765,#1601,.T.);
#3501=EDGE_CURVE('',#2765,#2762,#307,.T.);
#3502=EDGE_CURVE('',#2766,#2764,#308,.T.);
#3503=EDGE_CURVE('',#2766,#2767,#1602,.T.);
#3504=EDGE_CURVE('',#2767,#2765,#309,.T.);
#3505=EDGE_CURVE('',#2768,#2766,#310,.T.);
#3506=EDGE_CURVE('',#2768,#2769,#1603,.T.);
#3507=EDGE_CURVE('',#2769,#2767,#311,.T.);
#3508=EDGE_CURVE('',#2770,#2768,#312,.T.);
#3509=EDGE_CURVE('',#2770,#2771,#1604,.T.);
#3510=EDGE_CURVE('',#2771,#2769,#313,.T.);
#3511=EDGE_CURVE('',#2772,#2770,#314,.T.);
#3512=EDGE_CURVE('',#2772,#2773,#1605,.T.);
#3513=EDGE_CURVE('',#2773,#2771,#315,.T.);
#3514=EDGE_CURVE('',#2774,#2772,#316,.T.);
#3515=EDGE_CURVE('',#2774,#2775,#1606,.T.);
#3516=EDGE_CURVE('',#2775,#2773,#317,.T.);
#3517=EDGE_CURVE('',#2776,#2774,#318,.T.);
#3518=EDGE_CURVE('',#2776,#2777,#1607,.T.);
#3519=EDGE_CURVE('',#2777,#2775,#319,.T.);
#3520=EDGE_CURVE('',#2778,#2776,#320,.T.);
#3521=EDGE_CURVE('',#2778,#2779,#1608,.T.);
#3522=EDGE_CURVE('',#2779,#2777,#321,.T.);
#3523=EDGE_CURVE('',#2761,#2778,#1609,.T.);
#3524=EDGE_CURVE('',#2763,#2779,#1610,.T.);
#3525=EDGE_CURVE('',#2780,#2781,#1611,.T.);
#3526=EDGE_CURVE('',#2780,#2782,#1612,.T.);
#3527=EDGE_CURVE('',#2782,#2783,#1613,.T.);
#3528=EDGE_CURVE('',#2781,#2783,#1614,.T.);
#3529=EDGE_CURVE('',#2784,#2780,#322,.T.);
#3530=EDGE_CURVE('',#2784,#2785,#1615,.T.);
#3531=EDGE_CURVE('',#2785,#2782,#323,.T.);
#3532=EDGE_CURVE('',#2786,#2784,#324,.T.);
#3533=EDGE_CURVE('',#2786,#2787,#1616,.T.);
#3534=EDGE_CURVE('',#2787,#2785,#325,.T.);
#3535=EDGE_CURVE('',#2788,#2786,#1617,.T.);
#3536=EDGE_CURVE('',#2788,#2789,#1618,.T.);
#3537=EDGE_CURVE('',#2789,#2787,#1619,.T.);
#3538=EDGE_CURVE('',#2790,#2788,#326,.T.);
#3539=EDGE_CURVE('',#2790,#2791,#1620,.T.);
#3540=EDGE_CURVE('',#2791,#2789,#327,.T.);
#3541=EDGE_CURVE('',#2792,#2790,#328,.T.);
#3542=EDGE_CURVE('',#2792,#2793,#1621,.T.);
#3543=EDGE_CURVE('',#2793,#2791,#329,.T.);
#3544=EDGE_CURVE('',#2794,#2792,#330,.T.);
#3545=EDGE_CURVE('',#2794,#2795,#1622,.T.);
#3546=EDGE_CURVE('',#2795,#2793,#331,.T.);
#3547=EDGE_CURVE('',#2796,#2794,#332,.T.);
#3548=EDGE_CURVE('',#2796,#2797,#1623,.T.);
#3549=EDGE_CURVE('',#2797,#2795,#333,.T.);
#3550=EDGE_CURVE('',#2798,#2796,#334,.T.);
#3551=EDGE_CURVE('',#2798,#2799,#1624,.T.);
#3552=EDGE_CURVE('',#2799,#2797,#335,.T.);
#3553=EDGE_CURVE('',#2800,#2798,#336,.T.);
#3554=EDGE_CURVE('',#2800,#2801,#1625,.T.);
#3555=EDGE_CURVE('',#2801,#2799,#337,.T.);
#3556=EDGE_CURVE('',#2802,#2800,#338,.T.);
#3557=EDGE_CURVE('',#2802,#2803,#1626,.T.);
#3558=EDGE_CURVE('',#2803,#2801,#339,.T.);
#3559=EDGE_CURVE('',#2804,#2802,#1627,.T.);
#3560=EDGE_CURVE('',#2804,#2805,#1628,.T.);
#3561=EDGE_CURVE('',#2805,#2803,#1629,.T.);
#3562=EDGE_CURVE('',#2806,#2804,#340,.T.);
#3563=EDGE_CURVE('',#2806,#2807,#1630,.T.);
#3564=EDGE_CURVE('',#2807,#2805,#341,.T.);
#3565=EDGE_CURVE('',#2808,#2806,#342,.T.);
#3566=EDGE_CURVE('',#2808,#2809,#1631,.T.);
#3567=EDGE_CURVE('',#2809,#2807,#343,.T.);
#3568=EDGE_CURVE('',#2810,#2808,#344,.T.);
#3569=EDGE_CURVE('',#2810,#2811,#1632,.T.);
#3570=EDGE_CURVE('',#2811,#2809,#345,.T.);
#3571=EDGE_CURVE('',#2812,#2810,#346,.T.);
#3572=EDGE_CURVE('',#2812,#2813,#1633,.T.);
#3573=EDGE_CURVE('',#2813,#2811,#347,.T.);
#3574=EDGE_CURVE('',#2814,#2812,#348,.T.);
#3575=EDGE_CURVE('',#2814,#2815,#1634,.T.);
#3576=EDGE_CURVE('',#2815,#2813,#349,.T.);
#3577=EDGE_CURVE('',#2816,#2814,#350,.T.);
#3578=EDGE_CURVE('',#2816,#2817,#1635,.T.);
#3579=EDGE_CURVE('',#2817,#2815,#351,.T.);
#3580=EDGE_CURVE('',#2818,#2816,#352,.T.);
#3581=EDGE_CURVE('',#2818,#2819,#1636,.T.);
#3582=EDGE_CURVE('',#2819,#2817,#353,.T.);
#3583=EDGE_CURVE('',#2820,#2818,#354,.T.);
#3584=EDGE_CURVE('',#2820,#2821,#1637,.T.);
#3585=EDGE_CURVE('',#2821,#2819,#355,.T.);
#3586=EDGE_CURVE('',#2822,#2820,#356,.T.);
#3587=EDGE_CURVE('',#2822,#2823,#1638,.T.);
#3588=EDGE_CURVE('',#2823,#2821,#357,.T.);
#3589=EDGE_CURVE('',#2824,#2822,#358,.T.);
#3590=EDGE_CURVE('',#2824,#2825,#1639,.T.);
#3591=EDGE_CURVE('',#2825,#2823,#359,.T.);
#3592=EDGE_CURVE('',#2826,#2824,#360,.T.);
#3593=EDGE_CURVE('',#2826,#2827,#1640,.T.);
#3594=EDGE_CURVE('',#2827,#2825,#361,.T.);
#3595=EDGE_CURVE('',#2828,#2826,#362,.T.);
#3596=EDGE_CURVE('',#2828,#2829,#1641,.T.);
#3597=EDGE_CURVE('',#2829,#2827,#363,.T.);
#3598=EDGE_CURVE('',#2830,#2828,#364,.T.);
#3599=EDGE_CURVE('',#2830,#2831,#1642,.T.);
#3600=EDGE_CURVE('',#2831,#2829,#365,.T.);
#3601=EDGE_CURVE('',#2832,#2830,#366,.T.);
#3602=EDGE_CURVE('',#2832,#2833,#1643,.T.);
#3603=EDGE_CURVE('',#2833,#2831,#367,.T.);
#3604=EDGE_CURVE('',#2781,#2832,#368,.T.);
#3605=EDGE_CURVE('',#2783,#2833,#369,.T.);
#3606=EDGE_CURVE('',#2834,#2835,#370,.T.);
#3607=EDGE_CURVE('',#2834,#2836,#1644,.T.);
#3608=EDGE_CURVE('',#2836,#2837,#371,.T.);
#3609=EDGE_CURVE('',#2835,#2837,#1645,.T.);
#3610=EDGE_CURVE('',#2838,#2834,#372,.T.);
#3611=EDGE_CURVE('',#2838,#2839,#1646,.T.);
#3612=EDGE_CURVE('',#2839,#2836,#373,.T.);
#3613=EDGE_CURVE('',#2840,#2838,#374,.T.);
#3614=EDGE_CURVE('',#2840,#2841,#1647,.T.);
#3615=EDGE_CURVE('',#2841,#2839,#375,.T.);
#3616=EDGE_CURVE('',#2842,#2840,#376,.T.);
#3617=EDGE_CURVE('',#2842,#2843,#1648,.T.);
#3618=EDGE_CURVE('',#2843,#2841,#377,.T.);
#3619=EDGE_CURVE('',#2844,#2842,#378,.T.);
#3620=EDGE_CURVE('',#2844,#2845,#1649,.T.);
#3621=EDGE_CURVE('',#2845,#2843,#379,.T.);
#3622=EDGE_CURVE('',#2846,#2844,#380,.T.);
#3623=EDGE_CURVE('',#2846,#2847,#1650,.T.);
#3624=EDGE_CURVE('',#2847,#2845,#381,.T.);
#3625=EDGE_CURVE('',#2848,#2846,#382,.T.);
#3626=EDGE_CURVE('',#2848,#2849,#1651,.T.);
#3627=EDGE_CURVE('',#2849,#2847,#383,.T.);
#3628=EDGE_CURVE('',#2835,#2848,#384,.T.);
#3629=EDGE_CURVE('',#2837,#2849,#385,.T.);
#3630=EDGE_CURVE('',#2850,#2851,#1652,.T.);
#3631=EDGE_CURVE('',#2850,#2852,#1653,.T.);
#3632=EDGE_CURVE('',#2852,#2853,#1654,.T.);
#3633=EDGE_CURVE('',#2851,#2853,#1655,.T.);
#3634=EDGE_CURVE('',#2854,#2850,#386,.T.);
#3635=EDGE_CURVE('',#2854,#2855,#1656,.T.);
#3636=EDGE_CURVE('',#2855,#2852,#387,.T.);
#3637=EDGE_CURVE('',#2856,#2854,#388,.T.);
#3638=EDGE_CURVE('',#2856,#2857,#1657,.T.);
#3639=EDGE_CURVE('',#2857,#2855,#389,.T.);
#3640=EDGE_CURVE('',#2858,#2856,#390,.T.);
#3641=EDGE_CURVE('',#2858,#2859,#1658,.T.);
#3642=EDGE_CURVE('',#2859,#2857,#391,.T.);
#3643=EDGE_CURVE('',#2860,#2858,#392,.T.);
#3644=EDGE_CURVE('',#2860,#2861,#1659,.T.);
#3645=EDGE_CURVE('',#2861,#2859,#393,.T.);
#3646=EDGE_CURVE('',#2862,#2860,#394,.T.);
#3647=EDGE_CURVE('',#2862,#2863,#1660,.T.);
#3648=EDGE_CURVE('',#2863,#2861,#395,.T.);
#3649=EDGE_CURVE('',#2864,#2862,#396,.T.);
#3650=EDGE_CURVE('',#2864,#2865,#1661,.T.);
#3651=EDGE_CURVE('',#2865,#2863,#397,.T.);
#3652=EDGE_CURVE('',#2866,#2864,#398,.T.);
#3653=EDGE_CURVE('',#2866,#2867,#1662,.T.);
#3654=EDGE_CURVE('',#2867,#2865,#399,.T.);
#3655=EDGE_CURVE('',#2868,#2866,#400,.T.);
#3656=EDGE_CURVE('',#2868,#2869,#1663,.T.);
#3657=EDGE_CURVE('',#2869,#2867,#401,.T.);
#3658=EDGE_CURVE('',#2870,#2868,#402,.T.);
#3659=EDGE_CURVE('',#2870,#2871,#1664,.T.);
#3660=EDGE_CURVE('',#2871,#2869,#403,.T.);
#3661=EDGE_CURVE('',#2872,#2870,#404,.T.);
#3662=EDGE_CURVE('',#2872,#2873,#1665,.T.);
#3663=EDGE_CURVE('',#2873,#2871,#405,.T.);
#3664=EDGE_CURVE('',#2874,#2872,#1666,.T.);
#3665=EDGE_CURVE('',#2874,#2875,#1667,.T.);
#3666=EDGE_CURVE('',#2875,#2873,#1668,.T.);
#3667=EDGE_CURVE('',#2876,#2874,#1669,.T.);
#3668=EDGE_CURVE('',#2876,#2877,#1670,.T.);
#3669=EDGE_CURVE('',#2877,#2875,#1671,.T.);
#3670=EDGE_CURVE('',#2878,#2876,#1672,.T.);
#3671=EDGE_CURVE('',#2878,#2879,#1673,.T.);
#3672=EDGE_CURVE('',#2879,#2877,#1674,.T.);
#3673=EDGE_CURVE('',#2851,#2878,#1675,.T.);
#3674=EDGE_CURVE('',#2853,#2879,#1676,.T.);
#3675=EDGE_CURVE('',#2880,#2881,#406,.T.);
#3676=EDGE_CURVE('',#2880,#2882,#1677,.T.);
#3677=EDGE_CURVE('',#2882,#2883,#407,.T.);
#3678=EDGE_CURVE('',#2881,#2883,#1678,.T.);
#3679=EDGE_CURVE('',#2884,#2880,#408,.T.);
#3680=EDGE_CURVE('',#2884,#2885,#1679,.T.);
#3681=EDGE_CURVE('',#2885,#2882,#409,.T.);
#3682=EDGE_CURVE('',#2886,#2884,#410,.T.);
#3683=EDGE_CURVE('',#2886,#2887,#1680,.T.);
#3684=EDGE_CURVE('',#2887,#2885,#411,.T.);
#3685=EDGE_CURVE('',#2888,#2886,#1681,.T.);
#3686=EDGE_CURVE('',#2888,#2889,#1682,.T.);
#3687=EDGE_CURVE('',#2889,#2887,#1683,.T.);
#3688=EDGE_CURVE('',#2881,#2888,#412,.T.);
#3689=EDGE_CURVE('',#2883,#2889,#413,.T.);
#3690=EDGE_CURVE('',#2890,#2891,#414,.T.);
#3691=EDGE_CURVE('',#2890,#2892,#1684,.T.);
#3692=EDGE_CURVE('',#2892,#2893,#415,.T.);
#3693=EDGE_CURVE('',#2891,#2893,#1685,.T.);
#3694=EDGE_CURVE('',#2894,#2890,#416,.T.);
#3695=EDGE_CURVE('',#2894,#2895,#1686,.T.);
#3696=EDGE_CURVE('',#2895,#2892,#417,.T.);
#3697=EDGE_CURVE('',#2896,#2894,#418,.T.);
#3698=EDGE_CURVE('',#2896,#2897,#1687,.T.);
#3699=EDGE_CURVE('',#2897,#2895,#419,.T.);
#3700=EDGE_CURVE('',#2898,#2896,#1688,.T.);
#3701=EDGE_CURVE('',#2898,#2899,#1689,.T.);
#3702=EDGE_CURVE('',#2899,#2897,#1690,.T.);
#3703=EDGE_CURVE('',#2900,#2898,#420,.T.);
#3704=EDGE_CURVE('',#2900,#2901,#1691,.T.);
#3705=EDGE_CURVE('',#2901,#2899,#421,.T.);
#3706=EDGE_CURVE('',#2902,#2900,#422,.T.);
#3707=EDGE_CURVE('',#2902,#2903,#1692,.T.);
#3708=EDGE_CURVE('',#2903,#2901,#423,.T.);
#3709=EDGE_CURVE('',#2904,#2902,#424,.T.);
#3710=EDGE_CURVE('',#2904,#2905,#1693,.T.);
#3711=EDGE_CURVE('',#2905,#2903,#425,.T.);
#3712=EDGE_CURVE('',#2906,#2904,#426,.T.);
#3713=EDGE_CURVE('',#2906,#2907,#1694,.T.);
#3714=EDGE_CURVE('',#2907,#2905,#427,.T.);
#3715=EDGE_CURVE('',#2908,#2906,#428,.T.);
#3716=EDGE_CURVE('',#2908,#2909,#1695,.T.);
#3717=EDGE_CURVE('',#2909,#2907,#429,.T.);
#3718=EDGE_CURVE('',#2910,#2908,#430,.T.);
#3719=EDGE_CURVE('',#2910,#2911,#1696,.T.);
#3720=EDGE_CURVE('',#2911,#2909,#431,.T.);
#3721=EDGE_CURVE('',#2912,#2910,#432,.T.);
#3722=EDGE_CURVE('',#2912,#2913,#1697,.T.);
#3723=EDGE_CURVE('',#2913,#2911,#433,.T.);
#3724=EDGE_CURVE('',#2914,#2912,#434,.T.);
#3725=EDGE_CURVE('',#2914,#2915,#1698,.T.);
#3726=EDGE_CURVE('',#2915,#2913,#435,.T.);
#3727=EDGE_CURVE('',#2916,#2914,#436,.T.);
#3728=EDGE_CURVE('',#2916,#2917,#1699,.T.);
#3729=EDGE_CURVE('',#2917,#2915,#437,.T.);
#3730=EDGE_CURVE('',#2918,#2916,#1700,.T.);
#3731=EDGE_CURVE('',#2918,#2919,#1701,.T.);
#3732=EDGE_CURVE('',#2919,#2917,#1702,.T.);
#3733=EDGE_CURVE('',#2891,#2918,#438,.T.);
#3734=EDGE_CURVE('',#2893,#2919,#439,.T.);
#3735=EDGE_CURVE('',#2920,#2921,#1703,.T.);
#3736=EDGE_CURVE('',#2920,#2922,#1704,.T.);
#3737=EDGE_CURVE('',#2922,#2923,#1705,.T.);
#3738=EDGE_CURVE('',#2921,#2923,#1706,.T.);
#3739=EDGE_CURVE('',#2924,#2920,#440,.T.);
#3740=EDGE_CURVE('',#2924,#2925,#1707,.T.);
#3741=EDGE_CURVE('',#2925,#2922,#441,.T.);
#3742=EDGE_CURVE('',#2926,#2924,#442,.T.);
#3743=EDGE_CURVE('',#2926,#2927,#1708,.T.);
#3744=EDGE_CURVE('',#2927,#2925,#443,.T.);
#3745=EDGE_CURVE('',#2928,#2926,#1709,.T.);
#3746=EDGE_CURVE('',#2928,#2929,#1710,.T.);
#3747=EDGE_CURVE('',#2929,#2927,#1711,.T.);
#3748=EDGE_CURVE('',#2930,#2928,#1712,.T.);
#3749=EDGE_CURVE('',#2930,#2931,#1713,.T.);
#3750=EDGE_CURVE('',#2931,#2929,#1714,.T.);
#3751=EDGE_CURVE('',#2932,#2930,#1715,.T.);
#3752=EDGE_CURVE('',#2932,#2933,#1716,.T.);
#3753=EDGE_CURVE('',#2933,#2931,#1717,.T.);
#3754=EDGE_CURVE('',#2934,#2932,#1718,.T.);
#3755=EDGE_CURVE('',#2934,#2935,#1719,.T.);
#3756=EDGE_CURVE('',#2935,#2933,#1720,.T.);
#3757=EDGE_CURVE('',#2936,#2934,#1721,.T.);
#3758=EDGE_CURVE('',#2936,#2937,#1722,.T.);
#3759=EDGE_CURVE('',#2937,#2935,#1723,.T.);
#3760=EDGE_CURVE('',#2938,#2936,#1724,.T.);
#3761=EDGE_CURVE('',#2938,#2939,#1725,.T.);
#3762=EDGE_CURVE('',#2939,#2937,#1726,.T.);
#3763=EDGE_CURVE('',#2940,#2938,#444,.T.);
#3764=EDGE_CURVE('',#2940,#2941,#1727,.T.);
#3765=EDGE_CURVE('',#2941,#2939,#445,.T.);
#3766=EDGE_CURVE('',#2942,#2940,#446,.T.);
#3767=EDGE_CURVE('',#2942,#2943,#1728,.T.);
#3768=EDGE_CURVE('',#2943,#2941,#447,.T.);
#3769=EDGE_CURVE('',#2944,#2942,#1729,.T.);
#3770=EDGE_CURVE('',#2944,#2945,#1730,.T.);
#3771=EDGE_CURVE('',#2945,#2943,#1731,.T.);
#3772=EDGE_CURVE('',#2946,#2944,#1732,.T.);
#3773=EDGE_CURVE('',#2946,#2947,#1733,.T.);
#3774=EDGE_CURVE('',#2947,#2945,#1734,.T.);
#3775=EDGE_CURVE('',#2948,#2946,#1735,.T.);
#3776=EDGE_CURVE('',#2948,#2949,#1736,.T.);
#3777=EDGE_CURVE('',#2949,#2947,#1737,.T.);
#3778=EDGE_CURVE('',#2950,#2948,#1738,.T.);
#3779=EDGE_CURVE('',#2950,#2951,#1739,.T.);
#3780=EDGE_CURVE('',#2951,#2949,#1740,.T.);
#3781=EDGE_CURVE('',#2921,#2950,#1741,.T.);
#3782=EDGE_CURVE('',#2923,#2951,#1742,.T.);
#3783=EDGE_CURVE('',#2952,#2953,#1743,.T.);
#3784=EDGE_CURVE('',#2952,#2954,#1744,.T.);
#3785=EDGE_CURVE('',#2954,#2955,#1745,.T.);
#3786=EDGE_CURVE('',#2953,#2955,#1746,.T.);
#3787=EDGE_CURVE('',#2956,#2952,#448,.T.);
#3788=EDGE_CURVE('',#2956,#2957,#1747,.T.);
#3789=EDGE_CURVE('',#2957,#2954,#449,.T.);
#3790=EDGE_CURVE('',#2958,#2956,#450,.T.);
#3791=EDGE_CURVE('',#2958,#2959,#1748,.T.);
#3792=EDGE_CURVE('',#2959,#2957,#451,.T.);
#3793=EDGE_CURVE('',#2960,#2958,#452,.T.);
#3794=EDGE_CURVE('',#2960,#2961,#1749,.T.);
#3795=EDGE_CURVE('',#2961,#2959,#453,.T.);
#3796=EDGE_CURVE('',#2962,#2960,#454,.T.);
#3797=EDGE_CURVE('',#2962,#2963,#1750,.T.);
#3798=EDGE_CURVE('',#2963,#2961,#455,.T.);
#3799=EDGE_CURVE('',#2964,#2962,#456,.T.);
#3800=EDGE_CURVE('',#2964,#2965,#1751,.T.);
#3801=EDGE_CURVE('',#2965,#2963,#457,.T.);
#3802=EDGE_CURVE('',#2966,#2964,#458,.T.);
#3803=EDGE_CURVE('',#2966,#2967,#1752,.T.);
#3804=EDGE_CURVE('',#2967,#2965,#459,.T.);
#3805=EDGE_CURVE('',#2968,#2966,#460,.T.);
#3806=EDGE_CURVE('',#2968,#2969,#1753,.T.);
#3807=EDGE_CURVE('',#2969,#2967,#461,.T.);
#3808=EDGE_CURVE('',#2970,#2968,#1754,.T.);
#3809=EDGE_CURVE('',#2970,#2971,#1755,.T.);
#3810=EDGE_CURVE('',#2971,#2969,#1756,.T.);
#3811=EDGE_CURVE('',#2953,#2970,#1757,.T.);
#3812=EDGE_CURVE('',#2955,#2971,#1758,.T.);
#3813=EDGE_CURVE('',#2972,#2973,#462,.T.);
#3814=EDGE_CURVE('',#2972,#2974,#1759,.T.);
#3815=EDGE_CURVE('',#2974,#2975,#463,.T.);
#3816=EDGE_CURVE('',#2973,#2975,#1760,.T.);
#3817=EDGE_CURVE('',#2976,#2972,#464,.T.);
#3818=EDGE_CURVE('',#2976,#2977,#1761,.T.);
#3819=EDGE_CURVE('',#2977,#2974,#465,.T.);
#3820=EDGE_CURVE('',#2978,#2976,#466,.T.);
#3821=EDGE_CURVE('',#2978,#2979,#1762,.T.);
#3822=EDGE_CURVE('',#2979,#2977,#467,.T.);
#3823=EDGE_CURVE('',#2980,#2978,#468,.T.);
#3824=EDGE_CURVE('',#2980,#2981,#1763,.T.);
#3825=EDGE_CURVE('',#2981,#2979,#469,.T.);
#3826=EDGE_CURVE('',#2982,#2980,#470,.T.);
#3827=EDGE_CURVE('',#2982,#2983,#1764,.T.);
#3828=EDGE_CURVE('',#2983,#2981,#471,.T.);
#3829=EDGE_CURVE('',#2984,#2982,#472,.T.);
#3830=EDGE_CURVE('',#2984,#2985,#1765,.T.);
#3831=EDGE_CURVE('',#2985,#2983,#473,.T.);
#3832=EDGE_CURVE('',#2986,#2984,#474,.T.);
#3833=EDGE_CURVE('',#2986,#2987,#1766,.T.);
#3834=EDGE_CURVE('',#2987,#2985,#475,.T.);
#3835=EDGE_CURVE('',#2988,#2986,#476,.T.);
#3836=EDGE_CURVE('',#2988,#2989,#1767,.T.);
#3837=EDGE_CURVE('',#2989,#2987,#477,.T.);
#3838=EDGE_CURVE('',#2990,#2988,#478,.T.);
#3839=EDGE_CURVE('',#2990,#2991,#1768,.T.);
#3840=EDGE_CURVE('',#2991,#2989,#479,.T.);
#3841=EDGE_CURVE('',#2992,#2990,#1769,.T.);
#3842=EDGE_CURVE('',#2992,#2993,#1770,.T.);
#3843=EDGE_CURVE('',#2993,#2991,#1771,.T.);
#3844=EDGE_CURVE('',#2994,#2992,#1772,.T.);
#3845=EDGE_CURVE('',#2994,#2995,#1773,.T.);
#3846=EDGE_CURVE('',#2995,#2993,#1774,.T.);
#3847=EDGE_CURVE('',#2973,#2994,#1775,.T.);
#3848=EDGE_CURVE('',#2975,#2995,#1776,.T.);
#3849=EDGE_CURVE('',#2996,#2996,#35,.T.);
#3850=EDGE_CURVE('',#2996,#2997,#1777,.T.);
#3851=EDGE_CURVE('',#2997,#2997,#36,.T.);
#3852=EDGE_CURVE('',#2998,#2998,#37,.T.);
#3853=EDGE_CURVE('',#2998,#2999,#1778,.T.);
#3854=EDGE_CURVE('',#2999,#2999,#38,.T.);
#3855=EDGE_CURVE('',#3000,#3001,#1779,.T.);
#3856=EDGE_CURVE('',#3002,#3000,#1780,.T.);
#3857=EDGE_CURVE('',#3003,#3002,#1781,.T.);
#3858=EDGE_CURVE('',#3003,#3001,#1782,.T.);
#3859=EDGE_CURVE('',#3001,#3004,#39,.T.);
#3860=EDGE_CURVE('',#3005,#3003,#40,.T.);
#3861=EDGE_CURVE('',#3005,#3004,#1783,.T.);
#3862=EDGE_CURVE('',#3004,#3006,#1784,.T.);
#3863=EDGE_CURVE('',#3007,#3005,#1785,.T.);
#3864=EDGE_CURVE('',#3007,#3006,#1786,.T.);
#3865=EDGE_CURVE('',#3006,#3000,#41,.T.);
#3866=EDGE_CURVE('',#3002,#3007,#42,.T.);
#3867=EDGE_CURVE('',#3008,#3008,#43,.T.);
#3868=EDGE_CURVE('',#3008,#3009,#1787,.T.);
#3869=EDGE_CURVE('',#3010,#3009,#44,.T.);
#3870=EDGE_CURVE('',#3009,#3010,#45,.T.);
#3871=EDGE_CURVE('',#3011,#3012,#46,.T.);
#3872=EDGE_CURVE('',#3012,#3011,#47,.T.);
#3873=EDGE_CURVE('',#3012,#3013,#1788,.T.);
#3874=EDGE_CURVE('',#3013,#3013,#48,.T.);
#3875=EDGE_CURVE('',#3014,#3014,#49,.T.);
#3876=EDGE_CURVE('',#3014,#3015,#1789,.T.);
#3877=EDGE_CURVE('',#3015,#3015,#50,.T.);
#3878=EDGE_CURVE('',#3016,#3016,#51,.T.);
#3879=EDGE_CURVE('',#3016,#3017,#1790,.T.);
#3880=EDGE_CURVE('',#3017,#3017,#52,.T.);
#3881=EDGE_CURVE('',#3018,#3018,#53,.T.);
#3882=EDGE_CURVE('',#3018,#3019,#1791,.T.);
#3883=EDGE_CURVE('',#3020,#3019,#54,.T.);
#3884=EDGE_CURVE('',#3021,#3020,#1792,.T.);
#3885=EDGE_CURVE('',#3021,#3020,#1793,.T.);
#3886=EDGE_CURVE('',#3019,#3020,#55,.T.);
#3887=EDGE_CURVE('',#3022,#3023,#1794,.T.);
#3888=EDGE_CURVE('',#3024,#3022,#56,.T.);
#3889=EDGE_CURVE('',#3024,#3025,#1795,.T.);
#3890=EDGE_CURVE('',#3025,#3025,#57,.T.);
#3891=EDGE_CURVE('',#3022,#3024,#58,.T.);
#3892=EDGE_CURVE('',#3022,#3023,#1796,.T.);
#3893=EDGE_CURVE('',#3011,#3026,#1797,.T.);
#3894=EDGE_CURVE('',#3026,#3027,#1798,.T.);
#3895=EDGE_CURVE('',#3027,#3028,#1799,.T.);
#3896=EDGE_CURVE('',#3028,#3029,#1800,.T.);
#3897=EDGE_CURVE('',#3029,#3030,#1801,.T.);
#3898=EDGE_CURVE('',#3030,#3031,#1802,.F.);
#3899=EDGE_CURVE('',#3031,#3032,#1803,.T.);
#3900=EDGE_CURVE('',#3032,#3033,#1804,.T.);
#3901=EDGE_CURVE('',#3034,#3033,#1805,.F.);
#3902=EDGE_CURVE('',#3034,#3035,#1806,.T.);
#3903=EDGE_CURVE('',#3035,#3010,#1807,.T.);
#3904=EDGE_CURVE('',#3010,#3036,#1808,.T.);
#3905=EDGE_CURVE('',#3036,#3037,#1809,.T.);
#3906=EDGE_CURVE('',#3038,#3037,#1810,.F.);
#3907=EDGE_CURVE('',#3038,#3039,#1811,.T.);
#3908=EDGE_CURVE('',#3039,#3040,#1812,.T.);
#3909=EDGE_CURVE('',#3041,#3040,#1813,.F.);
#3910=EDGE_CURVE('',#3041,#3042,#1814,.T.);
#3911=EDGE_CURVE('',#3042,#3043,#1815,.T.);
#3912=EDGE_CURVE('',#3043,#3044,#1816,.T.);
#3913=EDGE_CURVE('',#3044,#3045,#1817,.T.);
#3914=EDGE_CURVE('',#3045,#3011,#1818,.T.);
#3915=EDGE_CURVE('',#3046,#3022,#1819,.T.);
#3916=EDGE_CURVE('',#3047,#3046,#1820,.T.);
#3917=EDGE_CURVE('',#3023,#3047,#1821,.T.);
#3918=EDGE_CURVE('',#3048,#3021,#1822,.T.);
#3919=EDGE_CURVE('',#3048,#3049,#1823,.T.);
#3920=EDGE_CURVE('',#3020,#3049,#1824,.T.);
#3921=EDGE_CURVE('',#3050,#3026,#1825,.T.);
#3922=EDGE_CURVE('',#3045,#3046,#1826,.T.);
#3923=EDGE_CURVE('',#3022,#3050,#1827,.T.);
#3924=EDGE_CURVE('',#3035,#3051,#1828,.T.);
#3925=EDGE_CURVE('',#3051,#3020,#1829,.T.);
#3926=EDGE_CURVE('',#3049,#3036,#1830,.T.);
#3927=EDGE_CURVE('',#3052,#3023,#1831,.T.);
#3928=EDGE_CURVE('',#3052,#3050,#1832,.T.);
#3929=EDGE_CURVE('',#3047,#3044,#1833,.T.);
#3930=EDGE_CURVE('',#3027,#3052,#1834,.T.);
#3931=EDGE_CURVE('',#3037,#3048,#1835,.T.);
#3932=EDGE_CURVE('',#3053,#3051,#1836,.T.);
#3933=EDGE_CURVE('',#3021,#3053,#1837,.T.);
#3934=EDGE_CURVE('',#3053,#3034,#1838,.T.);
#3935=EDGE_CURVE('',#3033,#3054,#1839,.T.);
#3936=EDGE_CURVE('',#3054,#3055,#1840,.T.);
#3937=EDGE_CURVE('',#3055,#3056,#1841,.T.);
#3938=EDGE_CURVE('',#3057,#3056,#1842,.T.);
#3939=EDGE_CURVE('',#3057,#3058,#1843,.F.);
#3940=EDGE_CURVE('',#3058,#3059,#1844,.T.);
#3941=EDGE_CURVE('',#3059,#3038,#1845,.T.);
#3942=EDGE_CURVE('',#3060,#3060,#59,.T.);
#3943=EDGE_CURVE('',#3060,#3061,#1846,.T.);
#3944=EDGE_CURVE('',#3061,#3061,#60,.T.);
#3945=EDGE_CURVE('',#3062,#3062,#61,.T.);
#3946=EDGE_CURVE('',#3062,#3063,#1847,.T.);
#3947=EDGE_CURVE('',#3063,#3063,#62,.T.);
#3948=EDGE_CURVE('',#3064,#3064,#63,.T.);
#3949=EDGE_CURVE('',#3064,#3065,#1848,.T.);
#3950=EDGE_CURVE('',#3065,#3065,#64,.T.);
#3951=EDGE_CURVE('',#3066,#3066,#65,.T.);
#3952=EDGE_CURVE('',#3066,#3067,#1849,.T.);
#3953=EDGE_CURVE('',#3067,#3067,#66,.T.);
#3954=EDGE_CURVE('',#3068,#3028,#1850,.T.);
#3955=EDGE_CURVE('',#3069,#3068,#1851,.T.);
#3956=EDGE_CURVE('',#3029,#3069,#1852,.T.);
#3957=EDGE_CURVE('',#3070,#3069,#1853,.T.);
#3958=EDGE_CURVE('',#3030,#3070,#1854,.T.);
#3959=EDGE_CURVE('',#3071,#3068,#1855,.T.);
#3960=EDGE_CURVE('',#3070,#3071,#1856,.T.);
#3961=EDGE_CURVE('',#3043,#3072,#1857,.T.);
#3962=EDGE_CURVE('',#3072,#3073,#1858,.T.);
#3963=EDGE_CURVE('',#3074,#3073,#1859,.T.);
#3964=EDGE_CURVE('',#3075,#3074,#1860,.T.);
#3965=EDGE_CURVE('',#3071,#3075,#1861,.F.);
#3966=EDGE_CURVE('',#3076,#3041,#1862,.T.);
#3967=EDGE_CURVE('',#3077,#3076,#1863,.T.);
#3968=EDGE_CURVE('',#3042,#3077,#1864,.T.);
#3969=EDGE_CURVE('',#3072,#3077,#1865,.T.);
#3970=EDGE_CURVE('',#3073,#3076,#1866,.T.);
#3971=EDGE_CURVE('',#3078,#3031,#1867,.T.);
#3972=EDGE_CURVE('',#3079,#3078,#1868,.T.);
#3973=EDGE_CURVE('',#3032,#3079,#1869,.T.);
#3974=EDGE_CURVE('',#3054,#3079,#1870,.T.);
#3975=EDGE_CURVE('',#3055,#3078,#1871,.T.);
#3976=EDGE_CURVE('',#3080,#3059,#1872,.T.);
#3977=EDGE_CURVE('',#3039,#3080,#1873,.T.);
#3978=EDGE_CURVE('',#3081,#3080,#1874,.T.);
#3979=EDGE_CURVE('',#3040,#3081,#1875,.T.);
#3980=EDGE_CURVE('',#3081,#3058,#1876,.T.);
#3981=EDGE_CURVE('',#3082,#3083,#67,.F.);
#3982=EDGE_CURVE('',#3084,#3082,#68,.F.);
#3983=EDGE_CURVE('',#3083,#3084,#69,.F.);
#3984=EDGE_CURVE('',#3085,#3086,#70,.F.);
#3985=EDGE_CURVE('',#3087,#3085,#71,.F.);
#3986=EDGE_CURVE('',#3086,#3087,#72,.F.);
#3987=EDGE_CURVE('',#3085,#3083,#1877,.T.);
#3988=EDGE_CURVE('',#3084,#3087,#1878,.T.);
#3989=EDGE_CURVE('',#3088,#3089,#73,.F.);
#3990=EDGE_CURVE('',#3090,#3088,#74,.F.);
#3991=EDGE_CURVE('',#3089,#3090,#75,.F.);
#3992=EDGE_CURVE('',#3082,#3090,#1879,.T.);
#3993=EDGE_CURVE('',#3088,#3084,#1880,.T.);
#3994=EDGE_CURVE('',#3091,#3092,#76,.F.);
#3995=EDGE_CURVE('',#3093,#3091,#77,.F.);
#3996=EDGE_CURVE('',#3092,#3093,#78,.F.);
#3997=EDGE_CURVE('',#3091,#3082,#1881,.T.);
#3998=EDGE_CURVE('',#3083,#3093,#1882,.T.);
#3999=EDGE_CURVE('',#3094,#3095,#79,.F.);
#4000=EDGE_CURVE('',#3096,#3094,#80,.F.);
#4001=EDGE_CURVE('',#3095,#3096,#81,.F.);
#4002=EDGE_CURVE('',#3094,#3086,#1883,.T.);
#4003=EDGE_CURVE('',#3087,#3096,#1884,.T.);
#4004=EDGE_CURVE('',#3089,#3095,#1885,.T.);
#4005=EDGE_CURVE('',#3096,#3088,#1886,.T.);
#4006=EDGE_CURVE('',#3097,#3098,#82,.F.);
#4007=EDGE_CURVE('',#3099,#3097,#83,.F.);
#4008=EDGE_CURVE('',#3098,#3099,#84,.F.);
#4009=EDGE_CURVE('',#3097,#3085,#1887,.T.);
#4010=EDGE_CURVE('',#3086,#3099,#1888,.T.);
#4011=EDGE_CURVE('',#3100,#3101,#85,.F.);
#4012=EDGE_CURVE('',#3102,#3100,#86,.F.);
#4013=EDGE_CURVE('',#3101,#3102,#87,.F.);
#4014=EDGE_CURVE('',#3100,#3089,#1889,.T.);
#4015=EDGE_CURVE('',#3090,#3102,#1890,.T.);
#4016=EDGE_CURVE('',#3092,#3101,#1891,.T.);
#4017=EDGE_CURVE('',#3102,#3091,#1892,.T.);
#4018=EDGE_CURVE('',#3103,#3104,#88,.F.);
#4019=EDGE_CURVE('',#3105,#3103,#89,.F.);
#4020=EDGE_CURVE('',#3104,#3105,#90,.F.);
#4021=EDGE_CURVE('',#3103,#3094,#1893,.T.);
#4022=EDGE_CURVE('',#3095,#3105,#1894,.T.);
#4023=EDGE_CURVE('',#3101,#3104,#1895,.T.);
#4024=EDGE_CURVE('',#3105,#3100,#1896,.T.);
#4025=EDGE_CURVE('',#3104,#3098,#1897,.T.);
#4026=EDGE_CURVE('',#3099,#3103,#1898,.T.);
#4027=EDGE_CURVE('',#3098,#3092,#1899,.T.);
#4028=EDGE_CURVE('',#3093,#3097,#1900,.T.);
#4029=EDGE_CURVE('',#3074,#3057,#1901,.T.);
#4030=EDGE_CURVE('',#3056,#3075,#1902,.T.);
#4031=EDGE_CURVE('',#3106,#3106,#91,.T.);
#4032=EDGE_CURVE('',#3106,#3107,#1903,.T.);
#4033=EDGE_CURVE('',#3108,#3108,#92,.T.);
#4034=EDGE_CURVE('',#3108,#3106,#1904,.T.);
#4035=EDGE_CURVE('',#3109,#3110,#1905,.T.);
#4036=EDGE_CURVE('',#3110,#3111,#1906,.T.);
#4037=EDGE_CURVE('',#3112,#3111,#1907,.T.);
#4038=EDGE_CURVE('',#3109,#3112,#1908,.T.);
#4039=EDGE_CURVE('',#3113,#3109,#1909,.T.);
#4040=EDGE_CURVE('',#3114,#3112,#1910,.T.);
#4041=EDGE_CURVE('',#3113,#3114,#1911,.T.);
#4042=EDGE_CURVE('',#3115,#3113,#1912,.T.);
#4043=EDGE_CURVE('',#3116,#3114,#1913,.T.);
#4044=EDGE_CURVE('',#3115,#3116,#1914,.T.);
#4045=EDGE_CURVE('',#3110,#3115,#1915,.T.);
#4046=EDGE_CURVE('',#3111,#3116,#1916,.T.);
#4047=EDGE_CURVE('',#3117,#3117,#93,.T.);
#4048=EDGE_CURVE('',#3117,#3118,#1917,.T.);
#4049=EDGE_CURVE('',#3119,#3119,#94,.T.);
#4050=EDGE_CURVE('',#3119,#3117,#1918,.T.);
#4051=EDGE_CURVE('',#3120,#3121,#1919,.T.);
#4052=EDGE_CURVE('',#3120,#3122,#1920,.T.);
#4053=EDGE_CURVE('',#3123,#3122,#1921,.T.);
#4054=EDGE_CURVE('',#3121,#3123,#1922,.T.);
#4055=EDGE_CURVE('',#3121,#3124,#1923,.T.);
#4056=EDGE_CURVE('',#3125,#3123,#1924,.T.);
#4057=EDGE_CURVE('',#3124,#3125,#1925,.T.);
#4058=EDGE_CURVE('',#3124,#3126,#1926,.T.);
#4059=EDGE_CURVE('',#3127,#3125,#1927,.T.);
#4060=EDGE_CURVE('',#3126,#3127,#1928,.T.);
#4061=EDGE_CURVE('',#3126,#3120,#1929,.T.);
#4062=EDGE_CURVE('',#3122,#3127,#1930,.T.);
#4063=EDGE_CURVE('',#3128,#3128,#95,.T.);
#4064=EDGE_CURVE('',#3128,#3129,#1931,.T.);
#4065=EDGE_CURVE('',#3130,#3130,#96,.T.);
#4066=EDGE_CURVE('',#3130,#3128,#1932,.T.);
#4067=EDGE_CURVE('',#3131,#3132,#1933,.T.);
#4068=EDGE_CURVE('',#3131,#3133,#1934,.T.);
#4069=EDGE_CURVE('',#3134,#3133,#1935,.T.);
#4070=EDGE_CURVE('',#3132,#3134,#1936,.T.);
#4071=EDGE_CURVE('',#3132,#3135,#1937,.T.);
#4072=EDGE_CURVE('',#3136,#3134,#1938,.T.);
#4073=EDGE_CURVE('',#3135,#3136,#1939,.T.);
#4074=EDGE_CURVE('',#3135,#3137,#1940,.T.);
#4075=EDGE_CURVE('',#3138,#3136,#1941,.T.);
#4076=EDGE_CURVE('',#3137,#3138,#1942,.T.);
#4077=EDGE_CURVE('',#3137,#3131,#1943,.T.);
#4078=EDGE_CURVE('',#3133,#3138,#1944,.T.);
#4079=EDGE_CURVE('',#3139,#3139,#97,.T.);
#4080=EDGE_CURVE('',#3139,#3140,#1945,.T.);
#4081=EDGE_CURVE('',#3141,#3141,#98,.T.);
#4082=EDGE_CURVE('',#3141,#3139,#1946,.T.);
#4083=EDGE_CURVE('',#3142,#3143,#1947,.T.);
#4084=EDGE_CURVE('',#3143,#3144,#1948,.T.);
#4085=EDGE_CURVE('',#3145,#3144,#1949,.T.);
#4086=EDGE_CURVE('',#3142,#3145,#1950,.T.);
#4087=EDGE_CURVE('',#3146,#3142,#1951,.T.);
#4088=EDGE_CURVE('',#3147,#3145,#1952,.T.);
#4089=EDGE_CURVE('',#3146,#3147,#1953,.T.);
#4090=EDGE_CURVE('',#3148,#3146,#1954,.T.);
#4091=EDGE_CURVE('',#3149,#3147,#1955,.T.);
#4092=EDGE_CURVE('',#3148,#3149,#1956,.T.);
#4093=EDGE_CURVE('',#3143,#3148,#1957,.T.);
#4094=EDGE_CURVE('',#3144,#3149,#1958,.T.);
#4095=ORIENTED_EDGE('',*,*,#3150,.F.);
#4096=ORIENTED_EDGE('',*,*,#3151,.T.);
#4097=ORIENTED_EDGE('',*,*,#3152,.T.);
#4098=ORIENTED_EDGE('',*,*,#3153,.F.);
#4099=ORIENTED_EDGE('',*,*,#3154,.F.);
#4100=ORIENTED_EDGE('',*,*,#3155,.T.);
#4101=ORIENTED_EDGE('',*,*,#3156,.T.);
#4102=ORIENTED_EDGE('',*,*,#3151,.F.);
#4103=ORIENTED_EDGE('',*,*,#3157,.F.);
#4104=ORIENTED_EDGE('',*,*,#3158,.T.);
#4105=ORIENTED_EDGE('',*,*,#3159,.T.);
#4106=ORIENTED_EDGE('',*,*,#3155,.F.);
#4107=ORIENTED_EDGE('',*,*,#3160,.F.);
#4108=ORIENTED_EDGE('',*,*,#3161,.T.);
#4109=ORIENTED_EDGE('',*,*,#3162,.T.);
#4110=ORIENTED_EDGE('',*,*,#3158,.F.);
#4111=ORIENTED_EDGE('',*,*,#3163,.F.);
#4112=ORIENTED_EDGE('',*,*,#3164,.T.);
#4113=ORIENTED_EDGE('',*,*,#3165,.T.);
#4114=ORIENTED_EDGE('',*,*,#3161,.F.);
#4115=ORIENTED_EDGE('',*,*,#3166,.F.);
#4116=ORIENTED_EDGE('',*,*,#3167,.T.);
#4117=ORIENTED_EDGE('',*,*,#3168,.T.);
#4118=ORIENTED_EDGE('',*,*,#3164,.F.);
#4119=ORIENTED_EDGE('',*,*,#3169,.F.);
#4120=ORIENTED_EDGE('',*,*,#3170,.T.);
#4121=ORIENTED_EDGE('',*,*,#3171,.T.);
#4122=ORIENTED_EDGE('',*,*,#3167,.F.);
#4123=ORIENTED_EDGE('',*,*,#3172,.F.);
#4124=ORIENTED_EDGE('',*,*,#3173,.T.);
#4125=ORIENTED_EDGE('',*,*,#3174,.T.);
#4126=ORIENTED_EDGE('',*,*,#3170,.F.);
#4127=ORIENTED_EDGE('',*,*,#3175,.F.);
#4128=ORIENTED_EDGE('',*,*,#3176,.T.);
#4129=ORIENTED_EDGE('',*,*,#3177,.T.);
#4130=ORIENTED_EDGE('',*,*,#3173,.F.);
#4131=ORIENTED_EDGE('',*,*,#3178,.F.);
#4132=ORIENTED_EDGE('',*,*,#3179,.T.);
#4133=ORIENTED_EDGE('',*,*,#3180,.T.);
#4134=ORIENTED_EDGE('',*,*,#3176,.F.);
#4135=ORIENTED_EDGE('',*,*,#3181,.F.);
#4136=ORIENTED_EDGE('',*,*,#3182,.T.);
#4137=ORIENTED_EDGE('',*,*,#3183,.T.);
#4138=ORIENTED_EDGE('',*,*,#3179,.F.);
#4139=ORIENTED_EDGE('',*,*,#3184,.F.);
#4140=ORIENTED_EDGE('',*,*,#3185,.T.);
#4141=ORIENTED_EDGE('',*,*,#3186,.T.);
#4142=ORIENTED_EDGE('',*,*,#3182,.F.);
#4143=ORIENTED_EDGE('',*,*,#3187,.F.);
#4144=ORIENTED_EDGE('',*,*,#3188,.T.);
#4145=ORIENTED_EDGE('',*,*,#3189,.T.);
#4146=ORIENTED_EDGE('',*,*,#3185,.F.);
#4147=ORIENTED_EDGE('',*,*,#3190,.F.);
#4148=ORIENTED_EDGE('',*,*,#3191,.T.);
#4149=ORIENTED_EDGE('',*,*,#3192,.T.);
#4150=ORIENTED_EDGE('',*,*,#3188,.F.);
#4151=ORIENTED_EDGE('',*,*,#3193,.F.);
#4152=ORIENTED_EDGE('',*,*,#3153,.T.);
#4153=ORIENTED_EDGE('',*,*,#3194,.T.);
#4154=ORIENTED_EDGE('',*,*,#3191,.F.);
#4155=ORIENTED_EDGE('',*,*,#3194,.F.);
#4156=ORIENTED_EDGE('',*,*,#3152,.F.);
#4157=ORIENTED_EDGE('',*,*,#3156,.F.);
#4158=ORIENTED_EDGE('',*,*,#3159,.F.);
#4159=ORIENTED_EDGE('',*,*,#3162,.F.);
#4160=ORIENTED_EDGE('',*,*,#3165,.F.);
#4161=ORIENTED_EDGE('',*,*,#3168,.F.);
#4162=ORIENTED_EDGE('',*,*,#3171,.F.);
#4163=ORIENTED_EDGE('',*,*,#3174,.F.);
#4164=ORIENTED_EDGE('',*,*,#3177,.F.);
#4165=ORIENTED_EDGE('',*,*,#3180,.F.);
#4166=ORIENTED_EDGE('',*,*,#3183,.F.);
#4167=ORIENTED_EDGE('',*,*,#3186,.F.);
#4168=ORIENTED_EDGE('',*,*,#3189,.F.);
#4169=ORIENTED_EDGE('',*,*,#3192,.F.);
#4170=ORIENTED_EDGE('',*,*,#3195,.F.);
#4171=ORIENTED_EDGE('',*,*,#3196,.T.);
#4172=ORIENTED_EDGE('',*,*,#3197,.T.);
#4173=ORIENTED_EDGE('',*,*,#3198,.F.);
#4174=ORIENTED_EDGE('',*,*,#3199,.F.);
#4175=ORIENTED_EDGE('',*,*,#3200,.T.);
#4176=ORIENTED_EDGE('',*,*,#3201,.T.);
#4177=ORIENTED_EDGE('',*,*,#3196,.F.);
#4178=ORIENTED_EDGE('',*,*,#3202,.F.);
#4179=ORIENTED_EDGE('',*,*,#3203,.T.);
#4180=ORIENTED_EDGE('',*,*,#3204,.T.);
#4181=ORIENTED_EDGE('',*,*,#3200,.F.);
#4182=ORIENTED_EDGE('',*,*,#3205,.F.);
#4183=ORIENTED_EDGE('',*,*,#3206,.T.);
#4184=ORIENTED_EDGE('',*,*,#3207,.T.);
#4185=ORIENTED_EDGE('',*,*,#3203,.F.);
#4186=ORIENTED_EDGE('',*,*,#3208,.F.);
#4187=ORIENTED_EDGE('',*,*,#3209,.T.);
#4188=ORIENTED_EDGE('',*,*,#3210,.T.);
#4189=ORIENTED_EDGE('',*,*,#3206,.F.);
#4190=ORIENTED_EDGE('',*,*,#3211,.F.);
#4191=ORIENTED_EDGE('',*,*,#3212,.T.);
#4192=ORIENTED_EDGE('',*,*,#3213,.T.);
#4193=ORIENTED_EDGE('',*,*,#3209,.F.);
#4194=ORIENTED_EDGE('',*,*,#3214,.F.);
#4195=ORIENTED_EDGE('',*,*,#3215,.T.);
#4196=ORIENTED_EDGE('',*,*,#3216,.T.);
#4197=ORIENTED_EDGE('',*,*,#3212,.F.);
#4198=ORIENTED_EDGE('',*,*,#3217,.F.);
#4199=ORIENTED_EDGE('',*,*,#3198,.T.);
#4200=ORIENTED_EDGE('',*,*,#3218,.T.);
#4201=ORIENTED_EDGE('',*,*,#3215,.F.);
#4202=ORIENTED_EDGE('',*,*,#3219,.F.);
#4203=ORIENTED_EDGE('',*,*,#3220,.T.);
#4204=ORIENTED_EDGE('',*,*,#3221,.T.);
#4205=ORIENTED_EDGE('',*,*,#3222,.F.);
#4206=ORIENTED_EDGE('',*,*,#3223,.F.);
#4207=ORIENTED_EDGE('',*,*,#3224,.T.);
#4208=ORIENTED_EDGE('',*,*,#3225,.T.);
#4209=ORIENTED_EDGE('',*,*,#3220,.F.);
#4210=ORIENTED_EDGE('',*,*,#3226,.F.);
#4211=ORIENTED_EDGE('',*,*,#3227,.T.);
#4212=ORIENTED_EDGE('',*,*,#3228,.T.);
#4213=ORIENTED_EDGE('',*,*,#3224,.F.);
#4214=ORIENTED_EDGE('',*,*,#3229,.F.);
#4215=ORIENTED_EDGE('',*,*,#3230,.T.);
#4216=ORIENTED_EDGE('',*,*,#3231,.T.);
#4217=ORIENTED_EDGE('',*,*,#3227,.F.);
#4218=ORIENTED_EDGE('',*,*,#3232,.F.);
#4219=ORIENTED_EDGE('',*,*,#3233,.T.);
#4220=ORIENTED_EDGE('',*,*,#3234,.T.);
#4221=ORIENTED_EDGE('',*,*,#3230,.F.);
#4222=ORIENTED_EDGE('',*,*,#3235,.F.);
#4223=ORIENTED_EDGE('',*,*,#3236,.T.);
#4224=ORIENTED_EDGE('',*,*,#3237,.T.);
#4225=ORIENTED_EDGE('',*,*,#3233,.F.);
#4226=ORIENTED_EDGE('',*,*,#3238,.F.);
#4227=ORIENTED_EDGE('',*,*,#3239,.T.);
#4228=ORIENTED_EDGE('',*,*,#3240,.T.);
#4229=ORIENTED_EDGE('',*,*,#3236,.F.);
#4230=ORIENTED_EDGE('',*,*,#3241,.F.);
#4231=ORIENTED_EDGE('',*,*,#3242,.T.);
#4232=ORIENTED_EDGE('',*,*,#3243,.T.);
#4233=ORIENTED_EDGE('',*,*,#3239,.F.);
#4234=ORIENTED_EDGE('',*,*,#3244,.F.);
#4235=ORIENTED_EDGE('',*,*,#3245,.T.);
#4236=ORIENTED_EDGE('',*,*,#3246,.T.);
#4237=ORIENTED_EDGE('',*,*,#3242,.F.);
#4238=ORIENTED_EDGE('',*,*,#3247,.F.);
#4239=ORIENTED_EDGE('',*,*,#3248,.T.);
#4240=ORIENTED_EDGE('',*,*,#3249,.T.);
#4241=ORIENTED_EDGE('',*,*,#3245,.F.);
#4242=ORIENTED_EDGE('',*,*,#3250,.F.);
#4243=ORIENTED_EDGE('',*,*,#3251,.T.);
#4244=ORIENTED_EDGE('',*,*,#3252,.T.);
#4245=ORIENTED_EDGE('',*,*,#3248,.F.);
#4246=ORIENTED_EDGE('',*,*,#3253,.F.);
#4247=ORIENTED_EDGE('',*,*,#3254,.T.);
#4248=ORIENTED_EDGE('',*,*,#3255,.T.);
#4249=ORIENTED_EDGE('',*,*,#3251,.F.);
#4250=ORIENTED_EDGE('',*,*,#3256,.F.);
#4251=ORIENTED_EDGE('',*,*,#3257,.T.);
#4252=ORIENTED_EDGE('',*,*,#3258,.T.);
#4253=ORIENTED_EDGE('',*,*,#3254,.F.);
#4254=ORIENTED_EDGE('',*,*,#3259,.F.);
#4255=ORIENTED_EDGE('',*,*,#3260,.T.);
#4256=ORIENTED_EDGE('',*,*,#3261,.T.);
#4257=ORIENTED_EDGE('',*,*,#3257,.F.);
#4258=ORIENTED_EDGE('',*,*,#3262,.F.);
#4259=ORIENTED_EDGE('',*,*,#3263,.T.);
#4260=ORIENTED_EDGE('',*,*,#3264,.T.);
#4261=ORIENTED_EDGE('',*,*,#3260,.F.);
#4262=ORIENTED_EDGE('',*,*,#3265,.F.);
#4263=ORIENTED_EDGE('',*,*,#3266,.T.);
#4264=ORIENTED_EDGE('',*,*,#3267,.T.);
#4265=ORIENTED_EDGE('',*,*,#3263,.F.);
#4266=ORIENTED_EDGE('',*,*,#3268,.F.);
#4267=ORIENTED_EDGE('',*,*,#3269,.T.);
#4268=ORIENTED_EDGE('',*,*,#3270,.T.);
#4269=ORIENTED_EDGE('',*,*,#3266,.F.);
#4270=ORIENTED_EDGE('',*,*,#3271,.F.);
#4271=ORIENTED_EDGE('',*,*,#3272,.T.);
#4272=ORIENTED_EDGE('',*,*,#3273,.T.);
#4273=ORIENTED_EDGE('',*,*,#3269,.F.);
#4274=ORIENTED_EDGE('',*,*,#3274,.F.);
#4275=ORIENTED_EDGE('',*,*,#3222,.T.);
#4276=ORIENTED_EDGE('',*,*,#3275,.T.);
#4277=ORIENTED_EDGE('',*,*,#3272,.F.);
#4278=ORIENTED_EDGE('',*,*,#3275,.F.);
#4279=ORIENTED_EDGE('',*,*,#3221,.F.);
#4280=ORIENTED_EDGE('',*,*,#3225,.F.);
#4281=ORIENTED_EDGE('',*,*,#3228,.F.);
#4282=ORIENTED_EDGE('',*,*,#3231,.F.);
#4283=ORIENTED_EDGE('',*,*,#3234,.F.);
#4284=ORIENTED_EDGE('',*,*,#3237,.F.);
#4285=ORIENTED_EDGE('',*,*,#3240,.F.);
#4286=ORIENTED_EDGE('',*,*,#3243,.F.);
#4287=ORIENTED_EDGE('',*,*,#3246,.F.);
#4288=ORIENTED_EDGE('',*,*,#3249,.F.);
#4289=ORIENTED_EDGE('',*,*,#3252,.F.);
#4290=ORIENTED_EDGE('',*,*,#3255,.F.);
#4291=ORIENTED_EDGE('',*,*,#3258,.F.);
#4292=ORIENTED_EDGE('',*,*,#3261,.F.);
#4293=ORIENTED_EDGE('',*,*,#3264,.F.);
#4294=ORIENTED_EDGE('',*,*,#3267,.F.);
#4295=ORIENTED_EDGE('',*,*,#3270,.F.);
#4296=ORIENTED_EDGE('',*,*,#3273,.F.);
#4297=ORIENTED_EDGE('',*,*,#3218,.F.);
#4298=ORIENTED_EDGE('',*,*,#3197,.F.);
#4299=ORIENTED_EDGE('',*,*,#3201,.F.);
#4300=ORIENTED_EDGE('',*,*,#3204,.F.);
#4301=ORIENTED_EDGE('',*,*,#3207,.F.);
#4302=ORIENTED_EDGE('',*,*,#3210,.F.);
#4303=ORIENTED_EDGE('',*,*,#3213,.F.);
#4304=ORIENTED_EDGE('',*,*,#3216,.F.);
#4305=ORIENTED_EDGE('',*,*,#3276,.F.);
#4306=ORIENTED_EDGE('',*,*,#3277,.T.);
#4307=ORIENTED_EDGE('',*,*,#3278,.T.);
#4308=ORIENTED_EDGE('',*,*,#3279,.F.);
#4309=ORIENTED_EDGE('',*,*,#3280,.F.);
#4310=ORIENTED_EDGE('',*,*,#3281,.T.);
#4311=ORIENTED_EDGE('',*,*,#3282,.T.);
#4312=ORIENTED_EDGE('',*,*,#3277,.F.);
#4313=ORIENTED_EDGE('',*,*,#3283,.F.);
#4314=ORIENTED_EDGE('',*,*,#3284,.T.);
#4315=ORIENTED_EDGE('',*,*,#3285,.T.);
#4316=ORIENTED_EDGE('',*,*,#3281,.F.);
#4317=ORIENTED_EDGE('',*,*,#3286,.F.);
#4318=ORIENTED_EDGE('',*,*,#3287,.T.);
#4319=ORIENTED_EDGE('',*,*,#3288,.T.);
#4320=ORIENTED_EDGE('',*,*,#3284,.F.);
#4321=ORIENTED_EDGE('',*,*,#3289,.F.);
#4322=ORIENTED_EDGE('',*,*,#3290,.T.);
#4323=ORIENTED_EDGE('',*,*,#3291,.T.);
#4324=ORIENTED_EDGE('',*,*,#3287,.F.);
#4325=ORIENTED_EDGE('',*,*,#3292,.F.);
#4326=ORIENTED_EDGE('',*,*,#3293,.T.);
#4327=ORIENTED_EDGE('',*,*,#3294,.T.);
#4328=ORIENTED_EDGE('',*,*,#3290,.F.);
#4329=ORIENTED_EDGE('',*,*,#3295,.F.);
#4330=ORIENTED_EDGE('',*,*,#3296,.T.);
#4331=ORIENTED_EDGE('',*,*,#3297,.T.);
#4332=ORIENTED_EDGE('',*,*,#3293,.F.);
#4333=ORIENTED_EDGE('',*,*,#3298,.F.);
#4334=ORIENTED_EDGE('',*,*,#3299,.T.);
#4335=ORIENTED_EDGE('',*,*,#3300,.T.);
#4336=ORIENTED_EDGE('',*,*,#3296,.F.);
#4337=ORIENTED_EDGE('',*,*,#3301,.F.);
#4338=ORIENTED_EDGE('',*,*,#3302,.T.);
#4339=ORIENTED_EDGE('',*,*,#3303,.T.);
#4340=ORIENTED_EDGE('',*,*,#3299,.F.);
#4341=ORIENTED_EDGE('',*,*,#3304,.F.);
#4342=ORIENTED_EDGE('',*,*,#3305,.T.);
#4343=ORIENTED_EDGE('',*,*,#3306,.T.);
#4344=ORIENTED_EDGE('',*,*,#3302,.F.);
#4345=ORIENTED_EDGE('',*,*,#3307,.F.);
#4346=ORIENTED_EDGE('',*,*,#3308,.T.);
#4347=ORIENTED_EDGE('',*,*,#3309,.T.);
#4348=ORIENTED_EDGE('',*,*,#3305,.F.);
#4349=ORIENTED_EDGE('',*,*,#3310,.F.);
#4350=ORIENTED_EDGE('',*,*,#3311,.T.);
#4351=ORIENTED_EDGE('',*,*,#3312,.T.);
#4352=ORIENTED_EDGE('',*,*,#3308,.F.);
#4353=ORIENTED_EDGE('',*,*,#3313,.F.);
#4354=ORIENTED_EDGE('',*,*,#3279,.T.);
#4355=ORIENTED_EDGE('',*,*,#3314,.T.);
#4356=ORIENTED_EDGE('',*,*,#3311,.F.);
#4357=ORIENTED_EDGE('',*,*,#3314,.F.);
#4358=ORIENTED_EDGE('',*,*,#3278,.F.);
#4359=ORIENTED_EDGE('',*,*,#3282,.F.);
#4360=ORIENTED_EDGE('',*,*,#3285,.F.);
#4361=ORIENTED_EDGE('',*,*,#3288,.F.);
#4362=ORIENTED_EDGE('',*,*,#3291,.F.);
#4363=ORIENTED_EDGE('',*,*,#3294,.F.);
#4364=ORIENTED_EDGE('',*,*,#3297,.F.);
#4365=ORIENTED_EDGE('',*,*,#3300,.F.);
#4366=ORIENTED_EDGE('',*,*,#3303,.F.);
#4367=ORIENTED_EDGE('',*,*,#3306,.F.);
#4368=ORIENTED_EDGE('',*,*,#3309,.F.);
#4369=ORIENTED_EDGE('',*,*,#3312,.F.);
#4370=ORIENTED_EDGE('',*,*,#3315,.F.);
#4371=ORIENTED_EDGE('',*,*,#3316,.T.);
#4372=ORIENTED_EDGE('',*,*,#3317,.T.);
#4373=ORIENTED_EDGE('',*,*,#3318,.F.);
#4374=ORIENTED_EDGE('',*,*,#3319,.F.);
#4375=ORIENTED_EDGE('',*,*,#3320,.T.);
#4376=ORIENTED_EDGE('',*,*,#3321,.T.);
#4377=ORIENTED_EDGE('',*,*,#3316,.F.);
#4378=ORIENTED_EDGE('',*,*,#3322,.F.);
#4379=ORIENTED_EDGE('',*,*,#3323,.T.);
#4380=ORIENTED_EDGE('',*,*,#3324,.T.);
#4381=ORIENTED_EDGE('',*,*,#3320,.F.);
#4382=ORIENTED_EDGE('',*,*,#3325,.F.);
#4383=ORIENTED_EDGE('',*,*,#3326,.T.);
#4384=ORIENTED_EDGE('',*,*,#3327,.T.);
#4385=ORIENTED_EDGE('',*,*,#3323,.F.);
#4386=ORIENTED_EDGE('',*,*,#3328,.F.);
#4387=ORIENTED_EDGE('',*,*,#3318,.T.);
#4388=ORIENTED_EDGE('',*,*,#3329,.T.);
#4389=ORIENTED_EDGE('',*,*,#3326,.F.);
#4390=ORIENTED_EDGE('',*,*,#3330,.F.);
#4391=ORIENTED_EDGE('',*,*,#3331,.T.);
#4392=ORIENTED_EDGE('',*,*,#3332,.T.);
#4393=ORIENTED_EDGE('',*,*,#3333,.F.);
#4394=ORIENTED_EDGE('',*,*,#3334,.F.);
#4395=ORIENTED_EDGE('',*,*,#3335,.T.);
#4396=ORIENTED_EDGE('',*,*,#3336,.T.);
#4397=ORIENTED_EDGE('',*,*,#3331,.F.);
#4398=ORIENTED_EDGE('',*,*,#3337,.F.);
#4399=ORIENTED_EDGE('',*,*,#3338,.T.);
#4400=ORIENTED_EDGE('',*,*,#3339,.T.);
#4401=ORIENTED_EDGE('',*,*,#3335,.F.);
#4402=ORIENTED_EDGE('',*,*,#3340,.F.);
#4403=ORIENTED_EDGE('',*,*,#3341,.T.);
#4404=ORIENTED_EDGE('',*,*,#3342,.T.);
#4405=ORIENTED_EDGE('',*,*,#3338,.F.);
#4406=ORIENTED_EDGE('',*,*,#3343,.F.);
#4407=ORIENTED_EDGE('',*,*,#3344,.T.);
#4408=ORIENTED_EDGE('',*,*,#3345,.T.);
#4409=ORIENTED_EDGE('',*,*,#3341,.F.);
#4410=ORIENTED_EDGE('',*,*,#3346,.F.);
#4411=ORIENTED_EDGE('',*,*,#3347,.T.);
#4412=ORIENTED_EDGE('',*,*,#3348,.T.);
#4413=ORIENTED_EDGE('',*,*,#3344,.F.);
#4414=ORIENTED_EDGE('',*,*,#3349,.F.);
#4415=ORIENTED_EDGE('',*,*,#3350,.T.);
#4416=ORIENTED_EDGE('',*,*,#3351,.T.);
#4417=ORIENTED_EDGE('',*,*,#3347,.F.);
#4418=ORIENTED_EDGE('',*,*,#3352,.F.);
#4419=ORIENTED_EDGE('',*,*,#3353,.T.);
#4420=ORIENTED_EDGE('',*,*,#3354,.T.);
#4421=ORIENTED_EDGE('',*,*,#3350,.F.);
#4422=ORIENTED_EDGE('',*,*,#3355,.F.);
#4423=ORIENTED_EDGE('',*,*,#3356,.T.);
#4424=ORIENTED_EDGE('',*,*,#3357,.T.);
#4425=ORIENTED_EDGE('',*,*,#3353,.F.);
#4426=ORIENTED_EDGE('',*,*,#3358,.F.);
#4427=ORIENTED_EDGE('',*,*,#3359,.T.);
#4428=ORIENTED_EDGE('',*,*,#3360,.T.);
#4429=ORIENTED_EDGE('',*,*,#3356,.F.);
#4430=ORIENTED_EDGE('',*,*,#3361,.F.);
#4431=ORIENTED_EDGE('',*,*,#3362,.T.);
#4432=ORIENTED_EDGE('',*,*,#3363,.T.);
#4433=ORIENTED_EDGE('',*,*,#3359,.F.);
#4434=ORIENTED_EDGE('',*,*,#3364,.F.);
#4435=ORIENTED_EDGE('',*,*,#3365,.T.);
#4436=ORIENTED_EDGE('',*,*,#3366,.T.);
#4437=ORIENTED_EDGE('',*,*,#3362,.F.);
#4438=ORIENTED_EDGE('',*,*,#3367,.F.);
#4439=ORIENTED_EDGE('',*,*,#3368,.T.);
#4440=ORIENTED_EDGE('',*,*,#3369,.T.);
#4441=ORIENTED_EDGE('',*,*,#3365,.F.);
#4442=ORIENTED_EDGE('',*,*,#3370,.F.);
#4443=ORIENTED_EDGE('',*,*,#3371,.T.);
#4444=ORIENTED_EDGE('',*,*,#3372,.T.);
#4445=ORIENTED_EDGE('',*,*,#3368,.F.);
#4446=ORIENTED_EDGE('',*,*,#3373,.F.);
#4447=ORIENTED_EDGE('',*,*,#3333,.T.);
#4448=ORIENTED_EDGE('',*,*,#3374,.T.);
#4449=ORIENTED_EDGE('',*,*,#3371,.F.);
#4450=ORIENTED_EDGE('',*,*,#3374,.F.);
#4451=ORIENTED_EDGE('',*,*,#3332,.F.);
#4452=ORIENTED_EDGE('',*,*,#3336,.F.);
#4453=ORIENTED_EDGE('',*,*,#3339,.F.);
#4454=ORIENTED_EDGE('',*,*,#3342,.F.);
#4455=ORIENTED_EDGE('',*,*,#3345,.F.);
#4456=ORIENTED_EDGE('',*,*,#3348,.F.);
#4457=ORIENTED_EDGE('',*,*,#3351,.F.);
#4458=ORIENTED_EDGE('',*,*,#3354,.F.);
#4459=ORIENTED_EDGE('',*,*,#3357,.F.);
#4460=ORIENTED_EDGE('',*,*,#3360,.F.);
#4461=ORIENTED_EDGE('',*,*,#3363,.F.);
#4462=ORIENTED_EDGE('',*,*,#3366,.F.);
#4463=ORIENTED_EDGE('',*,*,#3369,.F.);
#4464=ORIENTED_EDGE('',*,*,#3372,.F.);
#4465=ORIENTED_EDGE('',*,*,#3329,.F.);
#4466=ORIENTED_EDGE('',*,*,#3317,.F.);
#4467=ORIENTED_EDGE('',*,*,#3321,.F.);
#4468=ORIENTED_EDGE('',*,*,#3324,.F.);
#4469=ORIENTED_EDGE('',*,*,#3327,.F.);
#4470=ORIENTED_EDGE('',*,*,#3375,.F.);
#4471=ORIENTED_EDGE('',*,*,#3376,.T.);
#4472=ORIENTED_EDGE('',*,*,#3377,.T.);
#4473=ORIENTED_EDGE('',*,*,#3378,.F.);
#4474=ORIENTED_EDGE('',*,*,#3379,.F.);
#4475=ORIENTED_EDGE('',*,*,#3380,.T.);
#4476=ORIENTED_EDGE('',*,*,#3381,.T.);
#4477=ORIENTED_EDGE('',*,*,#3376,.F.);
#4478=ORIENTED_EDGE('',*,*,#3382,.F.);
#4479=ORIENTED_EDGE('',*,*,#3383,.T.);
#4480=ORIENTED_EDGE('',*,*,#3384,.T.);
#4481=ORIENTED_EDGE('',*,*,#3380,.F.);
#4482=ORIENTED_EDGE('',*,*,#3385,.F.);
#4483=ORIENTED_EDGE('',*,*,#3386,.T.);
#4484=ORIENTED_EDGE('',*,*,#3387,.T.);
#4485=ORIENTED_EDGE('',*,*,#3383,.F.);
#4486=ORIENTED_EDGE('',*,*,#3388,.F.);
#4487=ORIENTED_EDGE('',*,*,#3389,.T.);
#4488=ORIENTED_EDGE('',*,*,#3390,.T.);
#4489=ORIENTED_EDGE('',*,*,#3386,.F.);
#4490=ORIENTED_EDGE('',*,*,#3391,.F.);
#4491=ORIENTED_EDGE('',*,*,#3392,.T.);
#4492=ORIENTED_EDGE('',*,*,#3393,.T.);
#4493=ORIENTED_EDGE('',*,*,#3389,.F.);
#4494=ORIENTED_EDGE('',*,*,#3394,.F.);
#4495=ORIENTED_EDGE('',*,*,#3395,.T.);
#4496=ORIENTED_EDGE('',*,*,#3396,.T.);
#4497=ORIENTED_EDGE('',*,*,#3392,.F.);
#4498=ORIENTED_EDGE('',*,*,#3397,.F.);
#4499=ORIENTED_EDGE('',*,*,#3398,.T.);
#4500=ORIENTED_EDGE('',*,*,#3399,.T.);
#4501=ORIENTED_EDGE('',*,*,#3395,.F.);
#4502=ORIENTED_EDGE('',*,*,#3400,.F.);
#4503=ORIENTED_EDGE('',*,*,#3401,.T.);
#4504=ORIENTED_EDGE('',*,*,#3402,.T.);
#4505=ORIENTED_EDGE('',*,*,#3398,.F.);
#4506=ORIENTED_EDGE('',*,*,#3403,.F.);
#4507=ORIENTED_EDGE('',*,*,#3404,.T.);
#4508=ORIENTED_EDGE('',*,*,#3405,.T.);
#4509=ORIENTED_EDGE('',*,*,#3401,.F.);
#4510=ORIENTED_EDGE('',*,*,#3406,.F.);
#4511=ORIENTED_EDGE('',*,*,#3407,.T.);
#4512=ORIENTED_EDGE('',*,*,#3408,.T.);
#4513=ORIENTED_EDGE('',*,*,#3404,.F.);
#4514=ORIENTED_EDGE('',*,*,#3409,.F.);
#4515=ORIENTED_EDGE('',*,*,#3410,.T.);
#4516=ORIENTED_EDGE('',*,*,#3411,.T.);
#4517=ORIENTED_EDGE('',*,*,#3407,.F.);
#4518=ORIENTED_EDGE('',*,*,#3412,.F.);
#4519=ORIENTED_EDGE('',*,*,#3413,.T.);
#4520=ORIENTED_EDGE('',*,*,#3414,.T.);
#4521=ORIENTED_EDGE('',*,*,#3410,.F.);
#4522=ORIENTED_EDGE('',*,*,#3415,.F.);
#4523=ORIENTED_EDGE('',*,*,#3416,.T.);
#4524=ORIENTED_EDGE('',*,*,#3417,.T.);
#4525=ORIENTED_EDGE('',*,*,#3413,.F.);
#4526=ORIENTED_EDGE('',*,*,#3418,.F.);
#4527=ORIENTED_EDGE('',*,*,#3419,.T.);
#4528=ORIENTED_EDGE('',*,*,#3420,.T.);
#4529=ORIENTED_EDGE('',*,*,#3416,.F.);
#4530=ORIENTED_EDGE('',*,*,#3421,.F.);
#4531=ORIENTED_EDGE('',*,*,#3422,.T.);
#4532=ORIENTED_EDGE('',*,*,#3423,.T.);
#4533=ORIENTED_EDGE('',*,*,#3419,.F.);
#4534=ORIENTED_EDGE('',*,*,#3424,.F.);
#4535=ORIENTED_EDGE('',*,*,#3425,.T.);
#4536=ORIENTED_EDGE('',*,*,#3426,.T.);
#4537=ORIENTED_EDGE('',*,*,#3422,.F.);
#4538=ORIENTED_EDGE('',*,*,#3427,.F.);
#4539=ORIENTED_EDGE('',*,*,#3428,.T.);
#4540=ORIENTED_EDGE('',*,*,#3429,.T.);
#4541=ORIENTED_EDGE('',*,*,#3425,.F.);
#4542=ORIENTED_EDGE('',*,*,#3430,.F.);
#4543=ORIENTED_EDGE('',*,*,#3431,.T.);
#4544=ORIENTED_EDGE('',*,*,#3432,.T.);
#4545=ORIENTED_EDGE('',*,*,#3428,.F.);
#4546=ORIENTED_EDGE('',*,*,#3433,.F.);
#4547=ORIENTED_EDGE('',*,*,#3378,.T.);
#4548=ORIENTED_EDGE('',*,*,#3434,.T.);
#4549=ORIENTED_EDGE('',*,*,#3431,.F.);
#4550=ORIENTED_EDGE('',*,*,#3434,.F.);
#4551=ORIENTED_EDGE('',*,*,#3377,.F.);
#4552=ORIENTED_EDGE('',*,*,#3381,.F.);
#4553=ORIENTED_EDGE('',*,*,#3384,.F.);
#4554=ORIENTED_EDGE('',*,*,#3387,.F.);
#4555=ORIENTED_EDGE('',*,*,#3390,.F.);
#4556=ORIENTED_EDGE('',*,*,#3393,.F.);
#4557=ORIENTED_EDGE('',*,*,#3396,.F.);
#4558=ORIENTED_EDGE('',*,*,#3399,.F.);
#4559=ORIENTED_EDGE('',*,*,#3402,.F.);
#4560=ORIENTED_EDGE('',*,*,#3405,.F.);
#4561=ORIENTED_EDGE('',*,*,#3408,.F.);
#4562=ORIENTED_EDGE('',*,*,#3411,.F.);
#4563=ORIENTED_EDGE('',*,*,#3414,.F.);
#4564=ORIENTED_EDGE('',*,*,#3417,.F.);
#4565=ORIENTED_EDGE('',*,*,#3420,.F.);
#4566=ORIENTED_EDGE('',*,*,#3423,.F.);
#4567=ORIENTED_EDGE('',*,*,#3426,.F.);
#4568=ORIENTED_EDGE('',*,*,#3429,.F.);
#4569=ORIENTED_EDGE('',*,*,#3432,.F.);
#4570=ORIENTED_EDGE('',*,*,#3435,.F.);
#4571=ORIENTED_EDGE('',*,*,#3436,.T.);
#4572=ORIENTED_EDGE('',*,*,#3437,.T.);
#4573=ORIENTED_EDGE('',*,*,#3438,.F.);
#4574=ORIENTED_EDGE('',*,*,#3439,.F.);
#4575=ORIENTED_EDGE('',*,*,#3440,.T.);
#4576=ORIENTED_EDGE('',*,*,#3441,.T.);
#4577=ORIENTED_EDGE('',*,*,#3436,.F.);
#4578=ORIENTED_EDGE('',*,*,#3442,.F.);
#4579=ORIENTED_EDGE('',*,*,#3443,.T.);
#4580=ORIENTED_EDGE('',*,*,#3444,.T.);
#4581=ORIENTED_EDGE('',*,*,#3440,.F.);
#4582=ORIENTED_EDGE('',*,*,#3445,.F.);
#4583=ORIENTED_EDGE('',*,*,#3446,.T.);
#4584=ORIENTED_EDGE('',*,*,#3447,.T.);
#4585=ORIENTED_EDGE('',*,*,#3443,.F.);
#4586=ORIENTED_EDGE('',*,*,#3448,.F.);
#4587=ORIENTED_EDGE('',*,*,#3438,.T.);
#4588=ORIENTED_EDGE('',*,*,#3449,.T.);
#4589=ORIENTED_EDGE('',*,*,#3446,.F.);
#4590=ORIENTED_EDGE('',*,*,#3450,.F.);
#4591=ORIENTED_EDGE('',*,*,#3451,.T.);
#4592=ORIENTED_EDGE('',*,*,#3452,.T.);
#4593=ORIENTED_EDGE('',*,*,#3453,.F.);
#4594=ORIENTED_EDGE('',*,*,#3454,.F.);
#4595=ORIENTED_EDGE('',*,*,#3455,.T.);
#4596=ORIENTED_EDGE('',*,*,#3456,.T.);
#4597=ORIENTED_EDGE('',*,*,#3451,.F.);
#4598=ORIENTED_EDGE('',*,*,#3457,.F.);
#4599=ORIENTED_EDGE('',*,*,#3458,.T.);
#4600=ORIENTED_EDGE('',*,*,#3459,.T.);
#4601=ORIENTED_EDGE('',*,*,#3455,.F.);
#4602=ORIENTED_EDGE('',*,*,#3460,.F.);
#4603=ORIENTED_EDGE('',*,*,#3461,.T.);
#4604=ORIENTED_EDGE('',*,*,#3462,.T.);
#4605=ORIENTED_EDGE('',*,*,#3458,.F.);
#4606=ORIENTED_EDGE('',*,*,#3463,.F.);
#4607=ORIENTED_EDGE('',*,*,#3464,.T.);
#4608=ORIENTED_EDGE('',*,*,#3465,.T.);
#4609=ORIENTED_EDGE('',*,*,#3461,.F.);
#4610=ORIENTED_EDGE('',*,*,#3466,.F.);
#4611=ORIENTED_EDGE('',*,*,#3467,.T.);
#4612=ORIENTED_EDGE('',*,*,#3468,.T.);
#4613=ORIENTED_EDGE('',*,*,#3464,.F.);
#4614=ORIENTED_EDGE('',*,*,#3469,.F.);
#4615=ORIENTED_EDGE('',*,*,#3470,.T.);
#4616=ORIENTED_EDGE('',*,*,#3471,.T.);
#4617=ORIENTED_EDGE('',*,*,#3467,.F.);
#4618=ORIENTED_EDGE('',*,*,#3472,.F.);
#4619=ORIENTED_EDGE('',*,*,#3473,.T.);
#4620=ORIENTED_EDGE('',*,*,#3474,.T.);
#4621=ORIENTED_EDGE('',*,*,#3470,.F.);
#4622=ORIENTED_EDGE('',*,*,#3475,.F.);
#4623=ORIENTED_EDGE('',*,*,#3476,.T.);
#4624=ORIENTED_EDGE('',*,*,#3477,.T.);
#4625=ORIENTED_EDGE('',*,*,#3473,.F.);
#4626=ORIENTED_EDGE('',*,*,#3478,.F.);
#4627=ORIENTED_EDGE('',*,*,#3479,.T.);
#4628=ORIENTED_EDGE('',*,*,#3480,.T.);
#4629=ORIENTED_EDGE('',*,*,#3476,.F.);
#4630=ORIENTED_EDGE('',*,*,#3481,.F.);
#4631=ORIENTED_EDGE('',*,*,#3482,.T.);
#4632=ORIENTED_EDGE('',*,*,#3483,.T.);
#4633=ORIENTED_EDGE('',*,*,#3479,.F.);
#4634=ORIENTED_EDGE('',*,*,#3484,.F.);
#4635=ORIENTED_EDGE('',*,*,#3485,.T.);
#4636=ORIENTED_EDGE('',*,*,#3486,.T.);
#4637=ORIENTED_EDGE('',*,*,#3482,.F.);
#4638=ORIENTED_EDGE('',*,*,#3487,.F.);
#4639=ORIENTED_EDGE('',*,*,#3488,.T.);
#4640=ORIENTED_EDGE('',*,*,#3489,.T.);
#4641=ORIENTED_EDGE('',*,*,#3485,.F.);
#4642=ORIENTED_EDGE('',*,*,#3490,.F.);
#4643=ORIENTED_EDGE('',*,*,#3491,.T.);
#4644=ORIENTED_EDGE('',*,*,#3492,.T.);
#4645=ORIENTED_EDGE('',*,*,#3488,.F.);
#4646=ORIENTED_EDGE('',*,*,#3493,.F.);
#4647=ORIENTED_EDGE('',*,*,#3453,.T.);
#4648=ORIENTED_EDGE('',*,*,#3494,.T.);
#4649=ORIENTED_EDGE('',*,*,#3491,.F.);
#4650=ORIENTED_EDGE('',*,*,#3494,.F.);
#4651=ORIENTED_EDGE('',*,*,#3452,.F.);
#4652=ORIENTED_EDGE('',*,*,#3456,.F.);
#4653=ORIENTED_EDGE('',*,*,#3459,.F.);
#4654=ORIENTED_EDGE('',*,*,#3462,.F.);
#4655=ORIENTED_EDGE('',*,*,#3465,.F.);
#4656=ORIENTED_EDGE('',*,*,#3468,.F.);
#4657=ORIENTED_EDGE('',*,*,#3471,.F.);
#4658=ORIENTED_EDGE('',*,*,#3474,.F.);
#4659=ORIENTED_EDGE('',*,*,#3477,.F.);
#4660=ORIENTED_EDGE('',*,*,#3480,.F.);
#4661=ORIENTED_EDGE('',*,*,#3483,.F.);
#4662=ORIENTED_EDGE('',*,*,#3486,.F.);
#4663=ORIENTED_EDGE('',*,*,#3489,.F.);
#4664=ORIENTED_EDGE('',*,*,#3492,.F.);
#4665=ORIENTED_EDGE('',*,*,#3449,.F.);
#4666=ORIENTED_EDGE('',*,*,#3437,.F.);
#4667=ORIENTED_EDGE('',*,*,#3441,.F.);
#4668=ORIENTED_EDGE('',*,*,#3444,.F.);
#4669=ORIENTED_EDGE('',*,*,#3447,.F.);
#4670=ORIENTED_EDGE('',*,*,#3495,.F.);
#4671=ORIENTED_EDGE('',*,*,#3496,.T.);
#4672=ORIENTED_EDGE('',*,*,#3497,.T.);
#4673=ORIENTED_EDGE('',*,*,#3498,.F.);
#4674=ORIENTED_EDGE('',*,*,#3499,.F.);
#4675=ORIENTED_EDGE('',*,*,#3500,.T.);
#4676=ORIENTED_EDGE('',*,*,#3501,.T.);
#4677=ORIENTED_EDGE('',*,*,#3496,.F.);
#4678=ORIENTED_EDGE('',*,*,#3502,.F.);
#4679=ORIENTED_EDGE('',*,*,#3503,.T.);
#4680=ORIENTED_EDGE('',*,*,#3504,.T.);
#4681=ORIENTED_EDGE('',*,*,#3500,.F.);
#4682=ORIENTED_EDGE('',*,*,#3505,.F.);
#4683=ORIENTED_EDGE('',*,*,#3506,.T.);
#4684=ORIENTED_EDGE('',*,*,#3507,.T.);
#4685=ORIENTED_EDGE('',*,*,#3503,.F.);
#4686=ORIENTED_EDGE('',*,*,#3508,.F.);
#4687=ORIENTED_EDGE('',*,*,#3509,.T.);
#4688=ORIENTED_EDGE('',*,*,#3510,.T.);
#4689=ORIENTED_EDGE('',*,*,#3506,.F.);
#4690=ORIENTED_EDGE('',*,*,#3511,.F.);
#4691=ORIENTED_EDGE('',*,*,#3512,.T.);
#4692=ORIENTED_EDGE('',*,*,#3513,.T.);
#4693=ORIENTED_EDGE('',*,*,#3509,.F.);
#4694=ORIENTED_EDGE('',*,*,#3514,.F.);
#4695=ORIENTED_EDGE('',*,*,#3515,.T.);
#4696=ORIENTED_EDGE('',*,*,#3516,.T.);
#4697=ORIENTED_EDGE('',*,*,#3512,.F.);
#4698=ORIENTED_EDGE('',*,*,#3517,.F.);
#4699=ORIENTED_EDGE('',*,*,#3518,.T.);
#4700=ORIENTED_EDGE('',*,*,#3519,.T.);
#4701=ORIENTED_EDGE('',*,*,#3515,.F.);
#4702=ORIENTED_EDGE('',*,*,#3520,.F.);
#4703=ORIENTED_EDGE('',*,*,#3521,.T.);
#4704=ORIENTED_EDGE('',*,*,#3522,.T.);
#4705=ORIENTED_EDGE('',*,*,#3518,.F.);
#4706=ORIENTED_EDGE('',*,*,#3523,.F.);
#4707=ORIENTED_EDGE('',*,*,#3498,.T.);
#4708=ORIENTED_EDGE('',*,*,#3524,.T.);
#4709=ORIENTED_EDGE('',*,*,#3521,.F.);
#4710=ORIENTED_EDGE('',*,*,#3525,.F.);
#4711=ORIENTED_EDGE('',*,*,#3526,.T.);
#4712=ORIENTED_EDGE('',*,*,#3527,.T.);
#4713=ORIENTED_EDGE('',*,*,#3528,.F.);
#4714=ORIENTED_EDGE('',*,*,#3529,.F.);
#4715=ORIENTED_EDGE('',*,*,#3530,.T.);
#4716=ORIENTED_EDGE('',*,*,#3531,.T.);
#4717=ORIENTED_EDGE('',*,*,#3526,.F.);
#4718=ORIENTED_EDGE('',*,*,#3532,.F.);
#4719=ORIENTED_EDGE('',*,*,#3533,.T.);
#4720=ORIENTED_EDGE('',*,*,#3534,.T.);
#4721=ORIENTED_EDGE('',*,*,#3530,.F.);
#4722=ORIENTED_EDGE('',*,*,#3535,.F.);
#4723=ORIENTED_EDGE('',*,*,#3536,.T.);
#4724=ORIENTED_EDGE('',*,*,#3537,.T.);
#4725=ORIENTED_EDGE('',*,*,#3533,.F.);
#4726=ORIENTED_EDGE('',*,*,#3538,.F.);
#4727=ORIENTED_EDGE('',*,*,#3539,.T.);
#4728=ORIENTED_EDGE('',*,*,#3540,.T.);
#4729=ORIENTED_EDGE('',*,*,#3536,.F.);
#4730=ORIENTED_EDGE('',*,*,#3541,.F.);
#4731=ORIENTED_EDGE('',*,*,#3542,.T.);
#4732=ORIENTED_EDGE('',*,*,#3543,.T.);
#4733=ORIENTED_EDGE('',*,*,#3539,.F.);
#4734=ORIENTED_EDGE('',*,*,#3544,.F.);
#4735=ORIENTED_EDGE('',*,*,#3545,.T.);
#4736=ORIENTED_EDGE('',*,*,#3546,.T.);
#4737=ORIENTED_EDGE('',*,*,#3542,.F.);
#4738=ORIENTED_EDGE('',*,*,#3547,.F.);
#4739=ORIENTED_EDGE('',*,*,#3548,.T.);
#4740=ORIENTED_EDGE('',*,*,#3549,.T.);
#4741=ORIENTED_EDGE('',*,*,#3545,.F.);
#4742=ORIENTED_EDGE('',*,*,#3550,.F.);
#4743=ORIENTED_EDGE('',*,*,#3551,.T.);
#4744=ORIENTED_EDGE('',*,*,#3552,.T.);
#4745=ORIENTED_EDGE('',*,*,#3548,.F.);
#4746=ORIENTED_EDGE('',*,*,#3553,.F.);
#4747=ORIENTED_EDGE('',*,*,#3554,.T.);
#4748=ORIENTED_EDGE('',*,*,#3555,.T.);
#4749=ORIENTED_EDGE('',*,*,#3551,.F.);
#4750=ORIENTED_EDGE('',*,*,#3556,.F.);
#4751=ORIENTED_EDGE('',*,*,#3557,.T.);
#4752=ORIENTED_EDGE('',*,*,#3558,.T.);
#4753=ORIENTED_EDGE('',*,*,#3554,.F.);
#4754=ORIENTED_EDGE('',*,*,#3559,.F.);
#4755=ORIENTED_EDGE('',*,*,#3560,.T.);
#4756=ORIENTED_EDGE('',*,*,#3561,.T.);
#4757=ORIENTED_EDGE('',*,*,#3557,.F.);
#4758=ORIENTED_EDGE('',*,*,#3562,.F.);
#4759=ORIENTED_EDGE('',*,*,#3563,.T.);
#4760=ORIENTED_EDGE('',*,*,#3564,.T.);
#4761=ORIENTED_EDGE('',*,*,#3560,.F.);
#4762=ORIENTED_EDGE('',*,*,#3565,.F.);
#4763=ORIENTED_EDGE('',*,*,#3566,.T.);
#4764=ORIENTED_EDGE('',*,*,#3567,.T.);
#4765=ORIENTED_EDGE('',*,*,#3563,.F.);
#4766=ORIENTED_EDGE('',*,*,#3568,.F.);
#4767=ORIENTED_EDGE('',*,*,#3569,.T.);
#4768=ORIENTED_EDGE('',*,*,#3570,.T.);
#4769=ORIENTED_EDGE('',*,*,#3566,.F.);
#4770=ORIENTED_EDGE('',*,*,#3571,.F.);
#4771=ORIENTED_EDGE('',*,*,#3572,.T.);
#4772=ORIENTED_EDGE('',*,*,#3573,.T.);
#4773=ORIENTED_EDGE('',*,*,#3569,.F.);
#4774=ORIENTED_EDGE('',*,*,#3574,.F.);
#4775=ORIENTED_EDGE('',*,*,#3575,.T.);
#4776=ORIENTED_EDGE('',*,*,#3576,.T.);
#4777=ORIENTED_EDGE('',*,*,#3572,.F.);
#4778=ORIENTED_EDGE('',*,*,#3577,.F.);
#4779=ORIENTED_EDGE('',*,*,#3578,.T.);
#4780=ORIENTED_EDGE('',*,*,#3579,.T.);
#4781=ORIENTED_EDGE('',*,*,#3575,.F.);
#4782=ORIENTED_EDGE('',*,*,#3580,.F.);
#4783=ORIENTED_EDGE('',*,*,#3581,.T.);
#4784=ORIENTED_EDGE('',*,*,#3582,.T.);
#4785=ORIENTED_EDGE('',*,*,#3578,.F.);
#4786=ORIENTED_EDGE('',*,*,#3583,.F.);
#4787=ORIENTED_EDGE('',*,*,#3584,.T.);
#4788=ORIENTED_EDGE('',*,*,#3585,.T.);
#4789=ORIENTED_EDGE('',*,*,#3581,.F.);
#4790=ORIENTED_EDGE('',*,*,#3586,.F.);
#4791=ORIENTED_EDGE('',*,*,#3587,.T.);
#4792=ORIENTED_EDGE('',*,*,#3588,.T.);
#4793=ORIENTED_EDGE('',*,*,#3584,.F.);
#4794=ORIENTED_EDGE('',*,*,#3589,.F.);
#4795=ORIENTED_EDGE('',*,*,#3590,.T.);
#4796=ORIENTED_EDGE('',*,*,#3591,.T.);
#4797=ORIENTED_EDGE('',*,*,#3587,.F.);
#4798=ORIENTED_EDGE('',*,*,#3592,.F.);
#4799=ORIENTED_EDGE('',*,*,#3593,.T.);
#4800=ORIENTED_EDGE('',*,*,#3594,.T.);
#4801=ORIENTED_EDGE('',*,*,#3590,.F.);
#4802=ORIENTED_EDGE('',*,*,#3595,.F.);
#4803=ORIENTED_EDGE('',*,*,#3596,.T.);
#4804=ORIENTED_EDGE('',*,*,#3597,.T.);
#4805=ORIENTED_EDGE('',*,*,#3593,.F.);
#4806=ORIENTED_EDGE('',*,*,#3598,.F.);
#4807=ORIENTED_EDGE('',*,*,#3599,.T.);
#4808=ORIENTED_EDGE('',*,*,#3600,.T.);
#4809=ORIENTED_EDGE('',*,*,#3596,.F.);
#4810=ORIENTED_EDGE('',*,*,#3601,.F.);
#4811=ORIENTED_EDGE('',*,*,#3602,.T.);
#4812=ORIENTED_EDGE('',*,*,#3603,.T.);
#4813=ORIENTED_EDGE('',*,*,#3599,.F.);
#4814=ORIENTED_EDGE('',*,*,#3604,.F.);
#4815=ORIENTED_EDGE('',*,*,#3528,.T.);
#4816=ORIENTED_EDGE('',*,*,#3605,.T.);
#4817=ORIENTED_EDGE('',*,*,#3602,.F.);
#4818=ORIENTED_EDGE('',*,*,#3605,.F.);
#4819=ORIENTED_EDGE('',*,*,#3527,.F.);
#4820=ORIENTED_EDGE('',*,*,#3531,.F.);
#4821=ORIENTED_EDGE('',*,*,#3534,.F.);
#4822=ORIENTED_EDGE('',*,*,#3537,.F.);
#4823=ORIENTED_EDGE('',*,*,#3540,.F.);
#4824=ORIENTED_EDGE('',*,*,#3543,.F.);
#4825=ORIENTED_EDGE('',*,*,#3546,.F.);
#4826=ORIENTED_EDGE('',*,*,#3549,.F.);
#4827=ORIENTED_EDGE('',*,*,#3552,.F.);
#4828=ORIENTED_EDGE('',*,*,#3555,.F.);
#4829=ORIENTED_EDGE('',*,*,#3558,.F.);
#4830=ORIENTED_EDGE('',*,*,#3561,.F.);
#4831=ORIENTED_EDGE('',*,*,#3564,.F.);
#4832=ORIENTED_EDGE('',*,*,#3567,.F.);
#4833=ORIENTED_EDGE('',*,*,#3570,.F.);
#4834=ORIENTED_EDGE('',*,*,#3573,.F.);
#4835=ORIENTED_EDGE('',*,*,#3576,.F.);
#4836=ORIENTED_EDGE('',*,*,#3579,.F.);
#4837=ORIENTED_EDGE('',*,*,#3582,.F.);
#4838=ORIENTED_EDGE('',*,*,#3585,.F.);
#4839=ORIENTED_EDGE('',*,*,#3588,.F.);
#4840=ORIENTED_EDGE('',*,*,#3591,.F.);
#4841=ORIENTED_EDGE('',*,*,#3594,.F.);
#4842=ORIENTED_EDGE('',*,*,#3597,.F.);
#4843=ORIENTED_EDGE('',*,*,#3600,.F.);
#4844=ORIENTED_EDGE('',*,*,#3603,.F.);
#4845=ORIENTED_EDGE('',*,*,#3524,.F.);
#4846=ORIENTED_EDGE('',*,*,#3497,.F.);
#4847=ORIENTED_EDGE('',*,*,#3501,.F.);
#4848=ORIENTED_EDGE('',*,*,#3504,.F.);
#4849=ORIENTED_EDGE('',*,*,#3507,.F.);
#4850=ORIENTED_EDGE('',*,*,#3510,.F.);
#4851=ORIENTED_EDGE('',*,*,#3513,.F.);
#4852=ORIENTED_EDGE('',*,*,#3516,.F.);
#4853=ORIENTED_EDGE('',*,*,#3519,.F.);
#4854=ORIENTED_EDGE('',*,*,#3522,.F.);
#4855=ORIENTED_EDGE('',*,*,#3606,.F.);
#4856=ORIENTED_EDGE('',*,*,#3607,.T.);
#4857=ORIENTED_EDGE('',*,*,#3608,.T.);
#4858=ORIENTED_EDGE('',*,*,#3609,.F.);
#4859=ORIENTED_EDGE('',*,*,#3610,.F.);
#4860=ORIENTED_EDGE('',*,*,#3611,.T.);
#4861=ORIENTED_EDGE('',*,*,#3612,.T.);
#4862=ORIENTED_EDGE('',*,*,#3607,.F.);
#4863=ORIENTED_EDGE('',*,*,#3613,.F.);
#4864=ORIENTED_EDGE('',*,*,#3614,.T.);
#4865=ORIENTED_EDGE('',*,*,#3615,.T.);
#4866=ORIENTED_EDGE('',*,*,#3611,.F.);
#4867=ORIENTED_EDGE('',*,*,#3616,.F.);
#4868=ORIENTED_EDGE('',*,*,#3617,.T.);
#4869=ORIENTED_EDGE('',*,*,#3618,.T.);
#4870=ORIENTED_EDGE('',*,*,#3614,.F.);
#4871=ORIENTED_EDGE('',*,*,#3619,.F.);
#4872=ORIENTED_EDGE('',*,*,#3620,.T.);
#4873=ORIENTED_EDGE('',*,*,#3621,.T.);
#4874=ORIENTED_EDGE('',*,*,#3617,.F.);
#4875=ORIENTED_EDGE('',*,*,#3622,.F.);
#4876=ORIENTED_EDGE('',*,*,#3623,.T.);
#4877=ORIENTED_EDGE('',*,*,#3624,.T.);
#4878=ORIENTED_EDGE('',*,*,#3620,.F.);
#4879=ORIENTED_EDGE('',*,*,#3625,.F.);
#4880=ORIENTED_EDGE('',*,*,#3626,.T.);
#4881=ORIENTED_EDGE('',*,*,#3627,.T.);
#4882=ORIENTED_EDGE('',*,*,#3623,.F.);
#4883=ORIENTED_EDGE('',*,*,#3628,.F.);
#4884=ORIENTED_EDGE('',*,*,#3609,.T.);
#4885=ORIENTED_EDGE('',*,*,#3629,.T.);
#4886=ORIENTED_EDGE('',*,*,#3626,.F.);
#4887=ORIENTED_EDGE('',*,*,#3630,.F.);
#4888=ORIENTED_EDGE('',*,*,#3631,.T.);
#4889=ORIENTED_EDGE('',*,*,#3632,.T.);
#4890=ORIENTED_EDGE('',*,*,#3633,.F.);
#4891=ORIENTED_EDGE('',*,*,#3634,.F.);
#4892=ORIENTED_EDGE('',*,*,#3635,.T.);
#4893=ORIENTED_EDGE('',*,*,#3636,.T.);
#4894=ORIENTED_EDGE('',*,*,#3631,.F.);
#4895=ORIENTED_EDGE('',*,*,#3637,.F.);
#4896=ORIENTED_EDGE('',*,*,#3638,.T.);
#4897=ORIENTED_EDGE('',*,*,#3639,.T.);
#4898=ORIENTED_EDGE('',*,*,#3635,.F.);
#4899=ORIENTED_EDGE('',*,*,#3640,.F.);
#4900=ORIENTED_EDGE('',*,*,#3641,.T.);
#4901=ORIENTED_EDGE('',*,*,#3642,.T.);
#4902=ORIENTED_EDGE('',*,*,#3638,.F.);
#4903=ORIENTED_EDGE('',*,*,#3643,.F.);
#4904=ORIENTED_EDGE('',*,*,#3644,.T.);
#4905=ORIENTED_EDGE('',*,*,#3645,.T.);
#4906=ORIENTED_EDGE('',*,*,#3641,.F.);
#4907=ORIENTED_EDGE('',*,*,#3646,.F.);
#4908=ORIENTED_EDGE('',*,*,#3647,.T.);
#4909=ORIENTED_EDGE('',*,*,#3648,.T.);
#4910=ORIENTED_EDGE('',*,*,#3644,.F.);
#4911=ORIENTED_EDGE('',*,*,#3649,.F.);
#4912=ORIENTED_EDGE('',*,*,#3650,.T.);
#4913=ORIENTED_EDGE('',*,*,#3651,.T.);
#4914=ORIENTED_EDGE('',*,*,#3647,.F.);
#4915=ORIENTED_EDGE('',*,*,#3652,.F.);
#4916=ORIENTED_EDGE('',*,*,#3653,.T.);
#4917=ORIENTED_EDGE('',*,*,#3654,.T.);
#4918=ORIENTED_EDGE('',*,*,#3650,.F.);
#4919=ORIENTED_EDGE('',*,*,#3655,.F.);
#4920=ORIENTED_EDGE('',*,*,#3656,.T.);
#4921=ORIENTED_EDGE('',*,*,#3657,.T.);
#4922=ORIENTED_EDGE('',*,*,#3653,.F.);
#4923=ORIENTED_EDGE('',*,*,#3658,.F.);
#4924=ORIENTED_EDGE('',*,*,#3659,.T.);
#4925=ORIENTED_EDGE('',*,*,#3660,.T.);
#4926=ORIENTED_EDGE('',*,*,#3656,.F.);
#4927=ORIENTED_EDGE('',*,*,#3661,.F.);
#4928=ORIENTED_EDGE('',*,*,#3662,.T.);
#4929=ORIENTED_EDGE('',*,*,#3663,.T.);
#4930=ORIENTED_EDGE('',*,*,#3659,.F.);
#4931=ORIENTED_EDGE('',*,*,#3664,.F.);
#4932=ORIENTED_EDGE('',*,*,#3665,.T.);
#4933=ORIENTED_EDGE('',*,*,#3666,.T.);
#4934=ORIENTED_EDGE('',*,*,#3662,.F.);
#4935=ORIENTED_EDGE('',*,*,#3667,.F.);
#4936=ORIENTED_EDGE('',*,*,#3668,.T.);
#4937=ORIENTED_EDGE('',*,*,#3669,.T.);
#4938=ORIENTED_EDGE('',*,*,#3665,.F.);
#4939=ORIENTED_EDGE('',*,*,#3670,.F.);
#4940=ORIENTED_EDGE('',*,*,#3671,.T.);
#4941=ORIENTED_EDGE('',*,*,#3672,.T.);
#4942=ORIENTED_EDGE('',*,*,#3668,.F.);
#4943=ORIENTED_EDGE('',*,*,#3673,.F.);
#4944=ORIENTED_EDGE('',*,*,#3633,.T.);
#4945=ORIENTED_EDGE('',*,*,#3674,.T.);
#4946=ORIENTED_EDGE('',*,*,#3671,.F.);
#4947=ORIENTED_EDGE('',*,*,#3674,.F.);
#4948=ORIENTED_EDGE('',*,*,#3632,.F.);
#4949=ORIENTED_EDGE('',*,*,#3636,.F.);
#4950=ORIENTED_EDGE('',*,*,#3639,.F.);
#4951=ORIENTED_EDGE('',*,*,#3642,.F.);
#4952=ORIENTED_EDGE('',*,*,#3645,.F.);
#4953=ORIENTED_EDGE('',*,*,#3648,.F.);
#4954=ORIENTED_EDGE('',*,*,#3651,.F.);
#4955=ORIENTED_EDGE('',*,*,#3654,.F.);
#4956=ORIENTED_EDGE('',*,*,#3657,.F.);
#4957=ORIENTED_EDGE('',*,*,#3660,.F.);
#4958=ORIENTED_EDGE('',*,*,#3663,.F.);
#4959=ORIENTED_EDGE('',*,*,#3666,.F.);
#4960=ORIENTED_EDGE('',*,*,#3669,.F.);
#4961=ORIENTED_EDGE('',*,*,#3672,.F.);
#4962=ORIENTED_EDGE('',*,*,#3629,.F.);
#4963=ORIENTED_EDGE('',*,*,#3608,.F.);
#4964=ORIENTED_EDGE('',*,*,#3612,.F.);
#4965=ORIENTED_EDGE('',*,*,#3615,.F.);
#4966=ORIENTED_EDGE('',*,*,#3618,.F.);
#4967=ORIENTED_EDGE('',*,*,#3621,.F.);
#4968=ORIENTED_EDGE('',*,*,#3624,.F.);
#4969=ORIENTED_EDGE('',*,*,#3627,.F.);
#4970=ORIENTED_EDGE('',*,*,#3675,.F.);
#4971=ORIENTED_EDGE('',*,*,#3676,.T.);
#4972=ORIENTED_EDGE('',*,*,#3677,.T.);
#4973=ORIENTED_EDGE('',*,*,#3678,.F.);
#4974=ORIENTED_EDGE('',*,*,#3679,.F.);
#4975=ORIENTED_EDGE('',*,*,#3680,.T.);
#4976=ORIENTED_EDGE('',*,*,#3681,.T.);
#4977=ORIENTED_EDGE('',*,*,#3676,.F.);
#4978=ORIENTED_EDGE('',*,*,#3682,.F.);
#4979=ORIENTED_EDGE('',*,*,#3683,.T.);
#4980=ORIENTED_EDGE('',*,*,#3684,.T.);
#4981=ORIENTED_EDGE('',*,*,#3680,.F.);
#4982=ORIENTED_EDGE('',*,*,#3685,.F.);
#4983=ORIENTED_EDGE('',*,*,#3686,.T.);
#4984=ORIENTED_EDGE('',*,*,#3687,.T.);
#4985=ORIENTED_EDGE('',*,*,#3683,.F.);
#4986=ORIENTED_EDGE('',*,*,#3688,.F.);
#4987=ORIENTED_EDGE('',*,*,#3678,.T.);
#4988=ORIENTED_EDGE('',*,*,#3689,.T.);
#4989=ORIENTED_EDGE('',*,*,#3686,.F.);
#4990=ORIENTED_EDGE('',*,*,#3690,.F.);
#4991=ORIENTED_EDGE('',*,*,#3691,.T.);
#4992=ORIENTED_EDGE('',*,*,#3692,.T.);
#4993=ORIENTED_EDGE('',*,*,#3693,.F.);
#4994=ORIENTED_EDGE('',*,*,#3694,.F.);
#4995=ORIENTED_EDGE('',*,*,#3695,.T.);
#4996=ORIENTED_EDGE('',*,*,#3696,.T.);
#4997=ORIENTED_EDGE('',*,*,#3691,.F.);
#4998=ORIENTED_EDGE('',*,*,#3697,.F.);
#4999=ORIENTED_EDGE('',*,*,#3698,.T.);
#5000=ORIENTED_EDGE('',*,*,#3699,.T.);
#5001=ORIENTED_EDGE('',*,*,#3695,.F.);
#5002=ORIENTED_EDGE('',*,*,#3700,.F.);
#5003=ORIENTED_EDGE('',*,*,#3701,.T.);
#5004=ORIENTED_EDGE('',*,*,#3702,.T.);
#5005=ORIENTED_EDGE('',*,*,#3698,.F.);
#5006=ORIENTED_EDGE('',*,*,#3703,.F.);
#5007=ORIENTED_EDGE('',*,*,#3704,.T.);
#5008=ORIENTED_EDGE('',*,*,#3705,.T.);
#5009=ORIENTED_EDGE('',*,*,#3701,.F.);
#5010=ORIENTED_EDGE('',*,*,#3706,.F.);
#5011=ORIENTED_EDGE('',*,*,#3707,.T.);
#5012=ORIENTED_EDGE('',*,*,#3708,.T.);
#5013=ORIENTED_EDGE('',*,*,#3704,.F.);
#5014=ORIENTED_EDGE('',*,*,#3709,.F.);
#5015=ORIENTED_EDGE('',*,*,#3710,.T.);
#5016=ORIENTED_EDGE('',*,*,#3711,.T.);
#5017=ORIENTED_EDGE('',*,*,#3707,.F.);
#5018=ORIENTED_EDGE('',*,*,#3712,.F.);
#5019=ORIENTED_EDGE('',*,*,#3713,.T.);
#5020=ORIENTED_EDGE('',*,*,#3714,.T.);
#5021=ORIENTED_EDGE('',*,*,#3710,.F.);
#5022=ORIENTED_EDGE('',*,*,#3715,.F.);
#5023=ORIENTED_EDGE('',*,*,#3716,.T.);
#5024=ORIENTED_EDGE('',*,*,#3717,.T.);
#5025=ORIENTED_EDGE('',*,*,#3713,.F.);
#5026=ORIENTED_EDGE('',*,*,#3718,.F.);
#5027=ORIENTED_EDGE('',*,*,#3719,.T.);
#5028=ORIENTED_EDGE('',*,*,#3720,.T.);
#5029=ORIENTED_EDGE('',*,*,#3716,.F.);
#5030=ORIENTED_EDGE('',*,*,#3721,.F.);
#5031=ORIENTED_EDGE('',*,*,#3722,.T.);
#5032=ORIENTED_EDGE('',*,*,#3723,.T.);
#5033=ORIENTED_EDGE('',*,*,#3719,.F.);
#5034=ORIENTED_EDGE('',*,*,#3724,.F.);
#5035=ORIENTED_EDGE('',*,*,#3725,.T.);
#5036=ORIENTED_EDGE('',*,*,#3726,.T.);
#5037=ORIENTED_EDGE('',*,*,#3722,.F.);
#5038=ORIENTED_EDGE('',*,*,#3727,.F.);
#5039=ORIENTED_EDGE('',*,*,#3728,.T.);
#5040=ORIENTED_EDGE('',*,*,#3729,.T.);
#5041=ORIENTED_EDGE('',*,*,#3725,.F.);
#5042=ORIENTED_EDGE('',*,*,#3730,.F.);
#5043=ORIENTED_EDGE('',*,*,#3731,.T.);
#5044=ORIENTED_EDGE('',*,*,#3732,.T.);
#5045=ORIENTED_EDGE('',*,*,#3728,.F.);
#5046=ORIENTED_EDGE('',*,*,#3733,.F.);
#5047=ORIENTED_EDGE('',*,*,#3693,.T.);
#5048=ORIENTED_EDGE('',*,*,#3734,.T.);
#5049=ORIENTED_EDGE('',*,*,#3731,.F.);
#5050=ORIENTED_EDGE('',*,*,#3734,.F.);
#5051=ORIENTED_EDGE('',*,*,#3692,.F.);
#5052=ORIENTED_EDGE('',*,*,#3696,.F.);
#5053=ORIENTED_EDGE('',*,*,#3699,.F.);
#5054=ORIENTED_EDGE('',*,*,#3702,.F.);
#5055=ORIENTED_EDGE('',*,*,#3705,.F.);
#5056=ORIENTED_EDGE('',*,*,#3708,.F.);
#5057=ORIENTED_EDGE('',*,*,#3711,.F.);
#5058=ORIENTED_EDGE('',*,*,#3714,.F.);
#5059=ORIENTED_EDGE('',*,*,#3717,.F.);
#5060=ORIENTED_EDGE('',*,*,#3720,.F.);
#5061=ORIENTED_EDGE('',*,*,#3723,.F.);
#5062=ORIENTED_EDGE('',*,*,#3726,.F.);
#5063=ORIENTED_EDGE('',*,*,#3729,.F.);
#5064=ORIENTED_EDGE('',*,*,#3732,.F.);
#5065=ORIENTED_EDGE('',*,*,#3689,.F.);
#5066=ORIENTED_EDGE('',*,*,#3677,.F.);
#5067=ORIENTED_EDGE('',*,*,#3681,.F.);
#5068=ORIENTED_EDGE('',*,*,#3684,.F.);
#5069=ORIENTED_EDGE('',*,*,#3687,.F.);
#5070=ORIENTED_EDGE('',*,*,#3735,.F.);
#5071=ORIENTED_EDGE('',*,*,#3736,.T.);
#5072=ORIENTED_EDGE('',*,*,#3737,.T.);
#5073=ORIENTED_EDGE('',*,*,#3738,.F.);
#5074=ORIENTED_EDGE('',*,*,#3739,.F.);
#5075=ORIENTED_EDGE('',*,*,#3740,.T.);
#5076=ORIENTED_EDGE('',*,*,#3741,.T.);
#5077=ORIENTED_EDGE('',*,*,#3736,.F.);
#5078=ORIENTED_EDGE('',*,*,#3742,.F.);
#5079=ORIENTED_EDGE('',*,*,#3743,.T.);
#5080=ORIENTED_EDGE('',*,*,#3744,.T.);
#5081=ORIENTED_EDGE('',*,*,#3740,.F.);
#5082=ORIENTED_EDGE('',*,*,#3745,.F.);
#5083=ORIENTED_EDGE('',*,*,#3746,.T.);
#5084=ORIENTED_EDGE('',*,*,#3747,.T.);
#5085=ORIENTED_EDGE('',*,*,#3743,.F.);
#5086=ORIENTED_EDGE('',*,*,#3748,.F.);
#5087=ORIENTED_EDGE('',*,*,#3749,.T.);
#5088=ORIENTED_EDGE('',*,*,#3750,.T.);
#5089=ORIENTED_EDGE('',*,*,#3746,.F.);
#5090=ORIENTED_EDGE('',*,*,#3751,.F.);
#5091=ORIENTED_EDGE('',*,*,#3752,.T.);
#5092=ORIENTED_EDGE('',*,*,#3753,.T.);
#5093=ORIENTED_EDGE('',*,*,#3749,.F.);
#5094=ORIENTED_EDGE('',*,*,#3754,.F.);
#5095=ORIENTED_EDGE('',*,*,#3755,.T.);
#5096=ORIENTED_EDGE('',*,*,#3756,.T.);
#5097=ORIENTED_EDGE('',*,*,#3752,.F.);
#5098=ORIENTED_EDGE('',*,*,#3757,.F.);
#5099=ORIENTED_EDGE('',*,*,#3758,.T.);
#5100=ORIENTED_EDGE('',*,*,#3759,.T.);
#5101=ORIENTED_EDGE('',*,*,#3755,.F.);
#5102=ORIENTED_EDGE('',*,*,#3760,.F.);
#5103=ORIENTED_EDGE('',*,*,#3761,.T.);
#5104=ORIENTED_EDGE('',*,*,#3762,.T.);
#5105=ORIENTED_EDGE('',*,*,#3758,.F.);
#5106=ORIENTED_EDGE('',*,*,#3763,.F.);
#5107=ORIENTED_EDGE('',*,*,#3764,.T.);
#5108=ORIENTED_EDGE('',*,*,#3765,.T.);
#5109=ORIENTED_EDGE('',*,*,#3761,.F.);
#5110=ORIENTED_EDGE('',*,*,#3766,.F.);
#5111=ORIENTED_EDGE('',*,*,#3767,.T.);
#5112=ORIENTED_EDGE('',*,*,#3768,.T.);
#5113=ORIENTED_EDGE('',*,*,#3764,.F.);
#5114=ORIENTED_EDGE('',*,*,#3769,.F.);
#5115=ORIENTED_EDGE('',*,*,#3770,.T.);
#5116=ORIENTED_EDGE('',*,*,#3771,.T.);
#5117=ORIENTED_EDGE('',*,*,#3767,.F.);
#5118=ORIENTED_EDGE('',*,*,#3772,.F.);
#5119=ORIENTED_EDGE('',*,*,#3773,.T.);
#5120=ORIENTED_EDGE('',*,*,#3774,.T.);
#5121=ORIENTED_EDGE('',*,*,#3770,.F.);
#5122=ORIENTED_EDGE('',*,*,#3775,.F.);
#5123=ORIENTED_EDGE('',*,*,#3776,.T.);
#5124=ORIENTED_EDGE('',*,*,#3777,.T.);
#5125=ORIENTED_EDGE('',*,*,#3773,.F.);
#5126=ORIENTED_EDGE('',*,*,#3778,.F.);
#5127=ORIENTED_EDGE('',*,*,#3779,.T.);
#5128=ORIENTED_EDGE('',*,*,#3780,.T.);
#5129=ORIENTED_EDGE('',*,*,#3776,.F.);
#5130=ORIENTED_EDGE('',*,*,#3781,.F.);
#5131=ORIENTED_EDGE('',*,*,#3738,.T.);
#5132=ORIENTED_EDGE('',*,*,#3782,.T.);
#5133=ORIENTED_EDGE('',*,*,#3779,.F.);
#5134=ORIENTED_EDGE('',*,*,#3782,.F.);
#5135=ORIENTED_EDGE('',*,*,#3737,.F.);
#5136=ORIENTED_EDGE('',*,*,#3741,.F.);
#5137=ORIENTED_EDGE('',*,*,#3744,.F.);
#5138=ORIENTED_EDGE('',*,*,#3747,.F.);
#5139=ORIENTED_EDGE('',*,*,#3750,.F.);
#5140=ORIENTED_EDGE('',*,*,#3753,.F.);
#5141=ORIENTED_EDGE('',*,*,#3756,.F.);
#5142=ORIENTED_EDGE('',*,*,#3759,.F.);
#5143=ORIENTED_EDGE('',*,*,#3762,.F.);
#5144=ORIENTED_EDGE('',*,*,#3765,.F.);
#5145=ORIENTED_EDGE('',*,*,#3768,.F.);
#5146=ORIENTED_EDGE('',*,*,#3771,.F.);
#5147=ORIENTED_EDGE('',*,*,#3774,.F.);
#5148=ORIENTED_EDGE('',*,*,#3777,.F.);
#5149=ORIENTED_EDGE('',*,*,#3780,.F.);
#5150=ORIENTED_EDGE('',*,*,#3783,.F.);
#5151=ORIENTED_EDGE('',*,*,#3784,.T.);
#5152=ORIENTED_EDGE('',*,*,#3785,.T.);
#5153=ORIENTED_EDGE('',*,*,#3786,.F.);
#5154=ORIENTED_EDGE('',*,*,#3787,.F.);
#5155=ORIENTED_EDGE('',*,*,#3788,.T.);
#5156=ORIENTED_EDGE('',*,*,#3789,.T.);
#5157=ORIENTED_EDGE('',*,*,#3784,.F.);
#5158=ORIENTED_EDGE('',*,*,#3790,.F.);
#5159=ORIENTED_EDGE('',*,*,#3791,.T.);
#5160=ORIENTED_EDGE('',*,*,#3792,.T.);
#5161=ORIENTED_EDGE('',*,*,#3788,.F.);
#5162=ORIENTED_EDGE('',*,*,#3793,.F.);
#5163=ORIENTED_EDGE('',*,*,#3794,.T.);
#5164=ORIENTED_EDGE('',*,*,#3795,.T.);
#5165=ORIENTED_EDGE('',*,*,#3791,.F.);
#5166=ORIENTED_EDGE('',*,*,#3796,.F.);
#5167=ORIENTED_EDGE('',*,*,#3797,.T.);
#5168=ORIENTED_EDGE('',*,*,#3798,.T.);
#5169=ORIENTED_EDGE('',*,*,#3794,.F.);
#5170=ORIENTED_EDGE('',*,*,#3799,.F.);
#5171=ORIENTED_EDGE('',*,*,#3800,.T.);
#5172=ORIENTED_EDGE('',*,*,#3801,.T.);
#5173=ORIENTED_EDGE('',*,*,#3797,.F.);
#5174=ORIENTED_EDGE('',*,*,#3802,.F.);
#5175=ORIENTED_EDGE('',*,*,#3803,.T.);
#5176=ORIENTED_EDGE('',*,*,#3804,.T.);
#5177=ORIENTED_EDGE('',*,*,#3800,.F.);
#5178=ORIENTED_EDGE('',*,*,#3805,.F.);
#5179=ORIENTED_EDGE('',*,*,#3806,.T.);
#5180=ORIENTED_EDGE('',*,*,#3807,.T.);
#5181=ORIENTED_EDGE('',*,*,#3803,.F.);
#5182=ORIENTED_EDGE('',*,*,#3808,.F.);
#5183=ORIENTED_EDGE('',*,*,#3809,.T.);
#5184=ORIENTED_EDGE('',*,*,#3810,.T.);
#5185=ORIENTED_EDGE('',*,*,#3806,.F.);
#5186=ORIENTED_EDGE('',*,*,#3811,.F.);
#5187=ORIENTED_EDGE('',*,*,#3786,.T.);
#5188=ORIENTED_EDGE('',*,*,#3812,.T.);
#5189=ORIENTED_EDGE('',*,*,#3809,.F.);
#5190=ORIENTED_EDGE('',*,*,#3813,.F.);
#5191=ORIENTED_EDGE('',*,*,#3814,.T.);
#5192=ORIENTED_EDGE('',*,*,#3815,.T.);
#5193=ORIENTED_EDGE('',*,*,#3816,.F.);
#5194=ORIENTED_EDGE('',*,*,#3817,.F.);
#5195=ORIENTED_EDGE('',*,*,#3818,.T.);
#5196=ORIENTED_EDGE('',*,*,#3819,.T.);
#5197=ORIENTED_EDGE('',*,*,#3814,.F.);
#5198=ORIENTED_EDGE('',*,*,#3820,.F.);
#5199=ORIENTED_EDGE('',*,*,#3821,.T.);
#5200=ORIENTED_EDGE('',*,*,#3822,.T.);
#5201=ORIENTED_EDGE('',*,*,#3818,.F.);
#5202=ORIENTED_EDGE('',*,*,#3823,.F.);
#5203=ORIENTED_EDGE('',*,*,#3824,.T.);
#5204=ORIENTED_EDGE('',*,*,#3825,.T.);
#5205=ORIENTED_EDGE('',*,*,#3821,.F.);
#5206=ORIENTED_EDGE('',*,*,#3826,.F.);
#5207=ORIENTED_EDGE('',*,*,#3827,.T.);
#5208=ORIENTED_EDGE('',*,*,#3828,.T.);
#5209=ORIENTED_EDGE('',*,*,#3824,.F.);
#5210=ORIENTED_EDGE('',*,*,#3829,.F.);
#5211=ORIENTED_EDGE('',*,*,#3830,.T.);
#5212=ORIENTED_EDGE('',*,*,#3831,.T.);
#5213=ORIENTED_EDGE('',*,*,#3827,.F.);
#5214=ORIENTED_EDGE('',*,*,#3832,.F.);
#5215=ORIENTED_EDGE('',*,*,#3833,.T.);
#5216=ORIENTED_EDGE('',*,*,#3834,.T.);
#5217=ORIENTED_EDGE('',*,*,#3830,.F.);
#5218=ORIENTED_EDGE('',*,*,#3835,.F.);
#5219=ORIENTED_EDGE('',*,*,#3836,.T.);
#5220=ORIENTED_EDGE('',*,*,#3837,.T.);
#5221=ORIENTED_EDGE('',*,*,#3833,.F.);
#5222=ORIENTED_EDGE('',*,*,#3838,.F.);
#5223=ORIENTED_EDGE('',*,*,#3839,.T.);
#5224=ORIENTED_EDGE('',*,*,#3840,.T.);
#5225=ORIENTED_EDGE('',*,*,#3836,.F.);
#5226=ORIENTED_EDGE('',*,*,#3841,.F.);
#5227=ORIENTED_EDGE('',*,*,#3842,.T.);
#5228=ORIENTED_EDGE('',*,*,#3843,.T.);
#5229=ORIENTED_EDGE('',*,*,#3839,.F.);
#5230=ORIENTED_EDGE('',*,*,#3844,.F.);
#5231=ORIENTED_EDGE('',*,*,#3845,.T.);
#5232=ORIENTED_EDGE('',*,*,#3846,.T.);
#5233=ORIENTED_EDGE('',*,*,#3842,.F.);
#5234=ORIENTED_EDGE('',*,*,#3847,.F.);
#5235=ORIENTED_EDGE('',*,*,#3816,.T.);
#5236=ORIENTED_EDGE('',*,*,#3848,.T.);
#5237=ORIENTED_EDGE('',*,*,#3845,.F.);
#5238=ORIENTED_EDGE('',*,*,#3848,.F.);
#5239=ORIENTED_EDGE('',*,*,#3815,.F.);
#5240=ORIENTED_EDGE('',*,*,#3819,.F.);
#5241=ORIENTED_EDGE('',*,*,#3822,.F.);
#5242=ORIENTED_EDGE('',*,*,#3825,.F.);
#5243=ORIENTED_EDGE('',*,*,#3828,.F.);
#5244=ORIENTED_EDGE('',*,*,#3831,.F.);
#5245=ORIENTED_EDGE('',*,*,#3834,.F.);
#5246=ORIENTED_EDGE('',*,*,#3837,.F.);
#5247=ORIENTED_EDGE('',*,*,#3840,.F.);
#5248=ORIENTED_EDGE('',*,*,#3843,.F.);
#5249=ORIENTED_EDGE('',*,*,#3846,.F.);
#5250=ORIENTED_EDGE('',*,*,#3812,.F.);
#5251=ORIENTED_EDGE('',*,*,#3785,.F.);
#5252=ORIENTED_EDGE('',*,*,#3789,.F.);
#5253=ORIENTED_EDGE('',*,*,#3792,.F.);
#5254=ORIENTED_EDGE('',*,*,#3795,.F.);
#5255=ORIENTED_EDGE('',*,*,#3798,.F.);
#5256=ORIENTED_EDGE('',*,*,#3801,.F.);
#5257=ORIENTED_EDGE('',*,*,#3804,.F.);
#5258=ORIENTED_EDGE('',*,*,#3807,.F.);
#5259=ORIENTED_EDGE('',*,*,#3810,.F.);
#5260=ORIENTED_EDGE('',*,*,#3783,.T.);
#5261=ORIENTED_EDGE('',*,*,#3811,.T.);
#5262=ORIENTED_EDGE('',*,*,#3808,.T.);
#5263=ORIENTED_EDGE('',*,*,#3805,.T.);
#5264=ORIENTED_EDGE('',*,*,#3802,.T.);
#5265=ORIENTED_EDGE('',*,*,#3799,.T.);
#5266=ORIENTED_EDGE('',*,*,#3796,.T.);
#5267=ORIENTED_EDGE('',*,*,#3793,.T.);
#5268=ORIENTED_EDGE('',*,*,#3790,.T.);
#5269=ORIENTED_EDGE('',*,*,#3787,.T.);
#5270=ORIENTED_EDGE('',*,*,#3675,.T.);
#5271=ORIENTED_EDGE('',*,*,#3688,.T.);
#5272=ORIENTED_EDGE('',*,*,#3685,.T.);
#5273=ORIENTED_EDGE('',*,*,#3682,.T.);
#5274=ORIENTED_EDGE('',*,*,#3679,.T.);
#5275=ORIENTED_EDGE('',*,*,#3606,.T.);
#5276=ORIENTED_EDGE('',*,*,#3628,.T.);
#5277=ORIENTED_EDGE('',*,*,#3625,.T.);
#5278=ORIENTED_EDGE('',*,*,#3622,.T.);
#5279=ORIENTED_EDGE('',*,*,#3619,.T.);
#5280=ORIENTED_EDGE('',*,*,#3616,.T.);
#5281=ORIENTED_EDGE('',*,*,#3613,.T.);
#5282=ORIENTED_EDGE('',*,*,#3610,.T.);
#5283=ORIENTED_EDGE('',*,*,#3495,.T.);
#5284=ORIENTED_EDGE('',*,*,#3523,.T.);
#5285=ORIENTED_EDGE('',*,*,#3520,.T.);
#5286=ORIENTED_EDGE('',*,*,#3517,.T.);
#5287=ORIENTED_EDGE('',*,*,#3514,.T.);
#5288=ORIENTED_EDGE('',*,*,#3511,.T.);
#5289=ORIENTED_EDGE('',*,*,#3508,.T.);
#5290=ORIENTED_EDGE('',*,*,#3505,.T.);
#5291=ORIENTED_EDGE('',*,*,#3502,.T.);
#5292=ORIENTED_EDGE('',*,*,#3499,.T.);
#5293=ORIENTED_EDGE('',*,*,#3435,.T.);
#5294=ORIENTED_EDGE('',*,*,#3448,.T.);
#5295=ORIENTED_EDGE('',*,*,#3445,.T.);
#5296=ORIENTED_EDGE('',*,*,#3442,.T.);
#5297=ORIENTED_EDGE('',*,*,#3439,.T.);
#5298=ORIENTED_EDGE('',*,*,#3315,.T.);
#5299=ORIENTED_EDGE('',*,*,#3328,.T.);
#5300=ORIENTED_EDGE('',*,*,#3325,.T.);
#5301=ORIENTED_EDGE('',*,*,#3322,.T.);
#5302=ORIENTED_EDGE('',*,*,#3319,.T.);
#5303=ORIENTED_EDGE('',*,*,#3195,.T.);
#5304=ORIENTED_EDGE('',*,*,#3217,.T.);
#5305=ORIENTED_EDGE('',*,*,#3214,.T.);
#5306=ORIENTED_EDGE('',*,*,#3211,.T.);
#5307=ORIENTED_EDGE('',*,*,#3208,.T.);
#5308=ORIENTED_EDGE('',*,*,#3205,.T.);
#5309=ORIENTED_EDGE('',*,*,#3202,.T.);
#5310=ORIENTED_EDGE('',*,*,#3199,.T.);
#5311=ORIENTED_EDGE('',*,*,#3849,.F.);
#5312=ORIENTED_EDGE('',*,*,#3850,.T.);
#5313=ORIENTED_EDGE('',*,*,#3851,.F.);
#5314=ORIENTED_EDGE('',*,*,#3850,.F.);
#5315=ORIENTED_EDGE('',*,*,#3852,.F.);
#5316=ORIENTED_EDGE('',*,*,#3853,.T.);
#5317=ORIENTED_EDGE('',*,*,#3854,.F.);
#5318=ORIENTED_EDGE('',*,*,#3853,.F.);
#5319=ORIENTED_EDGE('',*,*,#3855,.F.);
#5320=ORIENTED_EDGE('',*,*,#3856,.F.);
#5321=ORIENTED_EDGE('',*,*,#3857,.F.);
#5322=ORIENTED_EDGE('',*,*,#3858,.T.);
#5323=ORIENTED_EDGE('',*,*,#3859,.F.);
#5324=ORIENTED_EDGE('',*,*,#3858,.F.);
#5325=ORIENTED_EDGE('',*,*,#3860,.F.);
#5326=ORIENTED_EDGE('',*,*,#3861,.T.);
#5327=ORIENTED_EDGE('',*,*,#3862,.F.);
#5328=ORIENTED_EDGE('',*,*,#3861,.F.);
#5329=ORIENTED_EDGE('',*,*,#3863,.F.);
#5330=ORIENTED_EDGE('',*,*,#3864,.T.);
#5331=ORIENTED_EDGE('',*,*,#3865,.F.);
#5332=ORIENTED_EDGE('',*,*,#3864,.F.);
#5333=ORIENTED_EDGE('',*,*,#3866,.F.);
#5334=ORIENTED_EDGE('',*,*,#3856,.T.);
#5335=ORIENTED_EDGE('',*,*,#3867,.F.);
#5336=ORIENTED_EDGE('',*,*,#3868,.T.);
#5337=ORIENTED_EDGE('',*,*,#3869,.F.);
#5338=ORIENTED_EDGE('',*,*,#3870,.F.);
#5339=ORIENTED_EDGE('',*,*,#3868,.F.);
#5340=ORIENTED_EDGE('',*,*,#3871,.F.);
#5341=ORIENTED_EDGE('',*,*,#3872,.F.);
#5342=ORIENTED_EDGE('',*,*,#3873,.T.);
#5343=ORIENTED_EDGE('',*,*,#3874,.F.);
#5344=ORIENTED_EDGE('',*,*,#3873,.F.);
#5345=ORIENTED_EDGE('',*,*,#3875,.F.);
#5346=ORIENTED_EDGE('',*,*,#3876,.T.);
#5347=ORIENTED_EDGE('',*,*,#3877,.F.);
#5348=ORIENTED_EDGE('',*,*,#3876,.F.);
#5349=ORIENTED_EDGE('',*,*,#3878,.F.);
#5350=ORIENTED_EDGE('',*,*,#3879,.T.);
#5351=ORIENTED_EDGE('',*,*,#3880,.F.);
#5352=ORIENTED_EDGE('',*,*,#3879,.F.);
#5353=ORIENTED_EDGE('',*,*,#3881,.F.);
#5354=ORIENTED_EDGE('',*,*,#3882,.T.);
#5355=ORIENTED_EDGE('',*,*,#3883,.F.);
#5356=ORIENTED_EDGE('',*,*,#3884,.F.);
#5357=ORIENTED_EDGE('',*,*,#3885,.T.);
#5358=ORIENTED_EDGE('',*,*,#3886,.F.);
#5359=ORIENTED_EDGE('',*,*,#3882,.F.);
#5360=ORIENTED_EDGE('',*,*,#3887,.F.);
#5361=ORIENTED_EDGE('',*,*,#3888,.F.);
#5362=ORIENTED_EDGE('',*,*,#3889,.T.);
#5363=ORIENTED_EDGE('',*,*,#3890,.F.);
#5364=ORIENTED_EDGE('',*,*,#3889,.F.);
#5365=ORIENTED_EDGE('',*,*,#3891,.F.);
#5366=ORIENTED_EDGE('',*,*,#3892,.T.);
#5367=ORIENTED_EDGE('',*,*,#3893,.T.);
#5368=ORIENTED_EDGE('',*,*,#3894,.T.);
#5369=ORIENTED_EDGE('',*,*,#3895,.T.);
#5370=ORIENTED_EDGE('',*,*,#3896,.T.);
#5371=ORIENTED_EDGE('',*,*,#3897,.T.);
#5372=ORIENTED_EDGE('',*,*,#3898,.T.);
#5373=ORIENTED_EDGE('',*,*,#3899,.T.);
#5374=ORIENTED_EDGE('',*,*,#3900,.T.);
#5375=ORIENTED_EDGE('',*,*,#3901,.F.);
#5376=ORIENTED_EDGE('',*,*,#3902,.T.);
#5377=ORIENTED_EDGE('',*,*,#3903,.T.);
#5378=ORIENTED_EDGE('',*,*,#3904,.T.);
#5379=ORIENTED_EDGE('',*,*,#3905,.T.);
#5380=ORIENTED_EDGE('',*,*,#3906,.F.);
#5381=ORIENTED_EDGE('',*,*,#3907,.T.);
#5382=ORIENTED_EDGE('',*,*,#3908,.T.);
#5383=ORIENTED_EDGE('',*,*,#3909,.F.);
#5384=ORIENTED_EDGE('',*,*,#3910,.T.);
#5385=ORIENTED_EDGE('',*,*,#3911,.T.);
#5386=ORIENTED_EDGE('',*,*,#3912,.T.);
#5387=ORIENTED_EDGE('',*,*,#3913,.T.);
#5388=ORIENTED_EDGE('',*,*,#3914,.T.);
#5389=ORIENTED_EDGE('',*,*,#3892,.F.);
#5390=ORIENTED_EDGE('',*,*,#3915,.F.);
#5391=ORIENTED_EDGE('',*,*,#3916,.F.);
#5392=ORIENTED_EDGE('',*,*,#3917,.F.);
#5393=ORIENTED_EDGE('',*,*,#3885,.F.);
#5394=ORIENTED_EDGE('',*,*,#3918,.F.);
#5395=ORIENTED_EDGE('',*,*,#3919,.T.);
#5396=ORIENTED_EDGE('',*,*,#3920,.F.);
#5397=ORIENTED_EDGE('',*,*,#3921,.T.);
#5398=ORIENTED_EDGE('',*,*,#3893,.F.);
#5399=ORIENTED_EDGE('',*,*,#3871,.T.);
#5400=ORIENTED_EDGE('',*,*,#3872,.T.);
#5401=ORIENTED_EDGE('',*,*,#3914,.F.);
#5402=ORIENTED_EDGE('',*,*,#3922,.T.);
#5403=ORIENTED_EDGE('',*,*,#3915,.T.);
#5404=ORIENTED_EDGE('',*,*,#3891,.T.);
#5405=ORIENTED_EDGE('',*,*,#3888,.T.);
#5406=ORIENTED_EDGE('',*,*,#3923,.T.);
#5407=ORIENTED_EDGE('',*,*,#3878,.T.);
#5408=ORIENTED_EDGE('',*,*,#3924,.T.);
#5409=ORIENTED_EDGE('',*,*,#3925,.T.);
#5410=ORIENTED_EDGE('',*,*,#3883,.T.);
#5411=ORIENTED_EDGE('',*,*,#3886,.T.);
#5412=ORIENTED_EDGE('',*,*,#3920,.T.);
#5413=ORIENTED_EDGE('',*,*,#3926,.T.);
#5414=ORIENTED_EDGE('',*,*,#3904,.F.);
#5415=ORIENTED_EDGE('',*,*,#3869,.T.);
#5416=ORIENTED_EDGE('',*,*,#3870,.T.);
#5417=ORIENTED_EDGE('',*,*,#3903,.F.);
#5418=ORIENTED_EDGE('',*,*,#3877,.T.);
#5419=ORIENTED_EDGE('',*,*,#3887,.T.);
#5420=ORIENTED_EDGE('',*,*,#3927,.F.);
#5421=ORIENTED_EDGE('',*,*,#3928,.T.);
#5422=ORIENTED_EDGE('',*,*,#3923,.F.);
#5423=ORIENTED_EDGE('',*,*,#3929,.F.);
#5424=ORIENTED_EDGE('',*,*,#3916,.T.);
#5425=ORIENTED_EDGE('',*,*,#3922,.F.);
#5426=ORIENTED_EDGE('',*,*,#3913,.F.);
#5427=ORIENTED_EDGE('',*,*,#3930,.F.);
#5428=ORIENTED_EDGE('',*,*,#3894,.F.);
#5429=ORIENTED_EDGE('',*,*,#3921,.F.);
#5430=ORIENTED_EDGE('',*,*,#3928,.F.);
#5431=ORIENTED_EDGE('',*,*,#3931,.F.);
#5432=ORIENTED_EDGE('',*,*,#3905,.F.);
#5433=ORIENTED_EDGE('',*,*,#3926,.F.);
#5434=ORIENTED_EDGE('',*,*,#3919,.F.);
#5435=ORIENTED_EDGE('',*,*,#3884,.T.);
#5436=ORIENTED_EDGE('',*,*,#3925,.F.);
#5437=ORIENTED_EDGE('',*,*,#3932,.F.);
#5438=ORIENTED_EDGE('',*,*,#3933,.F.);
#5439=ORIENTED_EDGE('',*,*,#3934,.F.);
#5440=ORIENTED_EDGE('',*,*,#3932,.T.);
#5441=ORIENTED_EDGE('',*,*,#3924,.F.);
#5442=ORIENTED_EDGE('',*,*,#3902,.F.);
#5443=ORIENTED_EDGE('',*,*,#3931,.T.);
#5444=ORIENTED_EDGE('',*,*,#3918,.T.);
#5445=ORIENTED_EDGE('',*,*,#3933,.T.);
#5446=ORIENTED_EDGE('',*,*,#3934,.T.);
#5447=ORIENTED_EDGE('',*,*,#3901,.T.);
#5448=ORIENTED_EDGE('',*,*,#3935,.T.);
#5449=ORIENTED_EDGE('',*,*,#3936,.T.);
#5450=ORIENTED_EDGE('',*,*,#3937,.T.);
#5451=ORIENTED_EDGE('',*,*,#3938,.F.);
#5452=ORIENTED_EDGE('',*,*,#3939,.T.);
#5453=ORIENTED_EDGE('',*,*,#3940,.T.);
#5454=ORIENTED_EDGE('',*,*,#3941,.T.);
#5455=ORIENTED_EDGE('',*,*,#3906,.T.);
#5456=ORIENTED_EDGE('',*,*,#3942,.F.);
#5457=ORIENTED_EDGE('',*,*,#3943,.T.);
#5458=ORIENTED_EDGE('',*,*,#3944,.T.);
#5459=ORIENTED_EDGE('',*,*,#3943,.F.);
#5460=ORIENTED_EDGE('',*,*,#3944,.F.);
#5461=ORIENTED_EDGE('',*,*,#3945,.F.);
#5462=ORIENTED_EDGE('',*,*,#3946,.T.);
#5463=ORIENTED_EDGE('',*,*,#3947,.T.);
#5464=ORIENTED_EDGE('',*,*,#3946,.F.);
#5465=ORIENTED_EDGE('',*,*,#3947,.F.);
#5466=ORIENTED_EDGE('',*,*,#3948,.F.);
#5467=ORIENTED_EDGE('',*,*,#3949,.T.);
#5468=ORIENTED_EDGE('',*,*,#3950,.T.);
#5469=ORIENTED_EDGE('',*,*,#3949,.F.);
#5470=ORIENTED_EDGE('',*,*,#3950,.F.);
#5471=ORIENTED_EDGE('',*,*,#3951,.F.);
#5472=ORIENTED_EDGE('',*,*,#3952,.T.);
#5473=ORIENTED_EDGE('',*,*,#3953,.T.);
#5474=ORIENTED_EDGE('',*,*,#3952,.F.);
#5475=ORIENTED_EDGE('',*,*,#3953,.F.);
#5476=ORIENTED_EDGE('',*,*,#3896,.F.);
#5477=ORIENTED_EDGE('',*,*,#3954,.F.);
#5478=ORIENTED_EDGE('',*,*,#3955,.F.);
#5479=ORIENTED_EDGE('',*,*,#3956,.F.);
#5480=ORIENTED_EDGE('',*,*,#3897,.F.);
#5481=ORIENTED_EDGE('',*,*,#3956,.T.);
#5482=ORIENTED_EDGE('',*,*,#3957,.F.);
#5483=ORIENTED_EDGE('',*,*,#3958,.F.);
#5484=ORIENTED_EDGE('',*,*,#3959,.F.);
#5485=ORIENTED_EDGE('',*,*,#3960,.F.);
#5486=ORIENTED_EDGE('',*,*,#3957,.T.);
#5487=ORIENTED_EDGE('',*,*,#3955,.T.);
#5488=ORIENTED_EDGE('',*,*,#3951,.T.);
#5489=ORIENTED_EDGE('',*,*,#3929,.T.);
#5490=ORIENTED_EDGE('',*,*,#3912,.F.);
#5491=ORIENTED_EDGE('',*,*,#3961,.T.);
#5492=ORIENTED_EDGE('',*,*,#3962,.T.);
#5493=ORIENTED_EDGE('',*,*,#3963,.F.);
#5494=ORIENTED_EDGE('',*,*,#3964,.F.);
#5495=ORIENTED_EDGE('',*,*,#3965,.F.);
#5496=ORIENTED_EDGE('',*,*,#3959,.T.);
#5497=ORIENTED_EDGE('',*,*,#3954,.T.);
#5498=ORIENTED_EDGE('',*,*,#3895,.F.);
#5499=ORIENTED_EDGE('',*,*,#3930,.T.);
#5500=ORIENTED_EDGE('',*,*,#3927,.T.);
#5501=ORIENTED_EDGE('',*,*,#3917,.T.);
#5502=ORIENTED_EDGE('',*,*,#3910,.F.);
#5503=ORIENTED_EDGE('',*,*,#3966,.F.);
#5504=ORIENTED_EDGE('',*,*,#3967,.F.);
#5505=ORIENTED_EDGE('',*,*,#3968,.F.);
#5506=ORIENTED_EDGE('',*,*,#3911,.F.);
#5507=ORIENTED_EDGE('',*,*,#3968,.T.);
#5508=ORIENTED_EDGE('',*,*,#3969,.F.);
#5509=ORIENTED_EDGE('',*,*,#3961,.F.);
#5510=ORIENTED_EDGE('',*,*,#3969,.T.);
#5511=ORIENTED_EDGE('',*,*,#3967,.T.);
#5512=ORIENTED_EDGE('',*,*,#3970,.F.);
#5513=ORIENTED_EDGE('',*,*,#3962,.F.);
#5514=ORIENTED_EDGE('',*,*,#3948,.T.);
#5515=ORIENTED_EDGE('',*,*,#3899,.F.);
#5516=ORIENTED_EDGE('',*,*,#3971,.F.);
#5517=ORIENTED_EDGE('',*,*,#3972,.F.);
#5518=ORIENTED_EDGE('',*,*,#3973,.F.);
#5519=ORIENTED_EDGE('',*,*,#3900,.F.);
#5520=ORIENTED_EDGE('',*,*,#3973,.T.);
#5521=ORIENTED_EDGE('',*,*,#3974,.F.);
#5522=ORIENTED_EDGE('',*,*,#3935,.F.);
#5523=ORIENTED_EDGE('',*,*,#3974,.T.);
#5524=ORIENTED_EDGE('',*,*,#3972,.T.);
#5525=ORIENTED_EDGE('',*,*,#3975,.F.);
#5526=ORIENTED_EDGE('',*,*,#3936,.F.);
#5527=ORIENTED_EDGE('',*,*,#3945,.T.);
#5528=ORIENTED_EDGE('',*,*,#3907,.F.);
#5529=ORIENTED_EDGE('',*,*,#3941,.F.);
#5530=ORIENTED_EDGE('',*,*,#3976,.F.);
#5531=ORIENTED_EDGE('',*,*,#3977,.F.);
#5532=ORIENTED_EDGE('',*,*,#3908,.F.);
#5533=ORIENTED_EDGE('',*,*,#3977,.T.);
#5534=ORIENTED_EDGE('',*,*,#3978,.F.);
#5535=ORIENTED_EDGE('',*,*,#3979,.F.);
#5536=ORIENTED_EDGE('',*,*,#3940,.F.);
#5537=ORIENTED_EDGE('',*,*,#3980,.F.);
#5538=ORIENTED_EDGE('',*,*,#3978,.T.);
#5539=ORIENTED_EDGE('',*,*,#3976,.T.);
#5540=ORIENTED_EDGE('',*,*,#3942,.T.);
#5541=ORIENTED_EDGE('',*,*,#3981,.F.);
#5542=ORIENTED_EDGE('',*,*,#3982,.F.);
#5543=ORIENTED_EDGE('',*,*,#3983,.F.);
#5544=ORIENTED_EDGE('',*,*,#3984,.F.);
#5545=ORIENTED_EDGE('',*,*,#3985,.F.);
#5546=ORIENTED_EDGE('',*,*,#3986,.F.);
#5547=ORIENTED_EDGE('',*,*,#3985,.T.);
#5548=ORIENTED_EDGE('',*,*,#3987,.T.);
#5549=ORIENTED_EDGE('',*,*,#3983,.T.);
#5550=ORIENTED_EDGE('',*,*,#3988,.T.);
#5551=ORIENTED_EDGE('',*,*,#3989,.F.);
#5552=ORIENTED_EDGE('',*,*,#3990,.F.);
#5553=ORIENTED_EDGE('',*,*,#3991,.F.);
#5554=ORIENTED_EDGE('',*,*,#3982,.T.);
#5555=ORIENTED_EDGE('',*,*,#3992,.T.);
#5556=ORIENTED_EDGE('',*,*,#3990,.T.);
#5557=ORIENTED_EDGE('',*,*,#3993,.T.);
#5558=ORIENTED_EDGE('',*,*,#3994,.F.);
#5559=ORIENTED_EDGE('',*,*,#3995,.F.);
#5560=ORIENTED_EDGE('',*,*,#3996,.F.);
#5561=ORIENTED_EDGE('',*,*,#3995,.T.);
#5562=ORIENTED_EDGE('',*,*,#3997,.T.);
#5563=ORIENTED_EDGE('',*,*,#3981,.T.);
#5564=ORIENTED_EDGE('',*,*,#3998,.T.);
#5565=ORIENTED_EDGE('',*,*,#3999,.F.);
#5566=ORIENTED_EDGE('',*,*,#4000,.F.);
#5567=ORIENTED_EDGE('',*,*,#4001,.F.);
#5568=ORIENTED_EDGE('',*,*,#4000,.T.);
#5569=ORIENTED_EDGE('',*,*,#4002,.T.);
#5570=ORIENTED_EDGE('',*,*,#3986,.T.);
#5571=ORIENTED_EDGE('',*,*,#4003,.T.);
#5572=ORIENTED_EDGE('',*,*,#3989,.T.);
#5573=ORIENTED_EDGE('',*,*,#4004,.T.);
#5574=ORIENTED_EDGE('',*,*,#4001,.T.);
#5575=ORIENTED_EDGE('',*,*,#4005,.T.);
#5576=ORIENTED_EDGE('',*,*,#4006,.F.);
#5577=ORIENTED_EDGE('',*,*,#4007,.F.);
#5578=ORIENTED_EDGE('',*,*,#4008,.F.);
#5579=ORIENTED_EDGE('',*,*,#4007,.T.);
#5580=ORIENTED_EDGE('',*,*,#4009,.T.);
#5581=ORIENTED_EDGE('',*,*,#3984,.T.);
#5582=ORIENTED_EDGE('',*,*,#4010,.T.);
#5583=ORIENTED_EDGE('',*,*,#4011,.F.);
#5584=ORIENTED_EDGE('',*,*,#4012,.F.);
#5585=ORIENTED_EDGE('',*,*,#4013,.F.);
#5586=ORIENTED_EDGE('',*,*,#4012,.T.);
#5587=ORIENTED_EDGE('',*,*,#4014,.T.);
#5588=ORIENTED_EDGE('',*,*,#3991,.T.);
#5589=ORIENTED_EDGE('',*,*,#4015,.T.);
#5590=ORIENTED_EDGE('',*,*,#3994,.T.);
#5591=ORIENTED_EDGE('',*,*,#4016,.T.);
#5592=ORIENTED_EDGE('',*,*,#4013,.T.);
#5593=ORIENTED_EDGE('',*,*,#4017,.T.);
#5594=ORIENTED_EDGE('',*,*,#4018,.F.);
#5595=ORIENTED_EDGE('',*,*,#4019,.F.);
#5596=ORIENTED_EDGE('',*,*,#4020,.F.);
#5597=ORIENTED_EDGE('',*,*,#4019,.T.);
#5598=ORIENTED_EDGE('',*,*,#4021,.T.);
#5599=ORIENTED_EDGE('',*,*,#3999,.T.);
#5600=ORIENTED_EDGE('',*,*,#4022,.T.);
#5601=ORIENTED_EDGE('',*,*,#4011,.T.);
#5602=ORIENTED_EDGE('',*,*,#4023,.T.);
#5603=ORIENTED_EDGE('',*,*,#4020,.T.);
#5604=ORIENTED_EDGE('',*,*,#4024,.T.);
#5605=ORIENTED_EDGE('',*,*,#4018,.T.);
#5606=ORIENTED_EDGE('',*,*,#4025,.T.);
#5607=ORIENTED_EDGE('',*,*,#4008,.T.);
#5608=ORIENTED_EDGE('',*,*,#4026,.T.);
#5609=ORIENTED_EDGE('',*,*,#4006,.T.);
#5610=ORIENTED_EDGE('',*,*,#4027,.T.);
#5611=ORIENTED_EDGE('',*,*,#3996,.T.);
#5612=ORIENTED_EDGE('',*,*,#4028,.T.);
#5613=ORIENTED_EDGE('',*,*,#3987,.F.);
#5614=ORIENTED_EDGE('',*,*,#4009,.F.);
#5615=ORIENTED_EDGE('',*,*,#4028,.F.);
#5616=ORIENTED_EDGE('',*,*,#3998,.F.);
#5617=ORIENTED_EDGE('',*,*,#3813,.T.);
#5618=ORIENTED_EDGE('',*,*,#3847,.T.);
#5619=ORIENTED_EDGE('',*,*,#3844,.T.);
#5620=ORIENTED_EDGE('',*,*,#3841,.T.);
#5621=ORIENTED_EDGE('',*,*,#3838,.T.);
#5622=ORIENTED_EDGE('',*,*,#3835,.T.);
#5623=ORIENTED_EDGE('',*,*,#3832,.T.);
#5624=ORIENTED_EDGE('',*,*,#3829,.T.);
#5625=ORIENTED_EDGE('',*,*,#3826,.T.);
#5626=ORIENTED_EDGE('',*,*,#3823,.T.);
#5627=ORIENTED_EDGE('',*,*,#3820,.T.);
#5628=ORIENTED_EDGE('',*,*,#3817,.T.);
#5629=ORIENTED_EDGE('',*,*,#3735,.T.);
#5630=ORIENTED_EDGE('',*,*,#3781,.T.);
#5631=ORIENTED_EDGE('',*,*,#3778,.T.);
#5632=ORIENTED_EDGE('',*,*,#3775,.T.);
#5633=ORIENTED_EDGE('',*,*,#3772,.T.);
#5634=ORIENTED_EDGE('',*,*,#3769,.T.);
#5635=ORIENTED_EDGE('',*,*,#3766,.T.);
#5636=ORIENTED_EDGE('',*,*,#3763,.T.);
#5637=ORIENTED_EDGE('',*,*,#3760,.T.);
#5638=ORIENTED_EDGE('',*,*,#3757,.T.);
#5639=ORIENTED_EDGE('',*,*,#3754,.T.);
#5640=ORIENTED_EDGE('',*,*,#3751,.T.);
#5641=ORIENTED_EDGE('',*,*,#3748,.T.);
#5642=ORIENTED_EDGE('',*,*,#3745,.T.);
#5643=ORIENTED_EDGE('',*,*,#3742,.T.);
#5644=ORIENTED_EDGE('',*,*,#3739,.T.);
#5645=ORIENTED_EDGE('',*,*,#3690,.T.);
#5646=ORIENTED_EDGE('',*,*,#3733,.T.);
#5647=ORIENTED_EDGE('',*,*,#3730,.T.);
#5648=ORIENTED_EDGE('',*,*,#3727,.T.);
#5649=ORIENTED_EDGE('',*,*,#3724,.T.);
#5650=ORIENTED_EDGE('',*,*,#3721,.T.);
#5651=ORIENTED_EDGE('',*,*,#3718,.T.);
#5652=ORIENTED_EDGE('',*,*,#3715,.T.);
#5653=ORIENTED_EDGE('',*,*,#3712,.T.);
#5654=ORIENTED_EDGE('',*,*,#3709,.T.);
#5655=ORIENTED_EDGE('',*,*,#3706,.T.);
#5656=ORIENTED_EDGE('',*,*,#3703,.T.);
#5657=ORIENTED_EDGE('',*,*,#3700,.T.);
#5658=ORIENTED_EDGE('',*,*,#3697,.T.);
#5659=ORIENTED_EDGE('',*,*,#3694,.T.);
#5660=ORIENTED_EDGE('',*,*,#3630,.T.);
#5661=ORIENTED_EDGE('',*,*,#3673,.T.);
#5662=ORIENTED_EDGE('',*,*,#3670,.T.);
#5663=ORIENTED_EDGE('',*,*,#3667,.T.);
#5664=ORIENTED_EDGE('',*,*,#3664,.T.);
#5665=ORIENTED_EDGE('',*,*,#3661,.T.);
#5666=ORIENTED_EDGE('',*,*,#3658,.T.);
#5667=ORIENTED_EDGE('',*,*,#3655,.T.);
#5668=ORIENTED_EDGE('',*,*,#3652,.T.);
#5669=ORIENTED_EDGE('',*,*,#3649,.T.);
#5670=ORIENTED_EDGE('',*,*,#3646,.T.);
#5671=ORIENTED_EDGE('',*,*,#3643,.T.);
#5672=ORIENTED_EDGE('',*,*,#3640,.T.);
#5673=ORIENTED_EDGE('',*,*,#3637,.T.);
#5674=ORIENTED_EDGE('',*,*,#3634,.T.);
#5675=ORIENTED_EDGE('',*,*,#3525,.T.);
#5676=ORIENTED_EDGE('',*,*,#3604,.T.);
#5677=ORIENTED_EDGE('',*,*,#3601,.T.);
#5678=ORIENTED_EDGE('',*,*,#3598,.T.);
#5679=ORIENTED_EDGE('',*,*,#3595,.T.);
#5680=ORIENTED_EDGE('',*,*,#3592,.T.);
#5681=ORIENTED_EDGE('',*,*,#3589,.T.);
#5682=ORIENTED_EDGE('',*,*,#3586,.T.);
#5683=ORIENTED_EDGE('',*,*,#3583,.T.);
#5684=ORIENTED_EDGE('',*,*,#3580,.T.);
#5685=ORIENTED_EDGE('',*,*,#3577,.T.);
#5686=ORIENTED_EDGE('',*,*,#3574,.T.);
#5687=ORIENTED_EDGE('',*,*,#3571,.T.);
#5688=ORIENTED_EDGE('',*,*,#3568,.T.);
#5689=ORIENTED_EDGE('',*,*,#3565,.T.);
#5690=ORIENTED_EDGE('',*,*,#3562,.T.);
#5691=ORIENTED_EDGE('',*,*,#3559,.T.);
#5692=ORIENTED_EDGE('',*,*,#3556,.T.);
#5693=ORIENTED_EDGE('',*,*,#3553,.T.);
#5694=ORIENTED_EDGE('',*,*,#3550,.T.);
#5695=ORIENTED_EDGE('',*,*,#3547,.T.);
#5696=ORIENTED_EDGE('',*,*,#3544,.T.);
#5697=ORIENTED_EDGE('',*,*,#3541,.T.);
#5698=ORIENTED_EDGE('',*,*,#3538,.T.);
#5699=ORIENTED_EDGE('',*,*,#3535,.T.);
#5700=ORIENTED_EDGE('',*,*,#3532,.T.);
#5701=ORIENTED_EDGE('',*,*,#3529,.T.);
#5702=ORIENTED_EDGE('',*,*,#3450,.T.);
#5703=ORIENTED_EDGE('',*,*,#3493,.T.);
#5704=ORIENTED_EDGE('',*,*,#3490,.T.);
#5705=ORIENTED_EDGE('',*,*,#3487,.T.);
#5706=ORIENTED_EDGE('',*,*,#3484,.T.);
#5707=ORIENTED_EDGE('',*,*,#3481,.T.);
#5708=ORIENTED_EDGE('',*,*,#3478,.T.);
#5709=ORIENTED_EDGE('',*,*,#3475,.T.);
#5710=ORIENTED_EDGE('',*,*,#3472,.T.);
#5711=ORIENTED_EDGE('',*,*,#3469,.T.);
#5712=ORIENTED_EDGE('',*,*,#3466,.T.);
#5713=ORIENTED_EDGE('',*,*,#3463,.T.);
#5714=ORIENTED_EDGE('',*,*,#3460,.T.);
#5715=ORIENTED_EDGE('',*,*,#3457,.T.);
#5716=ORIENTED_EDGE('',*,*,#3454,.T.);
#5717=ORIENTED_EDGE('',*,*,#3375,.T.);
#5718=ORIENTED_EDGE('',*,*,#3433,.T.);
#5719=ORIENTED_EDGE('',*,*,#3430,.T.);
#5720=ORIENTED_EDGE('',*,*,#3427,.T.);
#5721=ORIENTED_EDGE('',*,*,#3424,.T.);
#5722=ORIENTED_EDGE('',*,*,#3421,.T.);
#5723=ORIENTED_EDGE('',*,*,#3418,.T.);
#5724=ORIENTED_EDGE('',*,*,#3415,.T.);
#5725=ORIENTED_EDGE('',*,*,#3412,.T.);
#5726=ORIENTED_EDGE('',*,*,#3409,.T.);
#5727=ORIENTED_EDGE('',*,*,#3406,.T.);
#5728=ORIENTED_EDGE('',*,*,#3403,.T.);
#5729=ORIENTED_EDGE('',*,*,#3400,.T.);
#5730=ORIENTED_EDGE('',*,*,#3397,.T.);
#5731=ORIENTED_EDGE('',*,*,#3394,.T.);
#5732=ORIENTED_EDGE('',*,*,#3391,.T.);
#5733=ORIENTED_EDGE('',*,*,#3388,.T.);
#5734=ORIENTED_EDGE('',*,*,#3385,.T.);
#5735=ORIENTED_EDGE('',*,*,#3382,.T.);
#5736=ORIENTED_EDGE('',*,*,#3379,.T.);
#5737=ORIENTED_EDGE('',*,*,#3330,.T.);
#5738=ORIENTED_EDGE('',*,*,#3373,.T.);
#5739=ORIENTED_EDGE('',*,*,#3370,.T.);
#5740=ORIENTED_EDGE('',*,*,#3367,.T.);
#5741=ORIENTED_EDGE('',*,*,#3364,.T.);
#5742=ORIENTED_EDGE('',*,*,#3361,.T.);
#5743=ORIENTED_EDGE('',*,*,#3358,.T.);
#5744=ORIENTED_EDGE('',*,*,#3355,.T.);
#5745=ORIENTED_EDGE('',*,*,#3352,.T.);
#5746=ORIENTED_EDGE('',*,*,#3349,.T.);
#5747=ORIENTED_EDGE('',*,*,#3346,.T.);
#5748=ORIENTED_EDGE('',*,*,#3343,.T.);
#5749=ORIENTED_EDGE('',*,*,#3340,.T.);
#5750=ORIENTED_EDGE('',*,*,#3337,.T.);
#5751=ORIENTED_EDGE('',*,*,#3334,.T.);
#5752=ORIENTED_EDGE('',*,*,#3276,.T.);
#5753=ORIENTED_EDGE('',*,*,#3313,.T.);
#5754=ORIENTED_EDGE('',*,*,#3310,.T.);
#5755=ORIENTED_EDGE('',*,*,#3307,.T.);
#5756=ORIENTED_EDGE('',*,*,#3304,.T.);
#5757=ORIENTED_EDGE('',*,*,#3301,.T.);
#5758=ORIENTED_EDGE('',*,*,#3298,.T.);
#5759=ORIENTED_EDGE('',*,*,#3295,.T.);
#5760=ORIENTED_EDGE('',*,*,#3292,.T.);
#5761=ORIENTED_EDGE('',*,*,#3289,.T.);
#5762=ORIENTED_EDGE('',*,*,#3286,.T.);
#5763=ORIENTED_EDGE('',*,*,#3283,.T.);
#5764=ORIENTED_EDGE('',*,*,#3280,.T.);
#5765=ORIENTED_EDGE('',*,*,#3219,.T.);
#5766=ORIENTED_EDGE('',*,*,#3274,.T.);
#5767=ORIENTED_EDGE('',*,*,#3271,.T.);
#5768=ORIENTED_EDGE('',*,*,#3268,.T.);
#5769=ORIENTED_EDGE('',*,*,#3265,.T.);
#5770=ORIENTED_EDGE('',*,*,#3262,.T.);
#5771=ORIENTED_EDGE('',*,*,#3259,.T.);
#5772=ORIENTED_EDGE('',*,*,#3256,.T.);
#5773=ORIENTED_EDGE('',*,*,#3253,.T.);
#5774=ORIENTED_EDGE('',*,*,#3250,.T.);
#5775=ORIENTED_EDGE('',*,*,#3247,.T.);
#5776=ORIENTED_EDGE('',*,*,#3244,.T.);
#5777=ORIENTED_EDGE('',*,*,#3241,.T.);
#5778=ORIENTED_EDGE('',*,*,#3238,.T.);
#5779=ORIENTED_EDGE('',*,*,#3235,.T.);
#5780=ORIENTED_EDGE('',*,*,#3232,.T.);
#5781=ORIENTED_EDGE('',*,*,#3229,.T.);
#5782=ORIENTED_EDGE('',*,*,#3226,.T.);
#5783=ORIENTED_EDGE('',*,*,#3223,.T.);
#5784=ORIENTED_EDGE('',*,*,#3150,.T.);
#5785=ORIENTED_EDGE('',*,*,#3193,.T.);
#5786=ORIENTED_EDGE('',*,*,#3190,.T.);
#5787=ORIENTED_EDGE('',*,*,#3187,.T.);
#5788=ORIENTED_EDGE('',*,*,#3184,.T.);
#5789=ORIENTED_EDGE('',*,*,#3181,.T.);
#5790=ORIENTED_EDGE('',*,*,#3178,.T.);
#5791=ORIENTED_EDGE('',*,*,#3175,.T.);
#5792=ORIENTED_EDGE('',*,*,#3172,.T.);
#5793=ORIENTED_EDGE('',*,*,#3169,.T.);
#5794=ORIENTED_EDGE('',*,*,#3166,.T.);
#5795=ORIENTED_EDGE('',*,*,#3163,.T.);
#5796=ORIENTED_EDGE('',*,*,#3160,.T.);
#5797=ORIENTED_EDGE('',*,*,#3157,.T.);
#5798=ORIENTED_EDGE('',*,*,#3154,.T.);
#5799=ORIENTED_EDGE('',*,*,#3988,.F.);
#5800=ORIENTED_EDGE('',*,*,#3993,.F.);
#5801=ORIENTED_EDGE('',*,*,#4005,.F.);
#5802=ORIENTED_EDGE('',*,*,#4003,.F.);
#5803=ORIENTED_EDGE('',*,*,#3992,.F.);
#5804=ORIENTED_EDGE('',*,*,#3997,.F.);
#5805=ORIENTED_EDGE('',*,*,#4017,.F.);
#5806=ORIENTED_EDGE('',*,*,#4015,.F.);
#5807=ORIENTED_EDGE('',*,*,#3874,.T.);
#5808=ORIENTED_EDGE('',*,*,#3880,.T.);
#5809=ORIENTED_EDGE('',*,*,#3890,.T.);
#5810=ORIENTED_EDGE('',*,*,#4002,.F.);
#5811=ORIENTED_EDGE('',*,*,#4021,.F.);
#5812=ORIENTED_EDGE('',*,*,#4026,.F.);
#5813=ORIENTED_EDGE('',*,*,#4010,.F.);
#5814=ORIENTED_EDGE('',*,*,#3867,.T.);
#5815=ORIENTED_EDGE('',*,*,#3875,.T.);
#5816=ORIENTED_EDGE('',*,*,#3881,.T.);
#5817=ORIENTED_EDGE('',*,*,#4004,.F.);
#5818=ORIENTED_EDGE('',*,*,#4014,.F.);
#5819=ORIENTED_EDGE('',*,*,#4024,.F.);
#5820=ORIENTED_EDGE('',*,*,#4022,.F.);
#5821=ORIENTED_EDGE('',*,*,#3849,.T.);
#5822=ORIENTED_EDGE('',*,*,#3852,.T.);
#5823=ORIENTED_EDGE('',*,*,#3863,.T.);
#5824=ORIENTED_EDGE('',*,*,#3860,.T.);
#5825=ORIENTED_EDGE('',*,*,#3857,.T.);
#5826=ORIENTED_EDGE('',*,*,#3866,.T.);
#5827=ORIENTED_EDGE('',*,*,#4016,.F.);
#5828=ORIENTED_EDGE('',*,*,#4027,.F.);
#5829=ORIENTED_EDGE('',*,*,#4025,.F.);
#5830=ORIENTED_EDGE('',*,*,#4023,.F.);
#5831=ORIENTED_EDGE('',*,*,#3964,.T.);
#5832=ORIENTED_EDGE('',*,*,#4029,.T.);
#5833=ORIENTED_EDGE('',*,*,#3938,.T.);
#5834=ORIENTED_EDGE('',*,*,#4030,.T.);
#5835=ORIENTED_EDGE('',*,*,#3960,.T.);
#5836=ORIENTED_EDGE('',*,*,#3965,.T.);
#5837=ORIENTED_EDGE('',*,*,#4030,.F.);
#5838=ORIENTED_EDGE('',*,*,#3937,.F.);
#5839=ORIENTED_EDGE('',*,*,#3975,.T.);
#5840=ORIENTED_EDGE('',*,*,#3971,.T.);
#5841=ORIENTED_EDGE('',*,*,#3898,.F.);
#5842=ORIENTED_EDGE('',*,*,#3958,.T.);
#5843=ORIENTED_EDGE('',*,*,#3966,.T.);
#5844=ORIENTED_EDGE('',*,*,#3909,.T.);
#5845=ORIENTED_EDGE('',*,*,#3979,.T.);
#5846=ORIENTED_EDGE('',*,*,#3980,.T.);
#5847=ORIENTED_EDGE('',*,*,#3939,.F.);
#5848=ORIENTED_EDGE('',*,*,#4029,.F.);
#5849=ORIENTED_EDGE('',*,*,#3963,.T.);
#5850=ORIENTED_EDGE('',*,*,#3970,.T.);
#5851=ORIENTED_EDGE('',*,*,#3851,.T.);
#5852=ORIENTED_EDGE('',*,*,#3854,.T.);
#5853=ORIENTED_EDGE('',*,*,#3862,.T.);
#5854=ORIENTED_EDGE('',*,*,#3865,.T.);
#5855=ORIENTED_EDGE('',*,*,#3855,.T.);
#5856=ORIENTED_EDGE('',*,*,#3859,.T.);
#5857=ORIENTED_EDGE('',*,*,#4031,.F.);
#5858=ORIENTED_EDGE('',*,*,#4032,.T.);
#5859=ORIENTED_EDGE('',*,*,#4032,.F.);
#5860=ORIENTED_EDGE('',*,*,#4033,.F.);
#5861=ORIENTED_EDGE('',*,*,#4034,.T.);
#5862=ORIENTED_EDGE('',*,*,#4031,.T.);
#5863=ORIENTED_EDGE('',*,*,#4034,.F.);
#5864=ORIENTED_EDGE('',*,*,#4035,.T.);
#5865=ORIENTED_EDGE('',*,*,#4036,.T.);
#5866=ORIENTED_EDGE('',*,*,#4037,.F.);
#5867=ORIENTED_EDGE('',*,*,#4038,.F.);
#5868=ORIENTED_EDGE('',*,*,#4039,.T.);
#5869=ORIENTED_EDGE('',*,*,#4038,.T.);
#5870=ORIENTED_EDGE('',*,*,#4040,.F.);
#5871=ORIENTED_EDGE('',*,*,#4041,.F.);
#5872=ORIENTED_EDGE('',*,*,#4042,.T.);
#5873=ORIENTED_EDGE('',*,*,#4041,.T.);
#5874=ORIENTED_EDGE('',*,*,#4043,.F.);
#5875=ORIENTED_EDGE('',*,*,#4044,.F.);
#5876=ORIENTED_EDGE('',*,*,#4045,.T.);
#5877=ORIENTED_EDGE('',*,*,#4044,.T.);
#5878=ORIENTED_EDGE('',*,*,#4046,.F.);
#5879=ORIENTED_EDGE('',*,*,#4036,.F.);
#5880=ORIENTED_EDGE('',*,*,#4046,.T.);
#5881=ORIENTED_EDGE('',*,*,#4043,.T.);
#5882=ORIENTED_EDGE('',*,*,#4040,.T.);
#5883=ORIENTED_EDGE('',*,*,#4037,.T.);
#5884=ORIENTED_EDGE('',*,*,#4033,.T.);
#5885=ORIENTED_EDGE('',*,*,#4045,.F.);
#5886=ORIENTED_EDGE('',*,*,#4035,.F.);
#5887=ORIENTED_EDGE('',*,*,#4039,.F.);
#5888=ORIENTED_EDGE('',*,*,#4042,.F.);
#5889=ORIENTED_EDGE('',*,*,#4047,.F.);
#5890=ORIENTED_EDGE('',*,*,#4048,.T.);
#5891=ORIENTED_EDGE('',*,*,#4048,.F.);
#5892=ORIENTED_EDGE('',*,*,#4049,.F.);
#5893=ORIENTED_EDGE('',*,*,#4050,.T.);
#5894=ORIENTED_EDGE('',*,*,#4047,.T.);
#5895=ORIENTED_EDGE('',*,*,#4050,.F.);
#5896=ORIENTED_EDGE('',*,*,#4051,.F.);
#5897=ORIENTED_EDGE('',*,*,#4052,.T.);
#5898=ORIENTED_EDGE('',*,*,#4053,.F.);
#5899=ORIENTED_EDGE('',*,*,#4054,.F.);
#5900=ORIENTED_EDGE('',*,*,#4055,.F.);
#5901=ORIENTED_EDGE('',*,*,#4054,.T.);
#5902=ORIENTED_EDGE('',*,*,#4056,.F.);
#5903=ORIENTED_EDGE('',*,*,#4057,.F.);
#5904=ORIENTED_EDGE('',*,*,#4058,.F.);
#5905=ORIENTED_EDGE('',*,*,#4057,.T.);
#5906=ORIENTED_EDGE('',*,*,#4059,.F.);
#5907=ORIENTED_EDGE('',*,*,#4060,.F.);
#5908=ORIENTED_EDGE('',*,*,#4061,.F.);
#5909=ORIENTED_EDGE('',*,*,#4060,.T.);
#5910=ORIENTED_EDGE('',*,*,#4062,.F.);
#5911=ORIENTED_EDGE('',*,*,#4052,.F.);
#5912=ORIENTED_EDGE('',*,*,#4062,.T.);
#5913=ORIENTED_EDGE('',*,*,#4059,.T.);
#5914=ORIENTED_EDGE('',*,*,#4056,.T.);
#5915=ORIENTED_EDGE('',*,*,#4053,.T.);
#5916=ORIENTED_EDGE('',*,*,#4049,.T.);
#5917=ORIENTED_EDGE('',*,*,#4061,.T.);
#5918=ORIENTED_EDGE('',*,*,#4051,.T.);
#5919=ORIENTED_EDGE('',*,*,#4055,.T.);
#5920=ORIENTED_EDGE('',*,*,#4058,.T.);
#5921=ORIENTED_EDGE('',*,*,#4063,.F.);
#5922=ORIENTED_EDGE('',*,*,#4064,.T.);
#5923=ORIENTED_EDGE('',*,*,#4064,.F.);
#5924=ORIENTED_EDGE('',*,*,#4065,.F.);
#5925=ORIENTED_EDGE('',*,*,#4066,.T.);
#5926=ORIENTED_EDGE('',*,*,#4063,.T.);
#5927=ORIENTED_EDGE('',*,*,#4066,.F.);
#5928=ORIENTED_EDGE('',*,*,#4067,.F.);
#5929=ORIENTED_EDGE('',*,*,#4068,.T.);
#5930=ORIENTED_EDGE('',*,*,#4069,.F.);
#5931=ORIENTED_EDGE('',*,*,#4070,.F.);
#5932=ORIENTED_EDGE('',*,*,#4071,.F.);
#5933=ORIENTED_EDGE('',*,*,#4070,.T.);
#5934=ORIENTED_EDGE('',*,*,#4072,.F.);
#5935=ORIENTED_EDGE('',*,*,#4073,.F.);
#5936=ORIENTED_EDGE('',*,*,#4074,.F.);
#5937=ORIENTED_EDGE('',*,*,#4073,.T.);
#5938=ORIENTED_EDGE('',*,*,#4075,.F.);
#5939=ORIENTED_EDGE('',*,*,#4076,.F.);
#5940=ORIENTED_EDGE('',*,*,#4077,.F.);
#5941=ORIENTED_EDGE('',*,*,#4076,.T.);
#5942=ORIENTED_EDGE('',*,*,#4078,.F.);
#5943=ORIENTED_EDGE('',*,*,#4068,.F.);
#5944=ORIENTED_EDGE('',*,*,#4078,.T.);
#5945=ORIENTED_EDGE('',*,*,#4075,.T.);
#5946=ORIENTED_EDGE('',*,*,#4072,.T.);
#5947=ORIENTED_EDGE('',*,*,#4069,.T.);
#5948=ORIENTED_EDGE('',*,*,#4065,.T.);
#5949=ORIENTED_EDGE('',*,*,#4077,.T.);
#5950=ORIENTED_EDGE('',*,*,#4067,.T.);
#5951=ORIENTED_EDGE('',*,*,#4071,.T.);
#5952=ORIENTED_EDGE('',*,*,#4074,.T.);
#5953=ORIENTED_EDGE('',*,*,#4079,.F.);
#5954=ORIENTED_EDGE('',*,*,#4080,.T.);
#5955=ORIENTED_EDGE('',*,*,#4080,.F.);
#5956=ORIENTED_EDGE('',*,*,#4081,.F.);
#5957=ORIENTED_EDGE('',*,*,#4082,.T.);
#5958=ORIENTED_EDGE('',*,*,#4079,.T.);
#5959=ORIENTED_EDGE('',*,*,#4082,.F.);
#5960=ORIENTED_EDGE('',*,*,#4083,.T.);
#5961=ORIENTED_EDGE('',*,*,#4084,.T.);
#5962=ORIENTED_EDGE('',*,*,#4085,.F.);
#5963=ORIENTED_EDGE('',*,*,#4086,.F.);
#5964=ORIENTED_EDGE('',*,*,#4087,.T.);
#5965=ORIENTED_EDGE('',*,*,#4086,.T.);
#5966=ORIENTED_EDGE('',*,*,#4088,.F.);
#5967=ORIENTED_EDGE('',*,*,#4089,.F.);
#5968=ORIENTED_EDGE('',*,*,#4090,.T.);
#5969=ORIENTED_EDGE('',*,*,#4089,.T.);
#5970=ORIENTED_EDGE('',*,*,#4091,.F.);
#5971=ORIENTED_EDGE('',*,*,#4092,.F.);
#5972=ORIENTED_EDGE('',*,*,#4093,.T.);
#5973=ORIENTED_EDGE('',*,*,#4092,.T.);
#5974=ORIENTED_EDGE('',*,*,#4094,.F.);
#5975=ORIENTED_EDGE('',*,*,#4084,.F.);
#5976=ORIENTED_EDGE('',*,*,#4094,.T.);
#5977=ORIENTED_EDGE('',*,*,#4091,.T.);
#5978=ORIENTED_EDGE('',*,*,#4088,.T.);
#5979=ORIENTED_EDGE('',*,*,#4085,.T.);
#5980=ORIENTED_EDGE('',*,*,#4081,.T.);
#5981=ORIENTED_EDGE('',*,*,#4093,.F.);
#5982=ORIENTED_EDGE('',*,*,#4083,.F.);
#5983=ORIENTED_EDGE('',*,*,#4087,.F.);
#5984=ORIENTED_EDGE('',*,*,#4090,.F.);
#5985=PLANE('',#6518);
#5986=PLANE('',#6519);
#5987=PLANE('',#6520);
#5988=PLANE('',#6521);
#5989=PLANE('',#6522);
#5990=PLANE('',#6523);
#5991=PLANE('',#6524);
#5992=PLANE('',#6525);
#5993=PLANE('',#6526);
#5994=PLANE('',#6527);
#5995=PLANE('',#6528);
#5996=PLANE('',#6529);
#5997=PLANE('',#6530);
#5998=PLANE('',#6531);
#5999=PLANE('',#6532);
#6000=PLANE('',#6533);
#6001=PLANE('',#6534);
#6002=PLANE('',#6535);
#6003=PLANE('',#6536);
#6004=PLANE('',#6537);
#6005=PLANE('',#6538);
#6006=PLANE('',#6539);
#6007=PLANE('',#6540);
#6008=PLANE('',#6541);
#6009=PLANE('',#6542);
#6010=PLANE('',#6543);
#6011=PLANE('',#6544);
#6012=PLANE('',#6545);
#6013=PLANE('',#6546);
#6014=PLANE('',#6547);
#6015=PLANE('',#6548);
#6016=PLANE('',#6549);
#6017=PLANE('',#6550);
#6018=PLANE('',#6551);
#6019=PLANE('',#6552);
#6020=PLANE('',#6553);
#6021=PLANE('',#6554);
#6022=PLANE('',#6555);
#6023=PLANE('',#6556);
#6024=PLANE('',#6557);
#6025=PLANE('',#6558);
#6026=PLANE('',#6559);
#6027=PLANE('',#6560);
#6028=PLANE('',#6561);
#6029=PLANE('',#6562);
#6030=PLANE('',#6563);
#6031=PLANE('',#6564);
#6032=PLANE('',#6565);
#6033=PLANE('',#6566);
#6034=PLANE('',#6567);
#6035=PLANE('',#6568);
#6036=PLANE('',#6569);
#6037=PLANE('',#6570);
#6038=PLANE('',#6571);
#6039=PLANE('',#6572);
#6040=PLANE('',#6573);
#6041=PLANE('',#6574);
#6042=PLANE('',#6575);
#6043=PLANE('',#6576);
#6044=PLANE('',#6577);
#6045=PLANE('',#6578);
#6046=PLANE('',#6579);
#6047=PLANE('',#6580);
#6048=PLANE('',#6581);
#6049=PLANE('',#6582);
#6050=PLANE('',#6583);
#6051=PLANE('',#6584);
#6052=PLANE('',#6585);
#6053=PLANE('',#6586);
#6054=PLANE('',#6587);
#6055=PLANE('',#6588);
#6056=PLANE('',#6589);
#6057=PLANE('',#6590);
#6058=PLANE('',#6591);
#6059=PLANE('',#6592);
#6060=PLANE('',#6593);
#6061=PLANE('',#6594);
#6062=PLANE('',#6595);
#6063=PLANE('',#6596);
#6064=PLANE('',#6597);
#6065=PLANE('',#6598);
#6066=PLANE('',#6599);
#6067=PLANE('',#6600);
#6068=PLANE('',#6601);
#6069=PLANE('',#6602);
#6070=PLANE('',#6603);
#6071=PLANE('',#6604);
#6072=PLANE('',#6605);
#6073=PLANE('',#6606);
#6074=PLANE('',#6607);
#6075=PLANE('',#6608);
#6076=PLANE('',#6609);
#6077=PLANE('',#6610);
#6078=PLANE('',#6611);
#6079=PLANE('',#6612);
#6080=PLANE('',#6613);
#6081=PLANE('',#6620);
#6082=PLANE('',#6624);
#6083=PLANE('',#6650);
#6084=PLANE('',#6651);
#6085=PLANE('',#6652);
#6086=PLANE('',#6653);
#6087=PLANE('',#6654);
#6088=PLANE('',#6655);
#6089=PLANE('',#6656);
#6090=PLANE('',#6657);
#6091=PLANE('',#6658);
#6092=PLANE('',#6659);
#6093=PLANE('',#6660);
#6094=PLANE('',#6661);
#6095=PLANE('',#6665);
#6096=PLANE('',#6669);
#6097=PLANE('',#6673);
#6098=PLANE('',#6677);
#6099=PLANE('',#6678);
#6100=PLANE('',#6679);
#6101=PLANE('',#6680);
#6102=PLANE('',#6681);
#6103=PLANE('',#6682);
#6104=PLANE('',#6683);
#6105=PLANE('',#6684);
#6106=PLANE('',#6685);
#6107=PLANE('',#6686);
#6108=PLANE('',#6687);
#6109=PLANE('',#6688);
#6110=PLANE('',#6689);
#6111=PLANE('',#6690);
#6112=PLANE('',#6735);
#6113=PLANE('',#6736);
#6114=PLANE('',#6737);
#6115=PLANE('',#6738);
#6116=PLANE('',#6739);
#6117=PLANE('',#6740);
#6118=PLANE('',#6741);
#6119=PLANE('',#6742);
#6120=PLANE('',#6747);
#6121=PLANE('',#6748);
#6122=PLANE('',#6749);
#6123=PLANE('',#6750);
#6124=PLANE('',#6751);
#6125=PLANE('',#6752);
#6126=PLANE('',#6757);
#6127=PLANE('',#6758);
#6128=PLANE('',#6759);
#6129=PLANE('',#6760);
#6130=PLANE('',#6761);
#6131=PLANE('',#6762);
#6132=PLANE('',#6767);
#6133=PLANE('',#6768);
#6134=PLANE('',#6769);
#6135=PLANE('',#6770);
#6136=PLANE('',#6771);
#6137=PLANE('',#6772);
#6138=PLANE('',#6777);
#6139=PLANE('',#6778);
#6140=PLANE('',#6779);
#6141=PLANE('',#6780);
#6142=PLANE('',#6781);
#6143=PLANE('',#6782);
#6144=ADVANCED_FACE('',(#635),#5985,.F.);
#6145=ADVANCED_FACE('',(#636),#5986,.F.);
#6146=ADVANCED_FACE('',(#637),#5987,.F.);
#6147=ADVANCED_FACE('',(#638),#5988,.F.);
#6148=ADVANCED_FACE('',(#639),#5989,.F.);
#6149=ADVANCED_FACE('',(#640),#5990,.F.);
#6150=ADVANCED_FACE('',(#641),#5991,.F.);
#6151=ADVANCED_FACE('',(#642),#5992,.F.);
#6152=ADVANCED_FACE('',(#643),#5993,.F.);
#6153=ADVANCED_FACE('',(#644),#480,.F.);
#6154=ADVANCED_FACE('',(#645),#481,.F.);
#6155=ADVANCED_FACE('',(#646),#5994,.F.);
#6156=ADVANCED_FACE('',(#647),#5995,.F.);
#6157=ADVANCED_FACE('',(#648),#5996,.F.);
#6158=ADVANCED_FACE('',(#649),#5997,.F.);
#6159=ADVANCED_FACE('',(#650),#5998,.T.);
#6160=ADVANCED_FACE('',(#651),#5999,.F.);
#6161=ADVANCED_FACE('',(#652),#482,.F.);
#6162=ADVANCED_FACE('',(#653),#483,.F.);
#6163=ADVANCED_FACE('',(#654),#484,.F.);
#6164=ADVANCED_FACE('',(#655),#485,.F.);
#6165=ADVANCED_FACE('',(#656),#486,.F.);
#6166=ADVANCED_FACE('',(#657),#6000,.F.);
#6167=ADVANCED_FACE('',(#658),#6001,.F.);
#6168=ADVANCED_FACE('',(#659),#6002,.F.);
#6169=ADVANCED_FACE('',(#660),#6003,.F.);
#6170=ADVANCED_FACE('',(#661),#487,.F.);
#6171=ADVANCED_FACE('',(#662),#488,.F.);
#6172=ADVANCED_FACE('',(#663),#489,.F.);
#6173=ADVANCED_FACE('',(#664),#490,.F.);
#6174=ADVANCED_FACE('',(#665),#6004,.F.);
#6175=ADVANCED_FACE('',(#666),#6005,.F.);
#6176=ADVANCED_FACE('',(#667),#6006,.F.);
#6177=ADVANCED_FACE('',(#668),#491,.F.);
#6178=ADVANCED_FACE('',(#669),#492,.F.);
#6179=ADVANCED_FACE('',(#670),#493,.F.);
#6180=ADVANCED_FACE('',(#671),#494,.F.);
#6181=ADVANCED_FACE('',(#672),#495,.F.);
#6182=ADVANCED_FACE('',(#673),#496,.F.);
#6183=ADVANCED_FACE('',(#674),#497,.F.);
#6184=ADVANCED_FACE('',(#675),#6007,.F.);
#6185=ADVANCED_FACE('',(#676),#6008,.F.);
#6186=ADVANCED_FACE('',(#677),#6009,.F.);
#6187=ADVANCED_FACE('',(#678,#129),#6010,.T.);
#6188=ADVANCED_FACE('',(#679),#6011,.F.);
#6189=ADVANCED_FACE('',(#680),#498,.F.);
#6190=ADVANCED_FACE('',(#681),#499,.F.);
#6191=ADVANCED_FACE('',(#682),#500,.F.);
#6192=ADVANCED_FACE('',(#683),#501,.F.);
#6193=ADVANCED_FACE('',(#684),#6012,.F.);
#6194=ADVANCED_FACE('',(#685),#502,.F.);
#6195=ADVANCED_FACE('',(#686),#503,.F.);
#6196=ADVANCED_FACE('',(#687),#504,.F.);
#6197=ADVANCED_FACE('',(#688),#6013,.F.);
#6198=ADVANCED_FACE('',(#689),#6014,.F.);
#6199=ADVANCED_FACE('',(#690),#6015,.F.);
#6200=ADVANCED_FACE('',(#691),#6016,.F.);
#6201=ADVANCED_FACE('',(#692),#6017,.T.);
#6202=ADVANCED_FACE('',(#693),#505,.F.);
#6203=ADVANCED_FACE('',(#694),#506,.F.);
#6204=ADVANCED_FACE('',(#695),#507,.F.);
#6205=ADVANCED_FACE('',(#696),#6018,.F.);
#6206=ADVANCED_FACE('',(#697),#508,.F.);
#6207=ADVANCED_FACE('',(#698),#509,.F.);
#6208=ADVANCED_FACE('',(#699),#510,.F.);
#6209=ADVANCED_FACE('',(#700),#511,.F.);
#6210=ADVANCED_FACE('',(#701),#6019,.F.);
#6211=ADVANCED_FACE('',(#702),#512,.F.);
#6212=ADVANCED_FACE('',(#703),#513,.F.);
#6213=ADVANCED_FACE('',(#704),#514,.F.);
#6214=ADVANCED_FACE('',(#705),#515,.F.);
#6215=ADVANCED_FACE('',(#706),#516,.F.);
#6216=ADVANCED_FACE('',(#707),#517,.F.);
#6217=ADVANCED_FACE('',(#708),#518,.F.);
#6218=ADVANCED_FACE('',(#709),#519,.F.);
#6219=ADVANCED_FACE('',(#710),#520,.F.);
#6220=ADVANCED_FACE('',(#711),#6020,.F.);
#6221=ADVANCED_FACE('',(#712),#521,.F.);
#6222=ADVANCED_FACE('',(#713,#130),#6021,.T.);
#6223=ADVANCED_FACE('',(#714),#522,.F.);
#6224=ADVANCED_FACE('',(#715),#523,.F.);
#6225=ADVANCED_FACE('',(#716),#524,.F.);
#6226=ADVANCED_FACE('',(#717),#6022,.F.);
#6227=ADVANCED_FACE('',(#718),#6023,.F.);
#6228=ADVANCED_FACE('',(#719),#6024,.F.);
#6229=ADVANCED_FACE('',(#720),#6025,.F.);
#6230=ADVANCED_FACE('',(#721),#6026,.F.);
#6231=ADVANCED_FACE('',(#722),#6027,.F.);
#6232=ADVANCED_FACE('',(#723),#6028,.F.);
#6233=ADVANCED_FACE('',(#724),#6029,.F.);
#6234=ADVANCED_FACE('',(#725),#6030,.F.);
#6235=ADVANCED_FACE('',(#726),#6031,.F.);
#6236=ADVANCED_FACE('',(#727),#6032,.F.);
#6237=ADVANCED_FACE('',(#728),#525,.F.);
#6238=ADVANCED_FACE('',(#729),#526,.F.);
#6239=ADVANCED_FACE('',(#730),#527,.F.);
#6240=ADVANCED_FACE('',(#731),#528,.F.);
#6241=ADVANCED_FACE('',(#732),#6033,.F.);
#6242=ADVANCED_FACE('',(#733),#529,.F.);
#6243=ADVANCED_FACE('',(#734),#6034,.T.);
#6244=ADVANCED_FACE('',(#735),#530,.F.);
#6245=ADVANCED_FACE('',(#736),#531,.F.);
#6246=ADVANCED_FACE('',(#737),#532,.F.);
#6247=ADVANCED_FACE('',(#738),#6035,.F.);
#6248=ADVANCED_FACE('',(#739),#533,.F.);
#6249=ADVANCED_FACE('',(#740),#534,.F.);
#6250=ADVANCED_FACE('',(#741),#535,.F.);
#6251=ADVANCED_FACE('',(#742),#536,.F.);
#6252=ADVANCED_FACE('',(#743),#6036,.F.);
#6253=ADVANCED_FACE('',(#744),#537,.F.);
#6254=ADVANCED_FACE('',(#745),#538,.F.);
#6255=ADVANCED_FACE('',(#746),#539,.F.);
#6256=ADVANCED_FACE('',(#747),#540,.F.);
#6257=ADVANCED_FACE('',(#748),#541,.F.);
#6258=ADVANCED_FACE('',(#749),#542,.F.);
#6259=ADVANCED_FACE('',(#750),#543,.F.);
#6260=ADVANCED_FACE('',(#751),#544,.F.);
#6261=ADVANCED_FACE('',(#752),#545,.F.);
#6262=ADVANCED_FACE('',(#753),#6037,.F.);
#6263=ADVANCED_FACE('',(#754),#546,.F.);
#6264=ADVANCED_FACE('',(#755,#131),#6038,.T.);
#6265=ADVANCED_FACE('',(#756),#547,.F.);
#6266=ADVANCED_FACE('',(#757),#548,.F.);
#6267=ADVANCED_FACE('',(#758),#549,.F.);
#6268=ADVANCED_FACE('',(#759),#550,.F.);
#6269=ADVANCED_FACE('',(#760),#551,.F.);
#6270=ADVANCED_FACE('',(#761),#552,.F.);
#6271=ADVANCED_FACE('',(#762),#553,.F.);
#6272=ADVANCED_FACE('',(#763),#554,.F.);
#6273=ADVANCED_FACE('',(#764),#555,.F.);
#6274=ADVANCED_FACE('',(#765),#6039,.F.);
#6275=ADVANCED_FACE('',(#766),#6040,.F.);
#6276=ADVANCED_FACE('',(#767),#556,.F.);
#6277=ADVANCED_FACE('',(#768),#557,.F.);
#6278=ADVANCED_FACE('',(#769),#6041,.F.);
#6279=ADVANCED_FACE('',(#770),#558,.F.);
#6280=ADVANCED_FACE('',(#771),#559,.F.);
#6281=ADVANCED_FACE('',(#772),#560,.F.);
#6282=ADVANCED_FACE('',(#773),#561,.F.);
#6283=ADVANCED_FACE('',(#774),#562,.F.);
#6284=ADVANCED_FACE('',(#775),#563,.F.);
#6285=ADVANCED_FACE('',(#776),#564,.F.);
#6286=ADVANCED_FACE('',(#777),#6042,.F.);
#6287=ADVANCED_FACE('',(#778),#565,.F.);
#6288=ADVANCED_FACE('',(#779),#566,.F.);
#6289=ADVANCED_FACE('',(#780),#567,.F.);
#6290=ADVANCED_FACE('',(#781),#568,.F.);
#6291=ADVANCED_FACE('',(#782),#569,.F.);
#6292=ADVANCED_FACE('',(#783),#570,.F.);
#6293=ADVANCED_FACE('',(#784),#571,.F.);
#6294=ADVANCED_FACE('',(#785),#572,.F.);
#6295=ADVANCED_FACE('',(#786),#573,.F.);
#6296=ADVANCED_FACE('',(#787),#574,.F.);
#6297=ADVANCED_FACE('',(#788),#575,.F.);
#6298=ADVANCED_FACE('',(#789),#576,.F.);
#6299=ADVANCED_FACE('',(#790),#577,.F.);
#6300=ADVANCED_FACE('',(#791),#578,.F.);
#6301=ADVANCED_FACE('',(#792),#579,.F.);
#6302=ADVANCED_FACE('',(#793,#132),#6043,.T.);
#6303=ADVANCED_FACE('',(#794),#580,.F.);
#6304=ADVANCED_FACE('',(#795),#581,.F.);
#6305=ADVANCED_FACE('',(#796),#582,.F.);
#6306=ADVANCED_FACE('',(#797),#583,.F.);
#6307=ADVANCED_FACE('',(#798),#584,.F.);
#6308=ADVANCED_FACE('',(#799),#585,.F.);
#6309=ADVANCED_FACE('',(#800),#586,.F.);
#6310=ADVANCED_FACE('',(#801),#587,.F.);
#6311=ADVANCED_FACE('',(#802),#6044,.F.);
#6312=ADVANCED_FACE('',(#803),#588,.F.);
#6313=ADVANCED_FACE('',(#804),#589,.F.);
#6314=ADVANCED_FACE('',(#805),#590,.F.);
#6315=ADVANCED_FACE('',(#806),#591,.F.);
#6316=ADVANCED_FACE('',(#807),#592,.F.);
#6317=ADVANCED_FACE('',(#808),#593,.F.);
#6318=ADVANCED_FACE('',(#809),#594,.F.);
#6319=ADVANCED_FACE('',(#810),#595,.F.);
#6320=ADVANCED_FACE('',(#811),#596,.F.);
#6321=ADVANCED_FACE('',(#812),#597,.F.);
#6322=ADVANCED_FACE('',(#813),#6045,.F.);
#6323=ADVANCED_FACE('',(#814),#6046,.F.);
#6324=ADVANCED_FACE('',(#815),#6047,.F.);
#6325=ADVANCED_FACE('',(#816),#6048,.F.);
#6326=ADVANCED_FACE('',(#817,#133),#6049,.T.);
#6327=ADVANCED_FACE('',(#818),#598,.F.);
#6328=ADVANCED_FACE('',(#819),#599,.F.);
#6329=ADVANCED_FACE('',(#820),#600,.F.);
#6330=ADVANCED_FACE('',(#821),#6050,.F.);
#6331=ADVANCED_FACE('',(#822),#601,.F.);
#6332=ADVANCED_FACE('',(#823),#602,.F.);
#6333=ADVANCED_FACE('',(#824),#603,.F.);
#6334=ADVANCED_FACE('',(#825),#604,.F.);
#6335=ADVANCED_FACE('',(#826),#6051,.F.);
#6336=ADVANCED_FACE('',(#827),#605,.F.);
#6337=ADVANCED_FACE('',(#828),#606,.F.);
#6338=ADVANCED_FACE('',(#829),#607,.F.);
#6339=ADVANCED_FACE('',(#830),#608,.F.);
#6340=ADVANCED_FACE('',(#831),#609,.F.);
#6341=ADVANCED_FACE('',(#832),#610,.F.);
#6342=ADVANCED_FACE('',(#833),#611,.F.);
#6343=ADVANCED_FACE('',(#834),#612,.F.);
#6344=ADVANCED_FACE('',(#835),#613,.F.);
#6345=ADVANCED_FACE('',(#836),#6052,.F.);
#6346=ADVANCED_FACE('',(#837),#614,.F.);
#6347=ADVANCED_FACE('',(#838,#134),#6053,.T.);
#6348=ADVANCED_FACE('',(#839),#6054,.F.);
#6349=ADVANCED_FACE('',(#840),#615,.F.);
#6350=ADVANCED_FACE('',(#841),#616,.F.);
#6351=ADVANCED_FACE('',(#842),#6055,.F.);
#6352=ADVANCED_FACE('',(#843),#6056,.F.);
#6353=ADVANCED_FACE('',(#844),#6057,.F.);
#6354=ADVANCED_FACE('',(#845),#6058,.F.);
#6355=ADVANCED_FACE('',(#846),#6059,.F.);
#6356=ADVANCED_FACE('',(#847),#6060,.F.);
#6357=ADVANCED_FACE('',(#848),#617,.F.);
#6358=ADVANCED_FACE('',(#849),#618,.F.);
#6359=ADVANCED_FACE('',(#850),#6061,.F.);
#6360=ADVANCED_FACE('',(#851),#6062,.F.);
#6361=ADVANCED_FACE('',(#852),#6063,.F.);
#6362=ADVANCED_FACE('',(#853),#6064,.F.);
#6363=ADVANCED_FACE('',(#854),#6065,.F.);
#6364=ADVANCED_FACE('',(#855),#6066,.T.);
#6365=ADVANCED_FACE('',(#856),#6067,.F.);
#6366=ADVANCED_FACE('',(#857),#619,.F.);
#6367=ADVANCED_FACE('',(#858),#620,.F.);
#6368=ADVANCED_FACE('',(#859),#621,.F.);
#6369=ADVANCED_FACE('',(#860),#622,.F.);
#6370=ADVANCED_FACE('',(#861),#623,.F.);
#6371=ADVANCED_FACE('',(#862),#624,.F.);
#6372=ADVANCED_FACE('',(#863),#625,.F.);
#6373=ADVANCED_FACE('',(#864),#6068,.F.);
#6374=ADVANCED_FACE('',(#865),#6069,.F.);
#6375=ADVANCED_FACE('',(#866),#626,.F.);
#6376=ADVANCED_FACE('',(#867),#627,.F.);
#6377=ADVANCED_FACE('',(#868),#628,.F.);
#6378=ADVANCED_FACE('',(#869),#629,.F.);
#6379=ADVANCED_FACE('',(#870),#630,.F.);
#6380=ADVANCED_FACE('',(#871),#631,.F.);
#6381=ADVANCED_FACE('',(#872),#632,.F.);
#6382=ADVANCED_FACE('',(#873),#633,.F.);
#6383=ADVANCED_FACE('',(#874),#634,.F.);
#6384=ADVANCED_FACE('',(#875),#6070,.F.);
#6385=ADVANCED_FACE('',(#876),#6071,.F.);
#6386=ADVANCED_FACE('',(#877),#6072,.F.);
#6387=ADVANCED_FACE('',(#878,#135),#6073,.T.);
#6388=ADVANCED_FACE('',(#879),#6074,.T.);
#6389=ADVANCED_FACE('',(#880),#6075,.T.);
#6390=ADVANCED_FACE('',(#881),#6076,.T.);
#6391=ADVANCED_FACE('',(#882),#6077,.T.);
#6392=ADVANCED_FACE('',(#883),#6078,.T.);
#6393=ADVANCED_FACE('',(#884),#6079,.T.);
#6394=ADVANCED_FACE('',(#885),#6080,.T.);
#6395=ADVANCED_FACE('',(#886),#99,.F.);
#6396=ADVANCED_FACE('',(#887),#100,.F.);
#6397=ADVANCED_FACE('',(#888),#6081,.F.);
#6398=ADVANCED_FACE('',(#889),#101,.F.);
#6399=ADVANCED_FACE('',(#890),#6082,.F.);
#6400=ADVANCED_FACE('',(#891),#102,.F.);
#6401=ADVANCED_FACE('',(#892),#103,.F.);
#6402=ADVANCED_FACE('',(#893),#104,.F.);
#6403=ADVANCED_FACE('',(#894),#105,.F.);
#6404=ADVANCED_FACE('',(#895),#106,.F.);
#6405=ADVANCED_FACE('',(#896),#107,.F.);
#6406=ADVANCED_FACE('',(#897),#108,.F.);
#6407=ADVANCED_FACE('',(#898),#6083,.T.);
#6408=ADVANCED_FACE('',(#899),#6084,.T.);
#6409=ADVANCED_FACE('',(#900),#6085,.T.);
#6410=ADVANCED_FACE('',(#901,#136),#6086,.T.);
#6411=ADVANCED_FACE('',(#902,#137),#6087,.T.);
#6412=ADVANCED_FACE('',(#903),#6088,.T.);
#6413=ADVANCED_FACE('',(#904),#6089,.T.);
#6414=ADVANCED_FACE('',(#905),#6090,.T.);
#6415=ADVANCED_FACE('',(#906),#6091,.T.);
#6416=ADVANCED_FACE('',(#907),#6092,.T.);
#6417=ADVANCED_FACE('',(#908),#6093,.T.);
#6418=ADVANCED_FACE('',(#909),#6094,.F.);
#6419=ADVANCED_FACE('',(#910),#109,.F.);
#6420=ADVANCED_FACE('',(#911),#6095,.F.);
#6421=ADVANCED_FACE('',(#912),#110,.F.);
#6422=ADVANCED_FACE('',(#913),#6096,.F.);
#6423=ADVANCED_FACE('',(#914),#111,.F.);
#6424=ADVANCED_FACE('',(#915),#6097,.F.);
#6425=ADVANCED_FACE('',(#916),#112,.F.);
#6426=ADVANCED_FACE('',(#917),#6098,.F.);
#6427=ADVANCED_FACE('',(#918),#6099,.T.);
#6428=ADVANCED_FACE('',(#919),#6100,.T.);
#6429=ADVANCED_FACE('',(#920,#138),#6101,.T.);
#6430=ADVANCED_FACE('',(#921),#6102,.F.);
#6431=ADVANCED_FACE('',(#922),#6103,.T.);
#6432=ADVANCED_FACE('',(#923),#6104,.T.);
#6433=ADVANCED_FACE('',(#924,#139),#6105,.T.);
#6434=ADVANCED_FACE('',(#925),#6106,.T.);
#6435=ADVANCED_FACE('',(#926),#6107,.T.);
#6436=ADVANCED_FACE('',(#927,#140),#6108,.T.);
#6437=ADVANCED_FACE('',(#928),#6109,.T.);
#6438=ADVANCED_FACE('',(#929),#6110,.T.);
#6439=ADVANCED_FACE('',(#930,#141),#6111,.T.);
#6440=ADVANCED_FACE('',(#931),#27,.T.);
#6441=ADVANCED_FACE('',(#932),#28,.T.);
#6442=ADVANCED_FACE('',(#933),#113,.T.);
#6443=ADVANCED_FACE('',(#934),#29,.T.);
#6444=ADVANCED_FACE('',(#935),#114,.T.);
#6445=ADVANCED_FACE('',(#936),#30,.T.);
#6446=ADVANCED_FACE('',(#937),#115,.T.);
#6447=ADVANCED_FACE('',(#938),#31,.T.);
#6448=ADVANCED_FACE('',(#939),#116,.T.);
#6449=ADVANCED_FACE('',(#940),#117,.T.);
#6450=ADVANCED_FACE('',(#941),#32,.T.);
#6451=ADVANCED_FACE('',(#942),#118,.T.);
#6452=ADVANCED_FACE('',(#943),#33,.T.);
#6453=ADVANCED_FACE('',(#944),#119,.T.);
#6454=ADVANCED_FACE('',(#945),#120,.T.);
#6455=ADVANCED_FACE('',(#946),#34,.T.);
#6456=ADVANCED_FACE('',(#947),#121,.T.);
#6457=ADVANCED_FACE('',(#948),#122,.T.);
#6458=ADVANCED_FACE('',(#949),#123,.T.);
#6459=ADVANCED_FACE('',(#950),#124,.T.);
#6460=ADVANCED_FACE('',(#951,#142,#143,#144,#145,#146,#147,#148,#149,#150,
#151,#152),#6112,.T.);
#6461=ADVANCED_FACE('',(#952),#6113,.F.);
#6462=ADVANCED_FACE('',(#953,#153,#154,#155),#6114,.T.);
#6463=ADVANCED_FACE('',(#954,#156,#157,#158),#6115,.T.);
#6464=ADVANCED_FACE('',(#955,#159,#160,#161),#6116,.T.);
#6465=ADVANCED_FACE('',(#956,#162),#6117,.T.);
#6466=ADVANCED_FACE('',(#957),#6118,.F.);
#6467=ADVANCED_FACE('',(#958,#163,#164,#165),#6119,.F.);
#6468=ADVANCED_FACE('',(#959),#13,.F.);
#6469=ADVANCED_FACE('',(#960),#125,.F.);
#6470=ADVANCED_FACE('',(#961),#6120,.T.);
#6471=ADVANCED_FACE('',(#962),#6121,.T.);
#6472=ADVANCED_FACE('',(#963),#6122,.T.);
#6473=ADVANCED_FACE('',(#964),#6123,.T.);
#6474=ADVANCED_FACE('',(#965,#166),#6124,.T.);
#6475=ADVANCED_FACE('',(#966),#6125,.F.);
#6476=ADVANCED_FACE('',(#967),#14,.F.);
#6477=ADVANCED_FACE('',(#968),#126,.F.);
#6478=ADVANCED_FACE('',(#969),#6126,.T.);
#6479=ADVANCED_FACE('',(#970),#6127,.T.);
#6480=ADVANCED_FACE('',(#971),#6128,.T.);
#6481=ADVANCED_FACE('',(#972),#6129,.T.);
#6482=ADVANCED_FACE('',(#973,#167),#6130,.T.);
#6483=ADVANCED_FACE('',(#974),#6131,.F.);
#6484=ADVANCED_FACE('',(#975),#15,.F.);
#6485=ADVANCED_FACE('',(#976),#127,.F.);
#6486=ADVANCED_FACE('',(#977),#6132,.T.);
#6487=ADVANCED_FACE('',(#978),#6133,.T.);
#6488=ADVANCED_FACE('',(#979),#6134,.T.);
#6489=ADVANCED_FACE('',(#980),#6135,.T.);
#6490=ADVANCED_FACE('',(#981,#168),#6136,.T.);
#6491=ADVANCED_FACE('',(#982),#6137,.F.);
#6492=ADVANCED_FACE('',(#983),#16,.F.);
#6493=ADVANCED_FACE('',(#984),#128,.F.);
#6494=ADVANCED_FACE('',(#985),#6138,.T.);
#6495=ADVANCED_FACE('',(#986),#6139,.T.);
#6496=ADVANCED_FACE('',(#987),#6140,.T.);
#6497=ADVANCED_FACE('',(#988),#6141,.T.);
#6498=ADVANCED_FACE('',(#989,#169),#6142,.T.);
#6499=ADVANCED_FACE('',(#990),#6143,.F.);
#6500=CLOSED_SHELL('',(#6144,#6145,#6146,#6147,#6148,#6149,#6150,#6151,
#6152,#6153,#6154,#6155,#6156,#6157,#6158,#6159,#6160,#6161,#6162,#6163,
#6164,#6165,#6166,#6167,#6168,#6169,#6170,#6171,#6172,#6173,#6174,#6175,
#6176,#6177,#6178,#6179,#6180,#6181,#6182,#6183,#6184,#6185,#6186,#6187,
#6188,#6189,#6190,#6191,#6192,#6193,#6194,#6195,#6196,#6197,#6198,#6199,
#6200,#6201,#6202,#6203,#6204,#6205,#6206,#6207,#6208,#6209,#6210,#6211,
#6212,#6213,#6214,#6215,#6216,#6217,#6218,#6219,#6220,#6221,#6222,#6223,
#6224,#6225,#6226,#6227,#6228,#6229,#6230,#6231,#6232,#6233,#6234,#6235,
#6236,#6237,#6238,#6239,#6240,#6241,#6242,#6243,#6244,#6245,#6246,#6247,
#6248,#6249,#6250,#6251,#6252,#6253,#6254,#6255,#6256,#6257,#6258,#6259,
#6260,#6261,#6262,#6263,#6264,#6265,#6266,#6267,#6268,#6269,#6270,#6271,
#6272,#6273,#6274,#6275,#6276,#6277,#6278,#6279,#6280,#6281,#6282,#6283,
#6284,#6285,#6286,#6287,#6288,#6289,#6290,#6291,#6292,#6293,#6294,#6295,
#6296,#6297,#6298,#6299,#6300,#6301,#6302,#6303,#6304,#6305,#6306,#6307,
#6308,#6309,#6310,#6311,#6312,#6313,#6314,#6315,#6316,#6317,#6318,#6319,
#6320,#6321,#6322,#6323,#6324,#6325,#6326,#6327,#6328,#6329,#6330,#6331,
#6332,#6333,#6334,#6335,#6336,#6337,#6338,#6339,#6340,#6341,#6342,#6343,
#6344,#6345,#6346,#6347,#6348,#6349,#6350,#6351,#6352,#6353,#6354,#6355,
#6356,#6357,#6358,#6359,#6360,#6361,#6362,#6363,#6364,#6365,#6366,#6367,
#6368,#6369,#6370,#6371,#6372,#6373,#6374,#6375,#6376,#6377,#6378,#6379,
#6380,#6381,#6382,#6383,#6384,#6385,#6386,#6387,#6388,#6389,#6390,#6391,
#6392,#6393,#6394,#6395,#6396,#6397,#6398,#6399,#6400,#6401,#6402,#6403,
#6404,#6405,#6406,#6407,#6408,#6409,#6410,#6411,#6412,#6413,#6414,#6415,
#6416,#6417,#6418,#6419,#6420,#6421,#6422,#6423,#6424,#6425,#6426,#6427,
#6428,#6429,#6430,#6431,#6432,#6433,#6434,#6435,#6436,#6437,#6438,#6439,
#6440,#6441,#6442,#6443,#6444,#6445,#6446,#6447,#6448,#6449,#6450,#6451,
#6452,#6453,#6454,#6455,#6456,#6457,#6458,#6459,#6460,#6461,#6462,#6463,
#6464,#6465,#6466,#6467));
#6501=CLOSED_SHELL('',(#6468,#6469,#6470,#6471,#6472,#6473,#6474,#6475));
#6502=CLOSED_SHELL('',(#6476,#6477,#6478,#6479,#6480,#6481,#6482,#6483));
#6503=CLOSED_SHELL('',(#6484,#6485,#6486,#6487,#6488,#6489,#6490,#6491));
#6504=CLOSED_SHELL('',(#6492,#6493,#6494,#6495,#6496,#6497,#6498,#6499));
#6505=DERIVED_UNIT_ELEMENT(#6507,1.);
#6506=DERIVED_UNIT_ELEMENT(#12448,-3.);
#6507=(
MASS_UNIT()
NAMED_UNIT(*)
SI_UNIT(.KILO.,.GRAM.)
);
#6508=DERIVED_UNIT((#6505,#6506));
#6509=MEASURE_REPRESENTATION_ITEM('density measure',
POSITIVE_RATIO_MEASURE(7850.),#6508);
#6510=PROPERTY_DEFINITION_REPRESENTATION(#6515,#6512);
#6511=PROPERTY_DEFINITION_REPRESENTATION(#6516,#6513);
#6512=REPRESENTATION('material name',(#6514),#12445);
#6513=REPRESENTATION('density',(#6509),#12445);
#6514=DESCRIPTIVE_REPRESENTATION_ITEM('Acier','Acier');
#6515=PROPERTY_DEFINITION('material property','material name',#12455);
#6516=PROPERTY_DEFINITION('material property','density of part',#12455);
#6517=AXIS2_PLACEMENT_3D('',#7886,#6783,#6784);
#6518=AXIS2_PLACEMENT_3D('',#7887,#6785,#6786);
#6519=AXIS2_PLACEMENT_3D('',#7896,#6791,#6792);
#6520=AXIS2_PLACEMENT_3D('',#7902,#6796,#6797);
#6521=AXIS2_PLACEMENT_3D('',#7908,#6801,#6802);
#6522=AXIS2_PLACEMENT_3D('',#7914,#6806,#6807);
#6523=AXIS2_PLACEMENT_3D('',#7920,#6811,#6812);
#6524=AXIS2_PLACEMENT_3D('',#7926,#6816,#6817);
#6525=AXIS2_PLACEMENT_3D('',#7932,#6821,#6822);
#6526=AXIS2_PLACEMENT_3D('',#7938,#6826,#6827);
#6527=AXIS2_PLACEMENT_3D('',#7990,#6833,#6834);
#6528=AXIS2_PLACEMENT_3D('',#7996,#6838,#6839);
#6529=AXIS2_PLACEMENT_3D('',#8002,#6843,#6844);
#6530=AXIS2_PLACEMENT_3D('',#8008,#6848,#6849);
#6531=AXIS2_PLACEMENT_3D('',#8011,#6852,#6853);
#6532=AXIS2_PLACEMENT_3D('',#8012,#6854,#6855);
#6533=AXIS2_PLACEMENT_3D('',#8136,#6865,#6866);
#6534=AXIS2_PLACEMENT_3D('',#8142,#6870,#6871);
#6535=AXIS2_PLACEMENT_3D('',#8145,#6874,#6875);
#6536=AXIS2_PLACEMENT_3D('',#8154,#6880,#6881);
#6537=AXIS2_PLACEMENT_3D('',#8252,#6889,#6890);
#6538=AXIS2_PLACEMENT_3D('',#8258,#6894,#6895);
#6539=AXIS2_PLACEMENT_3D('',#8264,#6899,#6900);
#6540=AXIS2_PLACEMENT_3D('',#8431,#6911,#6912);
#6541=AXIS2_PLACEMENT_3D('',#8437,#6916,#6917);
#6542=AXIS2_PLACEMENT_3D('',#8443,#6921,#6922);
#6543=AXIS2_PLACEMENT_3D('',#8446,#6925,#6926);
#6544=AXIS2_PLACEMENT_3D('',#8447,#6927,#6928);
#6545=AXIS2_PLACEMENT_3D('',#8548,#6937,#6938);
#6546=AXIS2_PLACEMENT_3D('',#8623,#6945,#6946);
#6547=AXIS2_PLACEMENT_3D('',#8629,#6950,#6951);
#6548=AXIS2_PLACEMENT_3D('',#8635,#6955,#6956);
#6549=AXIS2_PLACEMENT_3D('',#8641,#6960,#6961);
#6550=AXIS2_PLACEMENT_3D('',#8644,#6964,#6965);
#6551=AXIS2_PLACEMENT_3D('',#8717,#6970,#6971);
#6552=AXIS2_PLACEMENT_3D('',#8815,#6979,#6980);
#6553=AXIS2_PLACEMENT_3D('',#9028,#6993,#6994);
#6554=AXIS2_PLACEMENT_3D('',#9054,#6998,#6999);
#6555=AXIS2_PLACEMENT_3D('',#9127,#7004,#7005);
#6556=AXIS2_PLACEMENT_3D('',#9133,#7009,#7010);
#6557=AXIS2_PLACEMENT_3D('',#9139,#7014,#7015);
#6558=AXIS2_PLACEMENT_3D('',#9145,#7019,#7020);
#6559=AXIS2_PLACEMENT_3D('',#9151,#7024,#7025);
#6560=AXIS2_PLACEMENT_3D('',#9157,#7029,#7030);
#6561=AXIS2_PLACEMENT_3D('',#9163,#7034,#7035);
#6562=AXIS2_PLACEMENT_3D('',#9169,#7039,#7040);
#6563=AXIS2_PLACEMENT_3D('',#9175,#7044,#7045);
#6564=AXIS2_PLACEMENT_3D('',#9181,#7049,#7050);
#6565=AXIS2_PLACEMENT_3D('',#9187,#7054,#7055);
#6566=AXIS2_PLACEMENT_3D('',#9285,#7063,#7064);
#6567=AXIS2_PLACEMENT_3D('',#9311,#7068,#7069);
#6568=AXIS2_PLACEMENT_3D('',#9384,#7074,#7075);
#6569=AXIS2_PLACEMENT_3D('',#9482,#7083,#7084);
#6570=AXIS2_PLACEMENT_3D('',#9695,#7097,#7098);
#6571=AXIS2_PLACEMENT_3D('',#9721,#7102,#7103);
#6572=AXIS2_PLACEMENT_3D('',#9932,#7114,#7115);
#6573=AXIS2_PLACEMENT_3D('',#9935,#7118,#7119);
#6574=AXIS2_PLACEMENT_3D('',#9990,#7126,#7127);
#6575=AXIS2_PLACEMENT_3D('',#10157,#7138,#7139);
#6576=AXIS2_PLACEMENT_3D('',#10505,#7157,#7158);
#6577=AXIS2_PLACEMENT_3D('',#10690,#7167,#7168);
#6578=AXIS2_PLACEMENT_3D('',#10929,#7183,#7184);
#6579=AXIS2_PLACEMENT_3D('',#10935,#7188,#7189);
#6580=AXIS2_PLACEMENT_3D('',#10941,#7193,#7194);
#6581=AXIS2_PLACEMENT_3D('',#10947,#7198,#7199);
#6582=AXIS2_PLACEMENT_3D('',#10950,#7202,#7203);
#6583=AXIS2_PLACEMENT_3D('',#11023,#7208,#7209);
#6584=AXIS2_PLACEMENT_3D('',#11121,#7217,#7218);
#6585=AXIS2_PLACEMENT_3D('',#11334,#7231,#7232);
#6586=AXIS2_PLACEMENT_3D('',#11360,#7236,#7237);
#6587=AXIS2_PLACEMENT_3D('',#11361,#7238,#7239);
#6588=AXIS2_PLACEMENT_3D('',#11416,#7246,#7247);
#6589=AXIS2_PLACEMENT_3D('',#11422,#7251,#7252);
#6590=AXIS2_PLACEMENT_3D('',#11428,#7256,#7257);
#6591=AXIS2_PLACEMENT_3D('',#11434,#7261,#7262);
#6592=AXIS2_PLACEMENT_3D('',#11440,#7266,#7267);
#6593=AXIS2_PLACEMENT_3D('',#11446,#7271,#7272);
#6594=AXIS2_PLACEMENT_3D('',#11498,#7278,#7279);
#6595=AXIS2_PLACEMENT_3D('',#11504,#7283,#7284);
#6596=AXIS2_PLACEMENT_3D('',#11510,#7288,#7289);
#6597=AXIS2_PLACEMENT_3D('',#11516,#7293,#7294);
#6598=AXIS2_PLACEMENT_3D('',#11522,#7298,#7299);
#6599=AXIS2_PLACEMENT_3D('',#11525,#7302,#7303);
#6600=AXIS2_PLACEMENT_3D('',#11526,#7304,#7305);
#6601=AXIS2_PLACEMENT_3D('',#11696,#7317,#7318);
#6602=AXIS2_PLACEMENT_3D('',#11702,#7322,#7323);
#6603=AXIS2_PLACEMENT_3D('',#11915,#7336,#7337);
#6604=AXIS2_PLACEMENT_3D('',#11921,#7341,#7342);
#6605=AXIS2_PLACEMENT_3D('',#11927,#7346,#7347);
#6606=AXIS2_PLACEMENT_3D('',#11930,#7350,#7351);
#6607=AXIS2_PLACEMENT_3D('',#11931,#7352,#7353);
#6608=AXIS2_PLACEMENT_3D('',#11932,#7354,#7355);
#6609=AXIS2_PLACEMENT_3D('',#11933,#7356,#7357);
#6610=AXIS2_PLACEMENT_3D('',#11934,#7358,#7359);
#6611=AXIS2_PLACEMENT_3D('',#11935,#7360,#7361);
#6612=AXIS2_PLACEMENT_3D('',#11936,#7362,#7363);
#6613=AXIS2_PLACEMENT_3D('',#11937,#7364,#7365);
#6614=AXIS2_PLACEMENT_3D('',#11938,#7366,#7367);
#6615=AXIS2_PLACEMENT_3D('',#11940,#7368,#7369);
#6616=AXIS2_PLACEMENT_3D('',#11943,#7371,#7372);
#6617=AXIS2_PLACEMENT_3D('',#11944,#7373,#7374);
#6618=AXIS2_PLACEMENT_3D('',#11946,#7375,#7376);
#6619=AXIS2_PLACEMENT_3D('',#11949,#7378,#7379);
#6620=AXIS2_PLACEMENT_3D('',#11950,#7380,#7381);
#6621=AXIS2_PLACEMENT_3D('',#11959,#7386,#7387);
#6622=AXIS2_PLACEMENT_3D('',#11961,#7388,#7389);
#6623=AXIS2_PLACEMENT_3D('',#11963,#7390,#7391);
#6624=AXIS2_PLACEMENT_3D('',#11965,#7393,#7394);
#6625=AXIS2_PLACEMENT_3D('',#11971,#7398,#7399);
#6626=AXIS2_PLACEMENT_3D('',#11972,#7400,#7401);
#6627=AXIS2_PLACEMENT_3D('',#11973,#7402,#7403);
#6628=AXIS2_PLACEMENT_3D('',#11974,#7404,#7405);
#6629=AXIS2_PLACEMENT_3D('',#11976,#7406,#7407);
#6630=AXIS2_PLACEMENT_3D('',#11980,#7409,#7410);
#6631=AXIS2_PLACEMENT_3D('',#11981,#7411,#7412);
#6632=AXIS2_PLACEMENT_3D('',#11982,#7413,#7414);
#6633=AXIS2_PLACEMENT_3D('',#11985,#7415,#7416);
#6634=AXIS2_PLACEMENT_3D('',#11986,#7417,#7418);
#6635=AXIS2_PLACEMENT_3D('',#11989,#7420,#7421);
#6636=AXIS2_PLACEMENT_3D('',#11990,#7422,#7423);
#6637=AXIS2_PLACEMENT_3D('',#11992,#7424,#7425);
#6638=AXIS2_PLACEMENT_3D('',#11995,#7427,#7428);
#6639=AXIS2_PLACEMENT_3D('',#11996,#7429,#7430);
#6640=AXIS2_PLACEMENT_3D('',#11998,#7431,#7432);
#6641=AXIS2_PLACEMENT_3D('',#12001,#7434,#7435);
#6642=AXIS2_PLACEMENT_3D('',#12002,#7436,#7437);
#6643=AXIS2_PLACEMENT_3D('',#12004,#7438,#7439);
#6644=AXIS2_PLACEMENT_3D('',#12008,#7441,#7442);
#6645=AXIS2_PLACEMENT_3D('',#12012,#7445,#7446);
#6646=AXIS2_PLACEMENT_3D('',#12013,#7447,#7448);
#6647=AXIS2_PLACEMENT_3D('',#12018,#7450,#7451);
#6648=AXIS2_PLACEMENT_3D('',#12021,#7453,#7454);
#6649=AXIS2_PLACEMENT_3D('',#12022,#7455,#7456);
#6650=AXIS2_PLACEMENT_3D('',#12024,#7458,#7459);
#6651=AXIS2_PLACEMENT_3D('',#12067,#7482,#7483);
#6652=AXIS2_PLACEMENT_3D('',#12073,#7487,#7488);
#6653=AXIS2_PLACEMENT_3D('',#12079,#7492,#7493);
#6654=AXIS2_PLACEMENT_3D('',#12084,#7497,#7498);
#6655=AXIS2_PLACEMENT_3D('',#12089,#7502,#7503);
#6656=AXIS2_PLACEMENT_3D('',#12093,#7506,#7507);
#6657=AXIS2_PLACEMENT_3D('',#12095,#7509,#7510);
#6658=AXIS2_PLACEMENT_3D('',#12097,#7512,#7513);
#6659=AXIS2_PLACEMENT_3D('',#12099,#7515,#7516);
#6660=AXIS2_PLACEMENT_3D('',#12103,#7519,#7520);
#6661=AXIS2_PLACEMENT_3D('',#12105,#7522,#7523);
#6662=AXIS2_PLACEMENT_3D('',#12119,#7531,#7532);
#6663=AXIS2_PLACEMENT_3D('',#12121,#7533,#7534);
#6664=AXIS2_PLACEMENT_3D('',#12124,#7536,#7537);
#6665=AXIS2_PLACEMENT_3D('',#12125,#7538,#7539);
#6666=AXIS2_PLACEMENT_3D('',#12126,#7540,#7541);
#6667=AXIS2_PLACEMENT_3D('',#12128,#7542,#7543);
#6668=AXIS2_PLACEMENT_3D('',#12131,#7545,#7546);
#6669=AXIS2_PLACEMENT_3D('',#12132,#7547,#7548);
#6670=AXIS2_PLACEMENT_3D('',#12133,#7549,#7550);
#6671=AXIS2_PLACEMENT_3D('',#12135,#7551,#7552);
#6672=AXIS2_PLACEMENT_3D('',#12138,#7554,#7555);
#6673=AXIS2_PLACEMENT_3D('',#12139,#7556,#7557);
#6674=AXIS2_PLACEMENT_3D('',#12140,#7558,#7559);
#6675=AXIS2_PLACEMENT_3D('',#12142,#7560,#7561);
#6676=AXIS2_PLACEMENT_3D('',#12145,#7563,#7564);
#6677=AXIS2_PLACEMENT_3D('',#12146,#7565,#7566);
#6678=AXIS2_PLACEMENT_3D('',#12147,#7567,#7568);
#6679=AXIS2_PLACEMENT_3D('',#12153,#7572,#7573);
#6680=AXIS2_PLACEMENT_3D('',#12157,#7576,#7577);
#6681=AXIS2_PLACEMENT_3D('',#12161,#7580,#7581);
#6682=AXIS2_PLACEMENT_3D('',#12171,#7587,#7588);
#6683=AXIS2_PLACEMENT_3D('',#12177,#7592,#7593);
#6684=AXIS2_PLACEMENT_3D('',#12179,#7595,#7596);
#6685=AXIS2_PLACEMENT_3D('',#12181,#7598,#7599);
#6686=AXIS2_PLACEMENT_3D('',#12187,#7603,#7604);
#6687=AXIS2_PLACEMENT_3D('',#12189,#7606,#7607);
#6688=AXIS2_PLACEMENT_3D('',#12191,#7609,#7610);
#6689=AXIS2_PLACEMENT_3D('',#12195,#7613,#7614);
#6690=AXIS2_PLACEMENT_3D('',#12199,#7617,#7618);
#6691=AXIS2_PLACEMENT_3D('',#12201,#7620,#7621);
#6692=AXIS2_PLACEMENT_3D('',#12204,#7622,#7623);
#6693=AXIS2_PLACEMENT_3D('',#12206,#7624,#7625);
#6694=AXIS2_PLACEMENT_3D('',#12207,#7626,#7627);
#6695=AXIS2_PLACEMENT_3D('',#12208,#7628,#7629);
#6696=AXIS2_PLACEMENT_3D('',#12211,#7630,#7631);
#6697=AXIS2_PLACEMENT_3D('',#12213,#7632,#7633);
#6698=AXIS2_PLACEMENT_3D('',#12214,#7634,#7635);
#6699=AXIS2_PLACEMENT_3D('',#12215,#7636,#7637);
#6700=AXIS2_PLACEMENT_3D('',#12218,#7640,#7641);
#6701=AXIS2_PLACEMENT_3D('',#12221,#7642,#7643);
#6702=AXIS2_PLACEMENT_3D('',#12223,#7644,#7645);
#6703=AXIS2_PLACEMENT_3D('',#12224,#7646,#7647);
#6704=AXIS2_PLACEMENT_3D('',#12225,#7648,#7649);
#6705=AXIS2_PLACEMENT_3D('',#12228,#7652,#7653);
#6706=AXIS2_PLACEMENT_3D('',#12231,#7654,#7655);
#6707=AXIS2_PLACEMENT_3D('',#12233,#7656,#7657);
#6708=AXIS2_PLACEMENT_3D('',#12234,#7658,#7659);
#6709=AXIS2_PLACEMENT_3D('',#12235,#7660,#7661);
#6710=AXIS2_PLACEMENT_3D('',#12238,#7664,#7665);
#6711=AXIS2_PLACEMENT_3D('',#12241,#7666,#7667);
#6712=AXIS2_PLACEMENT_3D('',#12243,#7668,#7669);
#6713=AXIS2_PLACEMENT_3D('',#12244,#7670,#7671);
#6714=AXIS2_PLACEMENT_3D('',#12245,#7672,#7673);
#6715=AXIS2_PLACEMENT_3D('',#12248,#7676,#7677);
#6716=AXIS2_PLACEMENT_3D('',#12251,#7680,#7681);
#6717=AXIS2_PLACEMENT_3D('',#12254,#7682,#7683);
#6718=AXIS2_PLACEMENT_3D('',#12256,#7684,#7685);
#6719=AXIS2_PLACEMENT_3D('',#12257,#7686,#7687);
#6720=AXIS2_PLACEMENT_3D('',#12258,#7688,#7689);
#6721=AXIS2_PLACEMENT_3D('',#12261,#7692,#7693);
#6722=AXIS2_PLACEMENT_3D('',#12264,#7694,#7695);
#6723=AXIS2_PLACEMENT_3D('',#12266,#7696,#7697);
#6724=AXIS2_PLACEMENT_3D('',#12267,#7698,#7699);
#6725=AXIS2_PLACEMENT_3D('',#12268,#7700,#7701);
#6726=AXIS2_PLACEMENT_3D('',#12271,#7704,#7705);
#6727=AXIS2_PLACEMENT_3D('',#12274,#7708,#7709);
#6728=AXIS2_PLACEMENT_3D('',#12277,#7710,#7711);
#6729=AXIS2_PLACEMENT_3D('',#12279,#7712,#7713);
#6730=AXIS2_PLACEMENT_3D('',#12280,#7714,#7715);
#6731=AXIS2_PLACEMENT_3D('',#12281,#7716,#7717);
#6732=AXIS2_PLACEMENT_3D('',#12284,#7720,#7721);
#6733=AXIS2_PLACEMENT_3D('',#12287,#7724,#7725);
#6734=AXIS2_PLACEMENT_3D('',#12290,#7728,#7729);
#6735=AXIS2_PLACEMENT_3D('',#12293,#7732,#7733);
#6736=AXIS2_PLACEMENT_3D('',#12294,#7734,#7735);
#6737=AXIS2_PLACEMENT_3D('',#12295,#7736,#7737);
#6738=AXIS2_PLACEMENT_3D('',#12296,#7738,#7739);
#6739=AXIS2_PLACEMENT_3D('',#12297,#7740,#7741);
#6740=AXIS2_PLACEMENT_3D('',#12298,#7742,#7743);
#6741=AXIS2_PLACEMENT_3D('',#12301,#7746,#7747);
#6742=AXIS2_PLACEMENT_3D('',#12302,#7748,#7749);
#6743=AXIS2_PLACEMENT_3D('',#12303,#7750,#7751);
#6744=AXIS2_PLACEMENT_3D('',#12305,#7752,#7753);
#6745=AXIS2_PLACEMENT_3D('',#12308,#7755,#7756);
#6746=AXIS2_PLACEMENT_3D('',#12310,#7757,#7758);
#6747=AXIS2_PLACEMENT_3D('',#12312,#7760,#7761);
#6748=AXIS2_PLACEMENT_3D('',#12321,#7766,#7767);
#6749=AXIS2_PLACEMENT_3D('',#12327,#7771,#7772);
#6750=AXIS2_PLACEMENT_3D('',#12333,#7776,#7777);
#6751=AXIS2_PLACEMENT_3D('',#12336,#7780,#7781);
#6752=AXIS2_PLACEMENT_3D('',#12337,#7782,#7783);
#6753=AXIS2_PLACEMENT_3D('',#12338,#7784,#7785);
#6754=AXIS2_PLACEMENT_3D('',#12340,#7786,#7787);
#6755=AXIS2_PLACEMENT_3D('',#12343,#7789,#7790);
#6756=AXIS2_PLACEMENT_3D('',#12345,#7791,#7792);
#6757=AXIS2_PLACEMENT_3D('',#12347,#7794,#7795);
#6758=AXIS2_PLACEMENT_3D('',#12356,#7800,#7801);
#6759=AXIS2_PLACEMENT_3D('',#12362,#7805,#7806);
#6760=AXIS2_PLACEMENT_3D('',#12368,#7810,#7811);
#6761=AXIS2_PLACEMENT_3D('',#12371,#7814,#7815);
#6762=AXIS2_PLACEMENT_3D('',#12372,#7816,#7817);
#6763=AXIS2_PLACEMENT_3D('',#12373,#7818,#7819);
#6764=AXIS2_PLACEMENT_3D('',#12375,#7820,#7821);
#6765=AXIS2_PLACEMENT_3D('',#12378,#7823,#7824);
#6766=AXIS2_PLACEMENT_3D('',#12380,#7825,#7826);
#6767=AXIS2_PLACEMENT_3D('',#12382,#7828,#7829);
#6768=AXIS2_PLACEMENT_3D('',#12391,#7834,#7835);
#6769=AXIS2_PLACEMENT_3D('',#12397,#7839,#7840);
#6770=AXIS2_PLACEMENT_3D('',#12403,#7844,#7845);
#6771=AXIS2_PLACEMENT_3D('',#12406,#7848,#7849);
#6772=AXIS2_PLACEMENT_3D('',#12407,#7850,#7851);
#6773=AXIS2_PLACEMENT_3D('',#12408,#7852,#7853);
#6774=AXIS2_PLACEMENT_3D('',#12410,#7854,#7855);
#6775=AXIS2_PLACEMENT_3D('',#12413,#7857,#7858);
#6776=AXIS2_PLACEMENT_3D('',#12415,#7859,#7860);
#6777=AXIS2_PLACEMENT_3D('',#12417,#7862,#7863);
#6778=AXIS2_PLACEMENT_3D('',#12426,#7868,#7869);
#6779=AXIS2_PLACEMENT_3D('',#12432,#7873,#7874);
#6780=AXIS2_PLACEMENT_3D('',#12438,#7878,#7879);
#6781=AXIS2_PLACEMENT_3D('',#12441,#7882,#7883);
#6782=AXIS2_PLACEMENT_3D('',#12442,#7884,#7885);
#6783=DIRECTION('axis',(0.,0.,1.));
#6784=DIRECTION('refdir',(1.,0.,0.));
#6785=DIRECTION('center_axis',(1.,0.,0.));
#6786=DIRECTION('ref_axis',(0.,0.,-1.));
#6787=DIRECTION('',(0.,0.,-1.));
#6788=DIRECTION('',(0.,1.,0.));
#6789=DIRECTION('',(0.,0.,-1.));
#6790=DIRECTION('',(0.,1.,0.));
#6791=DIRECTION('center_axis',(-0.94684668571848,0.,-0.321685177998506));
#6792=DIRECTION('ref_axis',(-0.321685177998506,0.,0.94684668571848));
#6793=DIRECTION('',(-0.321685177998506,0.,0.94684668571848));
#6794=DIRECTION('',(0.,1.,0.));
#6795=DIRECTION('',(-0.321685177998506,0.,0.94684668571848));
#6796=DIRECTION('center_axis',(0.,0.,-1.));
#6797=DIRECTION('ref_axis',(-1.,0.,0.));
#6798=DIRECTION('',(-1.,0.,0.));
#6799=DIRECTION('',(0.,1.,0.));
#6800=DIRECTION('',(-1.,0.,0.));
#6801=DIRECTION('center_axis',(0.944683594340865,0.,-0.32798308886774));
#6802=DIRECTION('ref_axis',(-0.32798308886774,0.,-0.944683594340865));
#6803=DIRECTION('',(-0.32798308886774,0.,-0.944683594340865));
#6804=DIRECTION('',(0.,1.,0.));
#6805=DIRECTION('',(-0.32798308886774,0.,-0.944683594340865));
#6806=DIRECTION('center_axis',(-1.,0.,0.));
#6807=DIRECTION('ref_axis',(0.,0.,1.));
#6808=DIRECTION('',(0.,0.,1.));
#6809=DIRECTION('',(0.,1.,0.));
#6810=DIRECTION('',(0.,0.,1.));
#6811=DIRECTION('center_axis',(0.,0.,-1.));
#6812=DIRECTION('ref_axis',(-1.,0.,0.));
#6813=DIRECTION('',(-1.,0.,0.));
#6814=DIRECTION('',(0.,1.,0.));
#6815=DIRECTION('',(-1.,0.,0.));
#6816=DIRECTION('center_axis',(1.,0.,0.));
#6817=DIRECTION('ref_axis',(0.,0.,-1.));
#6818=DIRECTION('',(0.,0.,-1.));
#6819=DIRECTION('',(0.,1.,0.));
#6820=DIRECTION('',(0.,0.,-1.));
#6821=DIRECTION('center_axis',(0.,0.,1.));
#6822=DIRECTION('ref_axis',(1.,0.,0.));
#6823=DIRECTION('',(1.,0.,0.));
#6824=DIRECTION('',(0.,1.,0.));
#6825=DIRECTION('',(1.,0.,0.));
#6826=DIRECTION('center_axis',(-0.945579636099205,0.,0.325390767838449));
#6827=DIRECTION('ref_axis',(0.325390767838449,0.,0.945579636099205));
#6828=DIRECTION('',(0.325390767838449,0.,0.945579636099205));
#6829=DIRECTION('',(0.,1.,0.));
#6830=DIRECTION('',(0.325390767838449,0.,0.945579636099205));
#6831=DIRECTION('',(0.,1.,0.));
#6832=DIRECTION('',(0.,1.,0.));
#6833=DIRECTION('center_axis',(0.948408826181461,0.,0.317049993567423));
#6834=DIRECTION('ref_axis',(0.317049993567423,0.,-0.948408826181461));
#6835=DIRECTION('',(0.317049993567423,0.,-0.948408826181461));
#6836=DIRECTION('',(0.,1.,0.));
#6837=DIRECTION('',(0.317049993567423,0.,-0.948408826181461));
#6838=DIRECTION('center_axis',(0.,0.,1.));
#6839=DIRECTION('ref_axis',(1.,0.,0.));
#6840=DIRECTION('',(1.,0.,0.));
#6841=DIRECTION('',(0.,1.,0.));
#6842=DIRECTION('',(1.,0.,0.));
#6843=DIRECTION('center_axis',(-1.,0.,0.));
#6844=DIRECTION('ref_axis',(0.,0.,1.));
#6845=DIRECTION('',(0.,0.,1.));
#6846=DIRECTION('',(0.,1.,0.));
#6847=DIRECTION('',(0.,0.,1.));
#6848=DIRECTION('center_axis',(0.,0.,-1.));
#6849=DIRECTION('ref_axis',(-1.,0.,0.));
#6850=DIRECTION('',(-1.,0.,0.));
#6851=DIRECTION('',(-1.,0.,0.));
#6852=DIRECTION('center_axis',(0.,-1.,0.));
#6853=DIRECTION('ref_axis',(1.,0.,0.));
#6854=DIRECTION('center_axis',(0.,0.,-1.));
#6855=DIRECTION('ref_axis',(-1.,0.,0.));
#6856=DIRECTION('',(-1.,0.,0.));
#6857=DIRECTION('',(0.,1.,0.));
#6858=DIRECTION('',(-1.,0.,0.));
#6859=DIRECTION('',(0.,1.,0.));
#6860=DIRECTION('',(0.,1.,0.));
#6861=DIRECTION('',(0.,1.,0.));
#6862=DIRECTION('',(0.,1.,0.));
#6863=DIRECTION('',(0.,1.,0.));
#6864=DIRECTION('',(0.,1.,0.));
#6865=DIRECTION('center_axis',(0.,0.,1.));
#6866=DIRECTION('ref_axis',(1.,0.,0.));
#6867=DIRECTION('',(1.,0.,0.));
#6868=DIRECTION('',(0.,1.,0.));
#6869=DIRECTION('',(1.,0.,0.));
#6870=DIRECTION('center_axis',(1.,0.,0.));
#6871=DIRECTION('ref_axis',(0.,0.,-1.));
#6872=DIRECTION('',(0.,0.,-1.));
#6873=DIRECTION('',(0.,0.,-1.));
#6874=DIRECTION('center_axis',(1.,0.,0.));
#6875=DIRECTION('ref_axis',(0.,0.,-1.));
#6876=DIRECTION('',(0.,0.,-1.));
#6877=DIRECTION('',(0.,1.,0.));
#6878=DIRECTION('',(0.,0.,-1.));
#6879=DIRECTION('',(0.,1.,0.));
#6880=DIRECTION('center_axis',(0.,0.,-1.));
#6881=DIRECTION('ref_axis',(-1.,0.,0.));
#6882=DIRECTION('',(-1.,0.,0.));
#6883=DIRECTION('',(0.,1.,0.));
#6884=DIRECTION('',(-1.,0.,0.));
#6885=DIRECTION('',(0.,1.,0.));
#6886=DIRECTION('',(0.,1.,0.));
#6887=DIRECTION('',(0.,1.,0.));
#6888=DIRECTION('',(0.,1.,0.));
#6889=DIRECTION('center_axis',(-0.843775639113578,0.,-0.536696069333914));
#6890=DIRECTION('ref_axis',(-0.536696069333914,0.,0.843775639113578));
#6891=DIRECTION('',(-0.536696069333914,0.,0.843775639113578));
#6892=DIRECTION('',(0.,1.,0.));
#6893=DIRECTION('',(-0.536696069333914,0.,0.843775639113578));
#6894=DIRECTION('center_axis',(0.,0.,-1.));
#6895=DIRECTION('ref_axis',(-1.,0.,0.));
#6896=DIRECTION('',(-1.,0.,0.));
#6897=DIRECTION('',(0.,1.,0.));
#6898=DIRECTION('',(-1.,0.,0.));
#6899=DIRECTION('center_axis',(0.842616714861493,0.,0.53851376197459));
#6900=DIRECTION('ref_axis',(0.53851376197459,0.,-0.842616714861493));
#6901=DIRECTION('',(0.53851376197459,0.,-0.842616714861493));
#6902=DIRECTION('',(0.,1.,0.));
#6903=DIRECTION('',(0.53851376197459,0.,-0.842616714861493));
#6904=DIRECTION('',(0.,1.,0.));
#6905=DIRECTION('',(0.,1.,0.));
#6906=DIRECTION('',(0.,1.,0.));
#6907=DIRECTION('',(0.,1.,0.));
#6908=DIRECTION('',(0.,1.,0.));
#6909=DIRECTION('',(0.,1.,0.));
#6910=DIRECTION('',(0.,1.,0.));
#6911=DIRECTION('center_axis',(0.,0.,1.));
#6912=DIRECTION('ref_axis',(1.,0.,0.));
#6913=DIRECTION('',(1.,0.,0.));
#6914=DIRECTION('',(0.,1.,0.));
#6915=DIRECTION('',(1.,0.,0.));
#6916=DIRECTION('center_axis',(-1.,0.,0.));
#6917=DIRECTION('ref_axis',(0.,0.,1.));
#6918=DIRECTION('',(0.,0.,1.));
#6919=DIRECTION('',(0.,1.,0.));
#6920=DIRECTION('',(0.,0.,1.));
#6921=DIRECTION('center_axis',(0.,0.,-1.));
#6922=DIRECTION('ref_axis',(-1.,0.,0.));
#6923=DIRECTION('',(-1.,0.,0.));
#6924=DIRECTION('',(-1.,0.,0.));
#6925=DIRECTION('center_axis',(0.,-1.,0.));
#6926=DIRECTION('ref_axis',(1.,0.,0.));
#6927=DIRECTION('center_axis',(1.,0.,0.));
#6928=DIRECTION('ref_axis',(0.,0.,-1.));
#6929=DIRECTION('',(0.,0.,-1.));
#6930=DIRECTION('',(0.,1.,0.));
#6931=DIRECTION('',(0.,0.,-1.));
#6932=DIRECTION('',(0.,1.,0.));
#6933=DIRECTION('',(0.,1.,0.));
#6934=DIRECTION('',(0.,1.,0.));
#6935=DIRECTION('',(0.,1.,0.));
#6936=DIRECTION('',(0.,1.,0.));
#6937=DIRECTION('center_axis',(0.937477741799417,0.,-0.348045232161951));
#6938=DIRECTION('ref_axis',(-0.348045232161951,0.,-0.937477741799417));
#6939=DIRECTION('',(-0.348045232161951,0.,-0.937477741799417));
#6940=DIRECTION('',(0.,1.,0.));
#6941=DIRECTION('',(-0.348045232161951,0.,-0.937477741799417));
#6942=DIRECTION('',(0.,1.,0.));
#6943=DIRECTION('',(0.,1.,0.));
#6944=DIRECTION('',(0.,1.,0.));
#6945=DIRECTION('center_axis',(1.,0.,0.));
#6946=DIRECTION('ref_axis',(0.,0.,-1.));
#6947=DIRECTION('',(0.,0.,-1.));
#6948=DIRECTION('',(0.,1.,0.));
#6949=DIRECTION('',(0.,0.,-1.));
#6950=DIRECTION('center_axis',(0.,0.,1.));
#6951=DIRECTION('ref_axis',(1.,0.,0.));
#6952=DIRECTION('',(1.,0.,0.));
#6953=DIRECTION('',(0.,1.,0.));
#6954=DIRECTION('',(1.,0.,0.));
#6955=DIRECTION('center_axis',(-1.,0.,0.));
#6956=DIRECTION('ref_axis',(0.,0.,1.));
#6957=DIRECTION('',(0.,0.,1.));
#6958=DIRECTION('',(0.,1.,0.));
#6959=DIRECTION('',(0.,0.,1.));
#6960=DIRECTION('center_axis',(0.,0.,-1.));
#6961=DIRECTION('ref_axis',(-1.,0.,0.));
#6962=DIRECTION('',(-1.,0.,0.));
#6963=DIRECTION('',(-1.,0.,0.));
#6964=DIRECTION('center_axis',(0.,-1.,0.));
#6965=DIRECTION('ref_axis',(1.,0.,0.));
#6966=DIRECTION('',(0.,1.,0.));
#6967=DIRECTION('',(0.,1.,0.));
#6968=DIRECTION('',(0.,1.,0.));
#6969=DIRECTION('',(0.,1.,0.));
#6970=DIRECTION('center_axis',(0.,0.,1.));
#6971=DIRECTION('ref_axis',(1.,0.,0.));
#6972=DIRECTION('',(1.,0.,0.));
#6973=DIRECTION('',(0.,1.,0.));
#6974=DIRECTION('',(1.,0.,0.));
#6975=DIRECTION('',(0.,1.,0.));
#6976=DIRECTION('',(0.,1.,0.));
#6977=DIRECTION('',(0.,1.,0.));
#6978=DIRECTION('',(0.,1.,0.));
#6979=DIRECTION('center_axis',(0.,0.,-1.));
#6980=DIRECTION('ref_axis',(-1.,0.,0.));
#6981=DIRECTION('',(-1.,0.,0.));
#6982=DIRECTION('',(0.,1.,0.));
#6983=DIRECTION('',(-1.,0.,0.));
#6984=DIRECTION('',(0.,1.,0.));
#6985=DIRECTION('',(0.,1.,0.));
#6986=DIRECTION('',(0.,1.,0.));
#6987=DIRECTION('',(0.,1.,0.));
#6988=DIRECTION('',(0.,1.,0.));
#6989=DIRECTION('',(0.,1.,0.));
#6990=DIRECTION('',(0.,1.,0.));
#6991=DIRECTION('',(0.,1.,0.));
#6992=DIRECTION('',(0.,1.,0.));
#6993=DIRECTION('center_axis',(0.122720554955107,0.,0.992441265461846));
#6994=DIRECTION('ref_axis',(0.992441265461846,0.,-0.122720554955107));
#6995=DIRECTION('',(0.992441265461846,0.,-0.122720554955107));
#6996=DIRECTION('',(0.,1.,0.));
#6997=DIRECTION('',(0.992441265461846,0.,-0.122720554955107));
#6998=DIRECTION('center_axis',(0.,-1.,0.));
#6999=DIRECTION('ref_axis',(1.,0.,0.));
#7000=DIRECTION('',(0.,1.,0.));
#7001=DIRECTION('',(0.,1.,0.));
#7002=DIRECTION('',(0.,1.,0.));
#7003=DIRECTION('',(0.,1.,0.));
#7004=DIRECTION('center_axis',(1.,0.,0.));
#7005=DIRECTION('ref_axis',(0.,0.,-1.));
#7006=DIRECTION('',(0.,0.,-1.));
#7007=DIRECTION('',(0.,1.,0.));
#7008=DIRECTION('',(0.,0.,-1.));
#7009=DIRECTION('center_axis',(0.,0.,-1.));
#7010=DIRECTION('ref_axis',(-1.,0.,0.));
#7011=DIRECTION('',(-1.,0.,0.));
#7012=DIRECTION('',(0.,1.,0.));
#7013=DIRECTION('',(-1.,0.,0.));
#7014=DIRECTION('center_axis',(1.,0.,0.));
#7015=DIRECTION('ref_axis',(0.,0.,-1.));
#7016=DIRECTION('',(0.,0.,-1.));
#7017=DIRECTION('',(0.,1.,0.));
#7018=DIRECTION('',(0.,0.,-1.));
#7019=DIRECTION('center_axis',(0.,0.,1.));
#7020=DIRECTION('ref_axis',(1.,0.,0.));
#7021=DIRECTION('',(1.,0.,0.));
#7022=DIRECTION('',(0.,1.,0.));
#7023=DIRECTION('',(1.,0.,0.));
#7024=DIRECTION('center_axis',(1.,0.,0.));
#7025=DIRECTION('ref_axis',(0.,0.,-1.));
#7026=DIRECTION('',(0.,0.,-1.));
#7027=DIRECTION('',(0.,1.,0.));
#7028=DIRECTION('',(0.,0.,-1.));
#7029=DIRECTION('center_axis',(-0.51660527168773,0.,0.856223681793751));
#7030=DIRECTION('ref_axis',(0.856223681793751,0.,0.51660527168773));
#7031=DIRECTION('',(0.856223681793751,0.,0.51660527168773));
#7032=DIRECTION('',(0.,1.,0.));
#7033=DIRECTION('',(0.856223681793751,0.,0.51660527168773));
#7034=DIRECTION('center_axis',(-1.,0.,0.));
#7035=DIRECTION('ref_axis',(0.,0.,1.));
#7036=DIRECTION('',(0.,0.,1.));
#7037=DIRECTION('',(0.,1.,0.));
#7038=DIRECTION('',(0.,0.,1.));
#7039=DIRECTION('center_axis',(0.,0.,1.));
#7040=DIRECTION('ref_axis',(1.,0.,0.));
#7041=DIRECTION('',(1.,0.,0.));
#7042=DIRECTION('',(0.,1.,0.));
#7043=DIRECTION('',(1.,0.,0.));
#7044=DIRECTION('center_axis',(-1.,0.,0.));
#7045=DIRECTION('ref_axis',(0.,0.,1.));
#7046=DIRECTION('',(0.,0.,1.));
#7047=DIRECTION('',(0.,1.,0.));
#7048=DIRECTION('',(0.,0.,1.));
#7049=DIRECTION('center_axis',(0.,0.,-1.));
#7050=DIRECTION('ref_axis',(-1.,0.,0.));
#7051=DIRECTION('',(-1.,0.,0.));
#7052=DIRECTION('',(0.,1.,0.));
#7053=DIRECTION('',(-1.,0.,0.));
#7054=DIRECTION('center_axis',(-1.,0.,0.));
#7055=DIRECTION('ref_axis',(0.,0.,1.));
#7056=DIRECTION('',(0.,0.,1.));
#7057=DIRECTION('',(0.,1.,0.));
#7058=DIRECTION('',(0.,0.,1.));
#7059=DIRECTION('',(0.,1.,0.));
#7060=DIRECTION('',(0.,1.,0.));
#7061=DIRECTION('',(0.,1.,0.));
#7062=DIRECTION('',(0.,1.,0.));
#7063=DIRECTION('center_axis',(0.986892523888809,0.,0.161378890479446));
#7064=DIRECTION('ref_axis',(0.161378890479446,0.,-0.986892523888809));
#7065=DIRECTION('',(0.161378890479446,0.,-0.986892523888809));
#7066=DIRECTION('',(0.,1.,0.));
#7067=DIRECTION('',(0.161378890479446,0.,-0.986892523888809));
#7068=DIRECTION('center_axis',(0.,-1.,0.));
#7069=DIRECTION('ref_axis',(1.,0.,0.));
#7070=DIRECTION('',(0.,1.,0.));
#7071=DIRECTION('',(0.,1.,0.));
#7072=DIRECTION('',(0.,1.,0.));
#7073=DIRECTION('',(0.,1.,0.));
#7074=DIRECTION('center_axis',(0.,0.,1.));
#7075=DIRECTION('ref_axis',(1.,0.,0.));
#7076=DIRECTION('',(1.,0.,0.));
#7077=DIRECTION('',(0.,1.,0.));
#7078=DIRECTION('',(1.,0.,0.));
#7079=DIRECTION('',(0.,1.,0.));
#7080=DIRECTION('',(0.,1.,0.));
#7081=DIRECTION('',(0.,1.,0.));
#7082=DIRECTION('',(0.,1.,0.));
#7083=DIRECTION('center_axis',(0.,0.,-1.));
#7084=DIRECTION('ref_axis',(-1.,0.,0.));
#7085=DIRECTION('',(-1.,0.,0.));
#7086=DIRECTION('',(0.,1.,0.));
#7087=DIRECTION('',(-1.,0.,0.));
#7088=DIRECTION('',(0.,1.,0.));
#7089=DIRECTION('',(0.,1.,0.));
#7090=DIRECTION('',(0.,1.,0.));
#7091=DIRECTION('',(0.,1.,0.));
#7092=DIRECTION('',(0.,1.,0.));
#7093=DIRECTION('',(0.,1.,0.));
#7094=DIRECTION('',(0.,1.,0.));
#7095=DIRECTION('',(0.,1.,0.));
#7096=DIRECTION('',(0.,1.,0.));
#7097=DIRECTION('center_axis',(0.122720554955108,0.,0.992441265461846));
#7098=DIRECTION('ref_axis',(0.992441265461846,0.,-0.122720554955108));
#7099=DIRECTION('',(0.992441265461846,0.,-0.122720554955108));
#7100=DIRECTION('',(0.,1.,0.));
#7101=DIRECTION('',(0.992441265461846,0.,-0.122720554955108));
#7102=DIRECTION('center_axis',(0.,-1.,0.));
#7103=DIRECTION('ref_axis',(1.,0.,0.));
#7104=DIRECTION('',(0.,1.,0.));
#7105=DIRECTION('',(0.,1.,0.));
#7106=DIRECTION('',(0.,1.,0.));
#7107=DIRECTION('',(0.,1.,0.));
#7108=DIRECTION('',(0.,1.,0.));
#7109=DIRECTION('',(0.,1.,0.));
#7110=DIRECTION('',(0.,1.,0.));
#7111=DIRECTION('',(0.,1.,0.));
#7112=DIRECTION('',(0.,1.,0.));
#7113=DIRECTION('',(0.,1.,0.));
#7114=DIRECTION('center_axis',(-1.,0.,0.));
#7115=DIRECTION('ref_axis',(0.,0.,1.));
#7116=DIRECTION('',(0.,0.,1.));
#7117=DIRECTION('',(0.,0.,1.));
#7118=DIRECTION('center_axis',(0.,0.,-1.));
#7119=DIRECTION('ref_axis',(-1.,0.,0.));
#7120=DIRECTION('',(-1.,0.,0.));
#7121=DIRECTION('',(0.,1.,0.));
#7122=DIRECTION('',(-1.,0.,0.));
#7123=DIRECTION('',(0.,1.,0.));
#7124=DIRECTION('',(0.,1.,0.));
#7125=DIRECTION('',(0.,1.,0.));
#7126=DIRECTION('center_axis',(1.,0.,0.));
#7127=DIRECTION('ref_axis',(0.,0.,-1.));
#7128=DIRECTION('',(0.,0.,-1.));
#7129=DIRECTION('',(0.,1.,0.));
#7130=DIRECTION('',(0.,0.,-1.));
#7131=DIRECTION('',(0.,1.,0.));
#7132=DIRECTION('',(0.,1.,0.));
#7133=DIRECTION('',(0.,1.,0.));
#7134=DIRECTION('',(0.,1.,0.));
#7135=DIRECTION('',(0.,1.,0.));
#7136=DIRECTION('',(0.,1.,0.));
#7137=DIRECTION('',(0.,1.,0.));
#7138=DIRECTION('center_axis',(-0.135113973057808,0.,-0.990830063272474));
#7139=DIRECTION('ref_axis',(-0.990830063272474,0.,0.135113973057808));
#7140=DIRECTION('',(-0.990830063272474,0.,0.135113973057808));
#7141=DIRECTION('',(0.,1.,0.));
#7142=DIRECTION('',(-0.990830063272474,0.,0.135113973057808));
#7143=DIRECTION('',(0.,1.,0.));
#7144=DIRECTION('',(0.,1.,0.));
#7145=DIRECTION('',(0.,1.,0.));
#7146=DIRECTION('',(0.,1.,0.));
#7147=DIRECTION('',(0.,1.,0.));
#7148=DIRECTION('',(0.,1.,0.));
#7149=DIRECTION('',(0.,1.,0.));
#7150=DIRECTION('',(0.,1.,0.));
#7151=DIRECTION('',(0.,1.,0.));
#7152=DIRECTION('',(0.,1.,0.));
#7153=DIRECTION('',(0.,1.,0.));
#7154=DIRECTION('',(0.,1.,0.));
#7155=DIRECTION('',(0.,1.,0.));
#7156=DIRECTION('',(0.,1.,0.));
#7157=DIRECTION('center_axis',(0.,-1.,0.));
#7158=DIRECTION('ref_axis',(1.,0.,0.));
#7159=DIRECTION('',(0.,1.,0.));
#7160=DIRECTION('',(0.,1.,0.));
#7161=DIRECTION('',(0.,1.,0.));
#7162=DIRECTION('',(0.,1.,0.));
#7163=DIRECTION('',(0.,1.,0.));
#7164=DIRECTION('',(0.,1.,0.));
#7165=DIRECTION('',(0.,1.,0.));
#7166=DIRECTION('',(0.,1.,0.));
#7167=DIRECTION('center_axis',(1.,0.,0.));
#7168=DIRECTION('ref_axis',(0.,0.,-1.));
#7169=DIRECTION('',(0.,0.,-1.));
#7170=DIRECTION('',(0.,1.,0.));
#7171=DIRECTION('',(0.,0.,-1.));
#7172=DIRECTION('',(0.,1.,0.));
#7173=DIRECTION('',(0.,1.,0.));
#7174=DIRECTION('',(0.,1.,0.));
#7175=DIRECTION('',(0.,1.,0.));
#7176=DIRECTION('',(0.,1.,0.));
#7177=DIRECTION('',(0.,1.,0.));
#7178=DIRECTION('',(0.,1.,0.));
#7179=DIRECTION('',(0.,1.,0.));
#7180=DIRECTION('',(0.,1.,0.));
#7181=DIRECTION('',(0.,1.,0.));
#7182=DIRECTION('',(0.,1.,0.));
#7183=DIRECTION('center_axis',(1.,0.,0.));
#7184=DIRECTION('ref_axis',(0.,0.,-1.));
#7185=DIRECTION('',(0.,0.,-1.));
#7186=DIRECTION('',(0.,1.,0.));
#7187=DIRECTION('',(0.,0.,-1.));
#7188=DIRECTION('center_axis',(0.,0.,1.));
#7189=DIRECTION('ref_axis',(1.,0.,0.));
#7190=DIRECTION('',(1.,0.,0.));
#7191=DIRECTION('',(0.,1.,0.));
#7192=DIRECTION('',(1.,0.,0.));
#7193=DIRECTION('center_axis',(-1.,0.,0.));
#7194=DIRECTION('ref_axis',(0.,0.,1.));
#7195=DIRECTION('',(0.,0.,1.));
#7196=DIRECTION('',(0.,1.,0.));
#7197=DIRECTION('',(0.,0.,1.));
#7198=DIRECTION('center_axis',(0.,0.,-1.));
#7199=DIRECTION('ref_axis',(-1.,0.,0.));
#7200=DIRECTION('',(-1.,0.,0.));
#7201=DIRECTION('',(-1.,0.,0.));
#7202=DIRECTION('center_axis',(0.,-1.,0.));
#7203=DIRECTION('ref_axis',(1.,0.,0.));
#7204=DIRECTION('',(0.,1.,0.));
#7205=DIRECTION('',(0.,1.,0.));
#7206=DIRECTION('',(0.,1.,0.));
#7207=DIRECTION('',(0.,1.,0.));
#7208=DIRECTION('center_axis',(0.,0.,1.));
#7209=DIRECTION('ref_axis',(1.,0.,0.));
#7210=DIRECTION('',(1.,0.,0.));
#7211=DIRECTION('',(0.,1.,0.));
#7212=DIRECTION('',(1.,0.,0.));
#7213=DIRECTION('',(0.,1.,0.));
#7214=DIRECTION('',(0.,1.,0.));
#7215=DIRECTION('',(0.,1.,0.));
#7216=DIRECTION('',(0.,1.,0.));
#7217=DIRECTION('center_axis',(0.,0.,-1.));
#7218=DIRECTION('ref_axis',(-1.,0.,0.));
#7219=DIRECTION('',(-1.,0.,0.));
#7220=DIRECTION('',(0.,1.,0.));
#7221=DIRECTION('',(-1.,0.,0.));
#7222=DIRECTION('',(0.,1.,0.));
#7223=DIRECTION('',(0.,1.,0.));
#7224=DIRECTION('',(0.,1.,0.));
#7225=DIRECTION('',(0.,1.,0.));
#7226=DIRECTION('',(0.,1.,0.));
#7227=DIRECTION('',(0.,1.,0.));
#7228=DIRECTION('',(0.,1.,0.));
#7229=DIRECTION('',(0.,1.,0.));
#7230=DIRECTION('',(0.,1.,0.));
#7231=DIRECTION('center_axis',(0.12271998711403,0.,0.992441335678201));
#7232=DIRECTION('ref_axis',(0.992441335678201,0.,-0.12271998711403));
#7233=DIRECTION('',(0.992441335678201,0.,-0.12271998711403));
#7234=DIRECTION('',(0.,1.,0.));
#7235=DIRECTION('',(0.992441335678201,0.,-0.12271998711403));
#7236=DIRECTION('center_axis',(0.,-1.,0.));
#7237=DIRECTION('ref_axis',(1.,0.,0.));
#7238=DIRECTION('center_axis',(0.811474434460903,0.,-0.584387921004838));
#7239=DIRECTION('ref_axis',(-0.584387921004838,0.,-0.811474434460903));
#7240=DIRECTION('',(-0.584387921004838,0.,-0.811474434460903));
#7241=DIRECTION('',(0.,1.,0.));
#7242=DIRECTION('',(-0.584387921004838,0.,-0.811474434460903));
#7243=DIRECTION('',(0.,1.,0.));
#7244=DIRECTION('',(0.,1.,0.));
#7245=DIRECTION('',(0.,1.,0.));
#7246=DIRECTION('center_axis',(-0.817097669187435,0.,-0.576499261932278));
#7247=DIRECTION('ref_axis',(-0.576499261932278,0.,0.817097669187435));
#7248=DIRECTION('',(-0.576499261932278,0.,0.817097669187435));
#7249=DIRECTION('',(0.,1.,0.));
#7250=DIRECTION('',(-0.576499261932278,0.,0.817097669187435));
#7251=DIRECTION('center_axis',(0.,0.,-1.));
#7252=DIRECTION('ref_axis',(-1.,0.,0.));
#7253=DIRECTION('',(-1.,0.,0.));
#7254=DIRECTION('',(0.,1.,0.));
#7255=DIRECTION('',(-1.,0.,0.));
#7256=DIRECTION('center_axis',(0.813024176748729,0.,0.582229927109601));
#7257=DIRECTION('ref_axis',(0.582229927109601,0.,-0.813024176748729));
#7258=DIRECTION('',(0.582229927109601,0.,-0.813024176748729));
#7259=DIRECTION('',(0.,1.,0.));
#7260=DIRECTION('',(0.582229927109601,0.,-0.813024176748729));
#7261=DIRECTION('center_axis',(0.801806503392896,0.,-0.597583744019913));
#7262=DIRECTION('ref_axis',(-0.597583744019913,0.,-0.801806503392896));
#7263=DIRECTION('',(-0.597583744019913,0.,-0.801806503392896));
#7264=DIRECTION('',(0.,1.,0.));
#7265=DIRECTION('',(-0.597583744019913,0.,-0.801806503392896));
#7266=DIRECTION('center_axis',(0.,0.,1.));
#7267=DIRECTION('ref_axis',(1.,0.,0.));
#7268=DIRECTION('',(1.,0.,0.));
#7269=DIRECTION('',(0.,1.,0.));
#7270=DIRECTION('',(1.,0.,0.));
#7271=DIRECTION('center_axis',(-0.796793095107955,0.,0.604252235070989));
#7272=DIRECTION('ref_axis',(0.604252235070989,0.,0.796793095107955));
#7273=DIRECTION('',(0.604252235070989,0.,0.796793095107955));
#7274=DIRECTION('',(0.,1.,0.));
#7275=DIRECTION('',(0.604252235070989,0.,0.796793095107955));
#7276=DIRECTION('',(0.,1.,0.));
#7277=DIRECTION('',(0.,1.,0.));
#7278=DIRECTION('center_axis',(0.816365900025425,0.,0.577535035539557));
#7279=DIRECTION('ref_axis',(0.577535035539557,0.,-0.816365900025425));
#7280=DIRECTION('',(0.577535035539557,0.,-0.816365900025425));
#7281=DIRECTION('',(0.,1.,0.));
#7282=DIRECTION('',(0.577535035539557,0.,-0.816365900025425));
#7283=DIRECTION('center_axis',(0.,0.,1.));
#7284=DIRECTION('ref_axis',(1.,0.,0.));
#7285=DIRECTION('',(1.,0.,0.));
#7286=DIRECTION('',(0.,1.,0.));
#7287=DIRECTION('',(1.,0.,0.));
#7288=DIRECTION('center_axis',(-0.814516732444749,0.,-0.580140062887859));
#7289=DIRECTION('ref_axis',(-0.580140062887859,0.,0.814516732444749));
#7290=DIRECTION('',(-0.580140062887859,0.,0.814516732444749));
#7291=DIRECTION('',(0.,1.,0.));
#7292=DIRECTION('',(-0.580140062887859,0.,0.814516732444749));
#7293=DIRECTION('center_axis',(-0.803016885340626,0.,0.595956275122462));
#7294=DIRECTION('ref_axis',(0.595956275122462,0.,0.803016885340626));
#7295=DIRECTION('',(0.595956275122462,0.,0.803016885340626));
#7296=DIRECTION('',(0.,1.,0.));
#7297=DIRECTION('',(0.595956275122462,0.,0.803016885340626));
#7298=DIRECTION('center_axis',(0.,0.,-1.));
#7299=DIRECTION('ref_axis',(-1.,0.,0.));
#7300=DIRECTION('',(-1.,0.,0.));
#7301=DIRECTION('',(-1.,0.,0.));
#7302=DIRECTION('center_axis',(0.,-1.,0.));
#7303=DIRECTION('ref_axis',(1.,0.,0.));
#7304=DIRECTION('center_axis',(0.,0.,-1.));
#7305=DIRECTION('ref_axis',(-1.,0.,0.));
#7306=DIRECTION('',(-1.,0.,0.));
#7307=DIRECTION('',(0.,1.,0.));
#7308=DIRECTION('',(-1.,0.,0.));
#7309=DIRECTION('',(0.,1.,0.));
#7310=DIRECTION('',(0.,1.,0.));
#7311=DIRECTION('',(0.,1.,0.));
#7312=DIRECTION('',(0.,1.,0.));
#7313=DIRECTION('',(0.,1.,0.));
#7314=DIRECTION('',(0.,1.,0.));
#7315=DIRECTION('',(0.,1.,0.));
#7316=DIRECTION('',(0.,1.,0.));
#7317=DIRECTION('center_axis',(0.,0.,1.));
#7318=DIRECTION('ref_axis',(1.,0.,0.));
#7319=DIRECTION('',(1.,0.,0.));
#7320=DIRECTION('',(0.,1.,0.));
#7321=DIRECTION('',(1.,0.,0.));
#7322=DIRECTION('center_axis',(1.,0.,0.));
#7323=DIRECTION('ref_axis',(0.,0.,-1.));
#7324=DIRECTION('',(0.,0.,-1.));
#7325=DIRECTION('',(0.,0.,-1.));
#7326=DIRECTION('',(0.,1.,0.));
#7327=DIRECTION('',(0.,1.,0.));
#7328=DIRECTION('',(0.,1.,0.));
#7329=DIRECTION('',(0.,1.,0.));
#7330=DIRECTION('',(0.,1.,0.));
#7331=DIRECTION('',(0.,1.,0.));
#7332=DIRECTION('',(0.,1.,0.));
#7333=DIRECTION('',(0.,1.,0.));
#7334=DIRECTION('',(0.,1.,0.));
#7335=DIRECTION('',(0.,1.,0.));
#7336=DIRECTION('center_axis',(0.,0.,1.));
#7337=DIRECTION('ref_axis',(1.,0.,0.));
#7338=DIRECTION('',(1.,0.,0.));
#7339=DIRECTION('',(0.,1.,0.));
#7340=DIRECTION('',(1.,0.,0.));
#7341=DIRECTION('center_axis',(-1.,0.,0.));
#7342=DIRECTION('ref_axis',(0.,0.,1.));
#7343=DIRECTION('',(0.,0.,1.));
#7344=DIRECTION('',(0.,1.,0.));
#7345=DIRECTION('',(0.,0.,1.));
#7346=DIRECTION('center_axis',(0.,0.,-1.));
#7347=DIRECTION('ref_axis',(-1.,0.,0.));
#7348=DIRECTION('',(-1.,0.,0.));
#7349=DIRECTION('',(-1.,0.,0.));
#7350=DIRECTION('center_axis',(0.,-1.,0.));
#7351=DIRECTION('ref_axis',(1.,0.,0.));
#7352=DIRECTION('center_axis',(0.,-1.,0.));
#7353=DIRECTION('ref_axis',(1.,0.,0.));
#7354=DIRECTION('center_axis',(0.,-1.,0.));
#7355=DIRECTION('ref_axis',(1.,0.,0.));
#7356=DIRECTION('center_axis',(0.,-1.,0.));
#7357=DIRECTION('ref_axis',(1.,0.,0.));
#7358=DIRECTION('center_axis',(0.,-1.,0.));
#7359=DIRECTION('ref_axis',(1.,0.,0.));
#7360=DIRECTION('center_axis',(0.,-1.,0.));
#7361=DIRECTION('ref_axis',(1.,0.,0.));
#7362=DIRECTION('center_axis',(0.,-1.,0.));
#7363=DIRECTION('ref_axis',(1.,0.,0.));
#7364=DIRECTION('center_axis',(0.,-1.,0.));
#7365=DIRECTION('ref_axis',(1.,0.,0.));
#7366=DIRECTION('center_axis',(0.,-1.,0.));
#7367=DIRECTION('ref_axis',(0.,0.,1.));
#7368=DIRECTION('center_axis',(0.,-1.,0.));
#7369=DIRECTION('ref_axis',(0.,0.,1.));
#7370=DIRECTION('',(0.,-1.,0.));
#7371=DIRECTION('center_axis',(0.,1.,0.));
#7372=DIRECTION('ref_axis',(0.,0.,1.));
#7373=DIRECTION('center_axis',(0.,-1.,0.));
#7374=DIRECTION('ref_axis',(0.,0.,1.));
#7375=DIRECTION('center_axis',(0.,-1.,0.));
#7376=DIRECTION('ref_axis',(0.,0.,1.));
#7377=DIRECTION('',(0.,-1.,0.));
#7378=DIRECTION('center_axis',(0.,1.,0.));
#7379=DIRECTION('ref_axis',(0.,0.,1.));
#7380=DIRECTION('center_axis',(0.,0.,1.));
#7381=DIRECTION('ref_axis',(-1.,0.,0.));
#7382=DIRECTION('',(1.,0.,0.));
#7383=DIRECTION('',(0.,-1.,0.));
#7384=DIRECTION('',(-1.,0.,0.));
#7385=DIRECTION('',(0.,-1.,0.));
#7386=DIRECTION('center_axis',(0.,-1.,0.));
#7387=DIRECTION('ref_axis',(0.,0.,1.));
#7388=DIRECTION('center_axis',(0.,1.,0.));
#7389=DIRECTION('ref_axis',(0.,0.,1.));
#7390=DIRECTION('center_axis',(0.,-1.,0.));
#7391=DIRECTION('ref_axis',(0.,0.,1.));
#7392=DIRECTION('',(0.,-1.,0.));
#7393=DIRECTION('center_axis',(0.,0.,-1.));
#7394=DIRECTION('ref_axis',(1.,0.,0.));
#7395=DIRECTION('',(-1.,0.,0.));
#7396=DIRECTION('',(1.,0.,0.));
#7397=DIRECTION('',(0.,-1.,0.));
#7398=DIRECTION('center_axis',(0.,-1.,0.));
#7399=DIRECTION('ref_axis',(0.,0.,-1.));
#7400=DIRECTION('center_axis',(0.,1.,0.));
#7401=DIRECTION('ref_axis',(0.,0.,-1.));
#7402=DIRECTION('center_axis',(0.,-1.,0.));
#7403=DIRECTION('ref_axis',(0.,0.,-1.));
#7404=DIRECTION('center_axis',(-1.,0.,0.));
#7405=DIRECTION('ref_axis',(0.,1.,0.));
#7406=DIRECTION('center_axis',(-1.,0.,0.));
#7407=DIRECTION('ref_axis',(0.,1.,0.));
#7408=DIRECTION('',(-1.,0.,0.));
#7409=DIRECTION('center_axis',(1.,0.,0.));
#7410=DIRECTION('ref_axis',(0.,1.,0.));
#7411=DIRECTION('center_axis',(1.,0.,0.));
#7412=DIRECTION('ref_axis',(0.,1.,0.));
#7413=DIRECTION('center_axis',(-1.,0.,0.));
#7414=DIRECTION('ref_axis',(0.,1.,0.));
#7415=DIRECTION('center_axis',(-1.,0.,0.));
#7416=DIRECTION('ref_axis',(0.,1.,0.));
#7417=DIRECTION('center_axis',(-1.,0.,0.));
#7418=DIRECTION('ref_axis',(0.,1.,0.));
#7419=DIRECTION('',(-1.,0.,0.));
#7420=DIRECTION('center_axis',(1.,3.29201199850425E-16,0.));
#7421=DIRECTION('ref_axis',(0.,1.,0.));
#7422=DIRECTION('center_axis',(-1.,0.,0.));
#7423=DIRECTION('ref_axis',(0.,1.,0.));
#7424=DIRECTION('center_axis',(-1.,0.,0.));
#7425=DIRECTION('ref_axis',(0.,1.,0.));
#7426=DIRECTION('',(-1.,0.,0.));
#7427=DIRECTION('center_axis',(1.,0.,0.));
#7428=DIRECTION('ref_axis',(0.,1.,0.));
#7429=DIRECTION('center_axis',(-1.,0.,0.));
#7430=DIRECTION('ref_axis',(0.,1.,0.));
#7431=DIRECTION('center_axis',(-1.,0.,0.));
#7432=DIRECTION('ref_axis',(0.,1.,0.));
#7433=DIRECTION('',(-1.,0.,0.));
#7434=DIRECTION('center_axis',(1.,3.29201199850425E-16,0.));
#7435=DIRECTION('ref_axis',(0.,1.,0.));
#7436=DIRECTION('center_axis',(-1.,0.,0.));
#7437=DIRECTION('ref_axis',(0.,1.,0.));
#7438=DIRECTION('center_axis',(-1.,0.,0.));
#7439=DIRECTION('ref_axis',(0.,1.,0.));
#7440=DIRECTION('',(-1.,0.,0.));
#7441=DIRECTION('center_axis',(1.,0.,0.));
#7442=DIRECTION('ref_axis',(0.,1.,0.));
#7443=DIRECTION('',(-1.,0.,0.));
#7444=DIRECTION('',(-1.,0.,0.));
#7445=DIRECTION('center_axis',(1.,0.,0.));
#7446=DIRECTION('ref_axis',(0.,1.,0.));
#7447=DIRECTION('center_axis',(-1.,0.,0.));
#7448=DIRECTION('ref_axis',(0.,1.,0.));
#7449=DIRECTION('',(-1.,0.,0.));
#7450=DIRECTION('center_axis',(-1.,0.,0.));
#7451=DIRECTION('ref_axis',(0.,1.,0.));
#7452=DIRECTION('',(-1.,0.,0.));
#7453=DIRECTION('center_axis',(1.,3.29201199850425E-16,0.));
#7454=DIRECTION('ref_axis',(0.,1.,0.));
#7455=DIRECTION('center_axis',(-1.,0.,0.));
#7456=DIRECTION('ref_axis',(0.,1.,0.));
#7457=DIRECTION('',(-1.,0.,0.));
#7458=DIRECTION('center_axis',(0.,0.,1.));
#7459=DIRECTION('ref_axis',(1.,0.,0.));
#7460=DIRECTION('',(0.,-1.,0.));
#7461=DIRECTION('',(-1.,0.,0.));
#7462=DIRECTION('',(3.29201199850425E-16,-1.,0.));
#7463=DIRECTION('',(1.,0.,0.));
#7464=DIRECTION('',(0.,-1.,0.));
#7465=DIRECTION('',(-1.,0.,0.));
#7466=DIRECTION('',(0.,1.,0.));
#7467=DIRECTION('',(1.,0.,0.));
#7468=DIRECTION('',(0.,1.,0.));
#7469=DIRECTION('',(-1.,0.,0.));
#7470=DIRECTION('',(0.,1.,0.));
#7471=DIRECTION('',(0.,1.,0.));
#7472=DIRECTION('',(1.,0.,0.));
#7473=DIRECTION('',(0.,1.,0.));
#7474=DIRECTION('',(-1.,0.,0.));
#7475=DIRECTION('',(0.,1.,0.));
#7476=DIRECTION('',(-1.,0.,0.));
#7477=DIRECTION('',(0.,-1.,0.));
#7478=DIRECTION('',(-1.,0.,0.));
#7479=DIRECTION('',(3.29201199850425E-16,-1.,0.));
#7480=DIRECTION('',(1.,0.,0.));
#7481=DIRECTION('',(0.,-1.,0.));
#7482=DIRECTION('center_axis',(0.,0.,1.));
#7483=DIRECTION('ref_axis',(0.,-1.,0.));
#7484=DIRECTION('',(0.,-1.,0.));
#7485=DIRECTION('',(1.,0.,0.));
#7486=DIRECTION('',(-3.29201199850425E-16,1.,0.));
#7487=DIRECTION('center_axis',(0.,0.,1.));
#7488=DIRECTION('ref_axis',(0.,1.,0.));
#7489=DIRECTION('',(0.,-1.,0.));
#7490=DIRECTION('',(-1.,0.,0.));
#7491=DIRECTION('',(0.,1.,0.));
#7492=DIRECTION('center_axis',(1.,0.,0.));
#7493=DIRECTION('ref_axis',(0.,0.,-1.));
#7494=DIRECTION('',(0.,0.,-1.));
#7495=DIRECTION('',(0.,0.,1.));
#7496=DIRECTION('',(0.,-1.,0.));
#7497=DIRECTION('center_axis',(-1.,0.,0.));
#7498=DIRECTION('ref_axis',(0.,0.,1.));
#7499=DIRECTION('',(0.,0.,1.));
#7500=DIRECTION('',(0.,1.,0.));
#7501=DIRECTION('',(0.,0.,-1.));
#7502=DIRECTION('center_axis',(0.,0.,1.));
#7503=DIRECTION('ref_axis',(0.,-1.,0.));
#7504=DIRECTION('',(-3.29201199850425E-16,1.,0.));
#7505=DIRECTION('',(1.,0.,0.));
#7506=DIRECTION('center_axis',(0.,1.,0.));
#7507=DIRECTION('ref_axis',(0.,0.,1.));
#7508=DIRECTION('',(0.,0.,-1.));
#7509=DIRECTION('center_axis',(0.,-1.,0.));
#7510=DIRECTION('ref_axis',(0.,0.,-1.));
#7511=DIRECTION('',(0.,0.,1.));
#7512=DIRECTION('center_axis',(0.,1.,0.));
#7513=DIRECTION('ref_axis',(0.,0.,-1.));
#7514=DIRECTION('',(0.,0.,1.));
#7515=DIRECTION('center_axis',(0.,0.,1.));
#7516=DIRECTION('ref_axis',(0.,1.,0.));
#7517=DIRECTION('',(-1.,0.,0.));
#7518=DIRECTION('',(0.,-1.,0.));
#7519=DIRECTION('center_axis',(0.,-1.,0.));
#7520=DIRECTION('ref_axis',(0.,0.,1.));
#7521=DIRECTION('',(0.,0.,-1.));
#7522=DIRECTION('center_axis',(1.,0.,0.));
#7523=DIRECTION('ref_axis',(0.,1.,0.));
#7524=DIRECTION('',(0.,0.,1.));
#7525=DIRECTION('',(0.,-1.,0.));
#7526=DIRECTION('',(0.,0.,1.));
#7527=DIRECTION('',(0.,-1.,0.));
#7528=DIRECTION('',(0.,0.,1.));
#7529=DIRECTION('',(0.,-1.,0.));
#7530=DIRECTION('',(0.,0.,-1.));
#7531=DIRECTION('center_axis',(0.,0.,-1.));
#7532=DIRECTION('ref_axis',(1.,0.,0.));
#7533=DIRECTION('center_axis',(0.,0.,-1.));
#7534=DIRECTION('ref_axis',(1.,0.,0.));
#7535=DIRECTION('',(0.,0.,-1.));
#7536=DIRECTION('center_axis',(0.,0.,-1.));
#7537=DIRECTION('ref_axis',(1.,0.,0.));
#7538=DIRECTION('center_axis',(0.,0.,-1.));
#7539=DIRECTION('ref_axis',(1.,0.,0.));
#7540=DIRECTION('center_axis',(0.,0.,-1.));
#7541=DIRECTION('ref_axis',(1.,0.,0.));
#7542=DIRECTION('center_axis',(0.,0.,-1.));
#7543=DIRECTION('ref_axis',(1.,0.,0.));
#7544=DIRECTION('',(0.,0.,-1.));
#7545=DIRECTION('center_axis',(0.,0.,-1.));
#7546=DIRECTION('ref_axis',(1.,0.,0.));
#7547=DIRECTION('center_axis',(0.,0.,-1.));
#7548=DIRECTION('ref_axis',(1.,0.,0.));
#7549=DIRECTION('center_axis',(0.,0.,-1.));
#7550=DIRECTION('ref_axis',(1.,0.,0.));
#7551=DIRECTION('center_axis',(0.,0.,-1.));
#7552=DIRECTION('ref_axis',(1.,0.,0.));
#7553=DIRECTION('',(0.,0.,-1.));
#7554=DIRECTION('center_axis',(0.,0.,-1.));
#7555=DIRECTION('ref_axis',(1.,0.,0.));
#7556=DIRECTION('center_axis',(0.,0.,-1.));
#7557=DIRECTION('ref_axis',(1.,0.,0.));
#7558=DIRECTION('center_axis',(0.,0.,-1.));
#7559=DIRECTION('ref_axis',(1.,0.,0.));
#7560=DIRECTION('center_axis',(0.,0.,-1.));
#7561=DIRECTION('ref_axis',(1.,0.,0.));
#7562=DIRECTION('',(0.,0.,-1.));
#7563=DIRECTION('center_axis',(0.,0.,-1.));
#7564=DIRECTION('ref_axis',(1.,0.,0.));
#7565=DIRECTION('center_axis',(0.,0.,-1.));
#7566=DIRECTION('ref_axis',(1.,0.,0.));
#7567=DIRECTION('center_axis',(0.,1.,0.));
#7568=DIRECTION('ref_axis',(-1.,0.,0.));
#7569=DIRECTION('',(0.,0.,-1.));
#7570=DIRECTION('',(-1.,0.,0.));
#7571=DIRECTION('',(0.,0.,1.));
#7572=DIRECTION('center_axis',(1.,0.,0.));
#7573=DIRECTION('ref_axis',(0.,1.,0.));
#7574=DIRECTION('',(0.,1.,0.));
#7575=DIRECTION('',(0.,0.,1.));
#7576=DIRECTION('center_axis',(0.,0.,1.));
#7577=DIRECTION('ref_axis',(1.,0.,0.));
#7578=DIRECTION('',(-3.29201199850425E-16,1.,0.));
#7579=DIRECTION('',(-1.,0.,0.));
#7580=DIRECTION('center_axis',(-1.,-3.29201199850425E-16,0.));
#7581=DIRECTION('ref_axis',(3.29201199850425E-16,-1.,0.));
#7582=DIRECTION('',(0.,0.,1.));
#7583=DIRECTION('',(-3.29201199850425E-16,1.,0.));
#7584=DIRECTION('',(0.,0.,-1.));
#7585=DIRECTION('',(0.,1.,0.));
#7586=DIRECTION('',(0.,0.,-1.));
#7587=DIRECTION('center_axis',(1.,0.,0.));
#7588=DIRECTION('ref_axis',(0.,1.,0.));
#7589=DIRECTION('',(0.,0.,-1.));
#7590=DIRECTION('',(0.,1.,0.));
#7591=DIRECTION('',(0.,0.,1.));
#7592=DIRECTION('center_axis',(0.,-1.,0.));
#7593=DIRECTION('ref_axis',(1.,0.,0.));
#7594=DIRECTION('',(1.,0.,0.));
#7595=DIRECTION('center_axis',(0.,0.,1.));
#7596=DIRECTION('ref_axis',(1.,0.,0.));
#7597=DIRECTION('',(1.,0.,0.));
#7598=DIRECTION('center_axis',(-1.,0.,0.));
#7599=DIRECTION('ref_axis',(0.,-1.,0.));
#7600=DIRECTION('',(0.,0.,-1.));
#7601=DIRECTION('',(0.,-1.,0.));
#7602=DIRECTION('',(0.,0.,1.));
#7603=DIRECTION('center_axis',(0.,1.,0.));
#7604=DIRECTION('ref_axis',(-1.,0.,0.));
#7605=DIRECTION('',(-1.,0.,0.));
#7606=DIRECTION('center_axis',(0.,0.,1.));
#7607=DIRECTION('ref_axis',(1.,0.,0.));
#7608=DIRECTION('',(-1.,0.,0.));
#7609=DIRECTION('center_axis',(0.,-1.,0.));
#7610=DIRECTION('ref_axis',(1.,0.,0.));
#7611=DIRECTION('',(1.,0.,0.));
#7612=DIRECTION('',(0.,0.,1.));
#7613=DIRECTION('center_axis',(-1.,0.,0.));
#7614=DIRECTION('ref_axis',(0.,-1.,0.));
#7615=DIRECTION('',(0.,-1.,0.));
#7616=DIRECTION('',(0.,0.,1.));
#7617=DIRECTION('center_axis',(0.,0.,1.));
#7618=DIRECTION('ref_axis',(1.,0.,0.));
#7619=DIRECTION('',(1.,0.,0.));
#7620=DIRECTION('center_axis',(0.408248290463863,-0.816496580927726,0.408248290463863));
#7621=DIRECTION('ref_axis',(-0.577350269189625,-0.577350269189626,-0.577350269189626));
#7622=DIRECTION('center_axis',(0.,0.,-1.));
#7623=DIRECTION('ref_axis',(-1.,-3.33066907387547E-16,0.));
#7624=DIRECTION('center_axis',(0.,-1.,0.));
#7625=DIRECTION('ref_axis',(0.,0.,-1.));
#7626=DIRECTION('center_axis',(-1.,0.,1.77635683940025E-15));
#7627=DIRECTION('ref_axis',(0.,-1.,0.));
#7628=DIRECTION('center_axis',(-0.408248290463865,-0.816496580927725,0.408248290463863));
#7629=DIRECTION('ref_axis',(0.577350269189628,-0.577350269189625,-0.577350269189625));
#7630=DIRECTION('center_axis',(0.,0.,-1.));
#7631=DIRECTION('ref_axis',(0.,-1.,0.));
#7632=DIRECTION('center_axis',(1.,0.,0.));
#7633=DIRECTION('ref_axis',(0.,0.,-1.));
#7634=DIRECTION('center_axis',(0.,-1.,0.));
#7635=DIRECTION('ref_axis',(1.,0.,0.));
#7636=DIRECTION('center_axis',(1.,0.,0.));
#7637=DIRECTION('ref_axis',(0.,-0.707106781186547,-0.707106781186547));
#7638=DIRECTION('',(-1.,0.,0.));
#7639=DIRECTION('',(1.,0.,0.));
#7640=DIRECTION('center_axis',(-0.408248290463863,-0.816496580927726,-0.408248290463864));
#7641=DIRECTION('ref_axis',(-0.577350269189624,0.577350269189628,-0.577350269189625));
#7642=DIRECTION('center_axis',(-1.,0.,0.));
#7643=DIRECTION('ref_axis',(0.,0.,-1.));
#7644=DIRECTION('center_axis',(0.,1.,0.));
#7645=DIRECTION('ref_axis',(-1.,0.,0.));
#7646=DIRECTION('center_axis',(0.,0.,-1.));
#7647=DIRECTION('ref_axis',(0.,1.,0.));
#7648=DIRECTION('center_axis',(3.29201199850425E-16,-1.,0.));
#7649=DIRECTION('ref_axis',(-0.707106781186547,0.,-0.707106781186548));
#7650=DIRECTION('',(-3.29201199850425E-16,1.,0.));
#7651=DIRECTION('',(3.29201199850425E-16,-1.,0.));
#7652=DIRECTION('center_axis',(-0.816496580927726,0.408248290463863,-0.408248290463863));
#7653=DIRECTION('ref_axis',(-0.577350269189626,-0.577350269189626,0.577350269189626));
#7654=DIRECTION('center_axis',(0.,-1.,0.));
#7655=DIRECTION('ref_axis',(-1.,0.,0.));
#7656=DIRECTION('center_axis',(0.,0.,1.));
#7657=DIRECTION('ref_axis',(0.,-1.,0.));
#7658=DIRECTION('center_axis',(-1.,-1.77635683940025E-15,0.));
#7659=DIRECTION('ref_axis',(0.,0.,1.));
#7660=DIRECTION('center_axis',(0.,0.,1.));
#7661=DIRECTION('ref_axis',(-0.707106781186547,-0.707106781186548,0.));
#7662=DIRECTION('',(0.,0.,-1.));
#7663=DIRECTION('',(0.,0.,1.));
#7664=DIRECTION('center_axis',(0.408248290463865,-0.816496580927725,-0.408248290463863));
#7665=DIRECTION('ref_axis',(0.577350269189627,0.577350269189627,-0.577350269189624));
#7666=DIRECTION('center_axis',(0.,0.,-1.));
#7667=DIRECTION('ref_axis',(1.,0.,0.));
#7668=DIRECTION('center_axis',(0.,1.,0.));
#7669=DIRECTION('ref_axis',(0.,0.,-1.));
#7670=DIRECTION('center_axis',(1.,0.,0.));
#7671=DIRECTION('ref_axis',(0.,1.,0.));
#7672=DIRECTION('center_axis',(0.,1.,0.));
#7673=DIRECTION('ref_axis',(0.707106781186547,0.,-0.707106781186547));
#7674=DIRECTION('',(0.,-1.,0.));
#7675=DIRECTION('',(0.,1.,0.));
#7676=DIRECTION('center_axis',(-1.,0.,0.));
#7677=DIRECTION('ref_axis',(0.,0.707106781186547,-0.707106781186547));
#7678=DIRECTION('',(1.,0.,0.));
#7679=DIRECTION('',(-1.,0.,0.));
#7680=DIRECTION('center_axis',(-0.408248290463865,-0.816496580927725,-0.408248290463862));
#7681=DIRECTION('ref_axis',(0.577350269189628,-0.577350269189625,0.577350269189625));
#7682=DIRECTION('center_axis',(1.,0.,0.));
#7683=DIRECTION('ref_axis',(0.,-1.,0.));
#7684=DIRECTION('center_axis',(0.,0.,1.));
#7685=DIRECTION('ref_axis',(1.,0.,0.));
#7686=DIRECTION('center_axis',(0.,-1.,0.));
#7687=DIRECTION('ref_axis',(0.,0.,1.));
#7688=DIRECTION('center_axis',(0.,0.,1.));
#7689=DIRECTION('ref_axis',(0.707106781186547,-0.707106781186547,0.));
#7690=DIRECTION('',(0.,0.,-1.));
#7691=DIRECTION('',(0.,0.,1.));
#7692=DIRECTION('center_axis',(-0.408248290463863,-0.816496580927726,0.408248290463863));
#7693=DIRECTION('ref_axis',(-0.577350269189625,0.577350269189628,0.577350269189625));
#7694=DIRECTION('center_axis',(-1.,0.,0.));
#7695=DIRECTION('ref_axis',(0.,1.,0.));
#7696=DIRECTION('center_axis',(0.,0.,1.));
#7697=DIRECTION('ref_axis',(-1.,0.,0.));
#7698=DIRECTION('center_axis',(0.,1.,0.));
#7699=DIRECTION('ref_axis',(0.,0.,1.));
#7700=DIRECTION('center_axis',(0.,0.,1.));
#7701=DIRECTION('ref_axis',(-0.707106781186547,0.707106781186548,0.));
#7702=DIRECTION('',(0.,0.,-1.));
#7703=DIRECTION('',(0.,0.,1.));
#7704=DIRECTION('center_axis',(3.29201199850425E-16,-1.,0.));
#7705=DIRECTION('ref_axis',(-0.707106781186547,0.,0.707106781186548));
#7706=DIRECTION('',(-3.29201199850425E-16,1.,0.));
#7707=DIRECTION('',(3.29201199850425E-16,-1.,0.));
#7708=DIRECTION('center_axis',(0.408248290463865,-0.816496580927725,0.408248290463863));
#7709=DIRECTION('ref_axis',(0.577350269189627,0.577350269189627,0.577350269189624));
#7710=DIRECTION('center_axis',(0.,1.,0.));
#7711=DIRECTION('ref_axis',(1.,0.,0.));
#7712=DIRECTION('center_axis',(0.,0.,1.));
#7713=DIRECTION('ref_axis',(0.,1.,0.));
#7714=DIRECTION('center_axis',(1.,0.,0.));
#7715=DIRECTION('ref_axis',(0.,0.,1.));
#7716=DIRECTION('center_axis',(0.,0.,1.));
#7717=DIRECTION('ref_axis',(0.707106781186547,0.707106781186547,0.));
#7718=DIRECTION('',(0.,0.,-1.));
#7719=DIRECTION('',(0.,0.,1.));
#7720=DIRECTION('center_axis',(-1.,0.,0.));
#7721=DIRECTION('ref_axis',(0.,0.707106781186547,0.707106781186547));
#7722=DIRECTION('',(1.,0.,0.));
#7723=DIRECTION('',(-1.,0.,0.));
#7724=DIRECTION('center_axis',(0.,1.,0.));
#7725=DIRECTION('ref_axis',(0.707106781186547,0.,0.707106781186547));
#7726=DIRECTION('',(0.,-1.,0.));
#7727=DIRECTION('',(0.,1.,0.));
#7728=DIRECTION('center_axis',(1.,0.,0.));
#7729=DIRECTION('ref_axis',(0.,-0.707106781186547,0.707106781186547));
#7730=DIRECTION('',(-1.,0.,0.));
#7731=DIRECTION('',(1.,0.,0.));
#7732=DIRECTION('center_axis',(0.,-1.,0.));
#7733=DIRECTION('ref_axis',(1.,0.,0.));
#7734=DIRECTION('center_axis',(0.,0.,1.));
#7735=DIRECTION('ref_axis',(1.,0.,0.));
#7736=DIRECTION('center_axis',(-1.,-3.29201199850425E-16,0.));
#7737=DIRECTION('ref_axis',(3.29201199850425E-16,-1.,0.));
#7738=DIRECTION('center_axis',(1.,0.,0.));
#7739=DIRECTION('ref_axis',(0.,1.,0.));
#7740=DIRECTION('center_axis',(0.,1.,0.));
#7741=DIRECTION('ref_axis',(-1.,0.,0.));
#7742=DIRECTION('center_axis',(0.,0.,1.));
#7743=DIRECTION('ref_axis',(1.,0.,0.));
#7744=DIRECTION('',(1.,0.,0.));
#7745=DIRECTION('',(-1.,0.,0.));
#7746=DIRECTION('center_axis',(0.,-1.,0.));
#7747=DIRECTION('ref_axis',(1.,0.,0.));
#7748=DIRECTION('center_axis',(0.,1.,0.));
#7749=DIRECTION('ref_axis',(-1.,0.,0.));
#7750=DIRECTION('center_axis',(0.,0.,1.));
#7751=DIRECTION('ref_axis',(1.,0.,0.));
#7752=DIRECTION('center_axis',(0.,0.,-1.));
#7753=DIRECTION('ref_axis',(1.,0.,0.));
#7754=DIRECTION('',(0.857167300702112,-1.04972719113862E-16,-0.515038074910054));
#7755=DIRECTION('center_axis',(0.,0.,-1.));
#7756=DIRECTION('ref_axis',(1.,0.,0.));
#7757=DIRECTION('center_axis',(0.,0.,-1.));
#7758=DIRECTION('ref_axis',(1.,0.,0.));
#7759=DIRECTION('',(0.,0.,-1.));
#7760=DIRECTION('center_axis',(0.,1.,0.));
#7761=DIRECTION('ref_axis',(-1.,0.,0.));
#7762=DIRECTION('',(-1.,0.,0.));
#7763=DIRECTION('',(0.,0.,1.));
#7764=DIRECTION('',(-1.,0.,0.));
#7765=DIRECTION('',(0.,0.,1.));
#7766=DIRECTION('center_axis',(1.,0.,0.));
#7767=DIRECTION('ref_axis',(0.,1.,0.));
#7768=DIRECTION('',(0.,1.,0.));
#7769=DIRECTION('',(0.,1.,0.));
#7770=DIRECTION('',(0.,0.,1.));
#7771=DIRECTION('center_axis',(0.,-1.,0.));
#7772=DIRECTION('ref_axis',(1.,0.,0.));
#7773=DIRECTION('',(1.,0.,0.));
#7774=DIRECTION('',(1.,0.,0.));
#7775=DIRECTION('',(0.,0.,1.));
#7776=DIRECTION('center_axis',(-1.,0.,0.));
#7777=DIRECTION('ref_axis',(0.,-1.,0.));
#7778=DIRECTION('',(0.,-1.,0.));
#7779=DIRECTION('',(0.,-1.,0.));
#7780=DIRECTION('center_axis',(0.,0.,1.));
#7781=DIRECTION('ref_axis',(1.,0.,0.));
#7782=DIRECTION('center_axis',(0.,0.,1.));
#7783=DIRECTION('ref_axis',(-1.,0.,0.));
#7784=DIRECTION('center_axis',(0.,0.,1.));
#7785=DIRECTION('ref_axis',(1.,0.,0.));
#7786=DIRECTION('center_axis',(0.,0.,-1.));
#7787=DIRECTION('ref_axis',(1.,0.,0.));
#7788=DIRECTION('',(0.857167300702112,-1.04972719113862E-16,-0.515038074910054));
#7789=DIRECTION('center_axis',(0.,0.,-1.));
#7790=DIRECTION('ref_axis',(1.,0.,0.));
#7791=DIRECTION('center_axis',(0.,0.,-1.));
#7792=DIRECTION('ref_axis',(1.,0.,0.));
#7793=DIRECTION('',(0.,0.,-1.));
#7794=DIRECTION('center_axis',(1.,0.,0.));
#7795=DIRECTION('ref_axis',(0.,1.,0.));
#7796=DIRECTION('',(0.,-1.,0.));
#7797=DIRECTION('',(0.,0.,1.));
#7798=DIRECTION('',(0.,1.,0.));
#7799=DIRECTION('',(0.,0.,1.));
#7800=DIRECTION('center_axis',(0.,-1.,0.));
#7801=DIRECTION('ref_axis',(1.,0.,0.));
#7802=DIRECTION('',(-1.,0.,0.));
#7803=DIRECTION('',(1.,0.,0.));
#7804=DIRECTION('',(0.,0.,1.));
#7805=DIRECTION('center_axis',(-1.,0.,0.));
#7806=DIRECTION('ref_axis',(0.,-1.,0.));
#7807=DIRECTION('',(0.,1.,0.));
#7808=DIRECTION('',(0.,-1.,0.));
#7809=DIRECTION('',(0.,0.,1.));
#7810=DIRECTION('center_axis',(0.,1.,0.));
#7811=DIRECTION('ref_axis',(-1.,0.,0.));
#7812=DIRECTION('',(1.,0.,0.));
#7813=DIRECTION('',(-1.,0.,0.));
#7814=DIRECTION('center_axis',(0.,0.,1.));
#7815=DIRECTION('ref_axis',(1.,0.,0.));
#7816=DIRECTION('center_axis',(0.,0.,1.));
#7817=DIRECTION('ref_axis',(-1.,0.,0.));
#7818=DIRECTION('center_axis',(0.,0.,1.));
#7819=DIRECTION('ref_axis',(1.,0.,0.));
#7820=DIRECTION('center_axis',(0.,0.,-1.));
#7821=DIRECTION('ref_axis',(1.,0.,0.));
#7822=DIRECTION('',(0.857167300702112,-1.04972719113862E-16,-0.515038074910054));
#7823=DIRECTION('center_axis',(0.,0.,-1.));
#7824=DIRECTION('ref_axis',(1.,0.,0.));
#7825=DIRECTION('center_axis',(0.,0.,-1.));
#7826=DIRECTION('ref_axis',(1.,0.,0.));
#7827=DIRECTION('',(0.,0.,-1.));
#7828=DIRECTION('center_axis',(-1.,0.,0.));
#7829=DIRECTION('ref_axis',(0.,-1.,0.));
#7830=DIRECTION('',(0.,1.,0.));
#7831=DIRECTION('',(0.,0.,1.));
#7832=DIRECTION('',(0.,-1.,0.));
#7833=DIRECTION('',(0.,0.,1.));
#7834=DIRECTION('center_axis',(0.,1.,0.));
#7835=DIRECTION('ref_axis',(-1.,0.,0.));
#7836=DIRECTION('',(1.,0.,0.));
#7837=DIRECTION('',(-1.,0.,0.));
#7838=DIRECTION('',(0.,0.,1.));
#7839=DIRECTION('center_axis',(1.,0.,0.));
#7840=DIRECTION('ref_axis',(0.,1.,0.));
#7841=DIRECTION('',(0.,-1.,0.));
#7842=DIRECTION('',(0.,1.,0.));
#7843=DIRECTION('',(0.,0.,1.));
#7844=DIRECTION('center_axis',(0.,-1.,0.));
#7845=DIRECTION('ref_axis',(1.,0.,0.));
#7846=DIRECTION('',(-1.,0.,0.));
#7847=DIRECTION('',(1.,0.,0.));
#7848=DIRECTION('center_axis',(0.,0.,1.));
#7849=DIRECTION('ref_axis',(1.,0.,0.));
#7850=DIRECTION('center_axis',(0.,0.,1.));
#7851=DIRECTION('ref_axis',(-1.,0.,0.));
#7852=DIRECTION('center_axis',(0.,0.,1.));
#7853=DIRECTION('ref_axis',(1.,0.,0.));
#7854=DIRECTION('center_axis',(0.,0.,-1.));
#7855=DIRECTION('ref_axis',(1.,0.,0.));
#7856=DIRECTION('',(0.857167300702112,-1.04972719113862E-16,-0.515038074910054));
#7857=DIRECTION('center_axis',(0.,0.,-1.));
#7858=DIRECTION('ref_axis',(1.,0.,0.));
#7859=DIRECTION('center_axis',(0.,0.,-1.));
#7860=DIRECTION('ref_axis',(1.,0.,0.));
#7861=DIRECTION('',(0.,0.,-1.));
#7862=DIRECTION('center_axis',(0.,-1.,0.));
#7863=DIRECTION('ref_axis',(1.,0.,0.));
#7864=DIRECTION('',(1.,0.,0.));
#7865=DIRECTION('',(0.,0.,1.));
#7866=DIRECTION('',(1.,0.,0.));
#7867=DIRECTION('',(0.,0.,1.));
#7868=DIRECTION('center_axis',(-1.,0.,0.));
#7869=DIRECTION('ref_axis',(0.,-1.,0.));
#7870=DIRECTION('',(0.,-1.,0.));
#7871=DIRECTION('',(0.,-1.,0.));
#7872=DIRECTION('',(0.,0.,1.));
#7873=DIRECTION('center_axis',(0.,1.,0.));
#7874=DIRECTION('ref_axis',(-1.,0.,0.));
#7875=DIRECTION('',(-1.,0.,0.));
#7876=DIRECTION('',(-1.,0.,0.));
#7877=DIRECTION('',(0.,0.,1.));
#7878=DIRECTION('center_axis',(1.,0.,0.));
#7879=DIRECTION('ref_axis',(0.,1.,0.));
#7880=DIRECTION('',(0.,1.,0.));
#7881=DIRECTION('',(0.,1.,0.));
#7882=DIRECTION('center_axis',(0.,0.,1.));
#7883=DIRECTION('ref_axis',(1.,0.,0.));
#7884=DIRECTION('center_axis',(0.,0.,1.));
#7885=DIRECTION('ref_axis',(-1.,0.,0.));
#7886=CARTESIAN_POINT('',(0.,0.,0.));
#7887=CARTESIAN_POINT('Origin',(24.0081862807274,0.,22.8103672266006));
#7888=CARTESIAN_POINT('',(24.0081862807274,0.,22.8103672266006));
#7889=CARTESIAN_POINT('',(24.0081862807274,0.,15.9999989271164));
#7890=CARTESIAN_POINT('',(24.0081862807274,0.,11.4051836133003));
#7891=CARTESIAN_POINT('',(24.0081862807274,2.,22.8103672266006));
#7892=CARTESIAN_POINT('',(24.0081862807274,0.,22.8103672266006));
#7893=CARTESIAN_POINT('',(24.0081862807274,2.,15.9999989271164));
#7894=CARTESIAN_POINT('',(24.0081862807274,2.,22.8103672266006));
#7895=CARTESIAN_POINT('',(24.0081862807274,0.,15.9999989271164));
#7896=CARTESIAN_POINT('Origin',(26.3219658732414,0.,15.9999989271164));
#7897=CARTESIAN_POINT('',(26.3219658732414,0.,15.9999989271164));
#7898=CARTESIAN_POINT('',(27.3967417360273,0.,12.8365085546324));
#7899=CARTESIAN_POINT('',(26.3219658732414,2.,15.9999989271164));
#7900=CARTESIAN_POINT('',(26.3219658732414,0.,15.9999989271164));
#7901=CARTESIAN_POINT('',(26.3219658732414,2.,15.9999989271164));
#7902=CARTESIAN_POINT('Origin',(27.2769443392754,0.,15.9999989271164));
#7903=CARTESIAN_POINT('',(27.2769443392754,0.,15.9999989271164));
#7904=CARTESIAN_POINT('',(13.6384721696377,0.,15.9999989271164));
#7905=CARTESIAN_POINT('',(27.2769443392754,2.,15.9999989271164));
#7906=CARTESIAN_POINT('',(27.2769443392754,0.,15.9999989271164));
#7907=CARTESIAN_POINT('',(27.2769443392754,2.,15.9999989271164));
#7908=CARTESIAN_POINT('Origin',(29.6016375422478,0.,22.6957695484161));
#7909=CARTESIAN_POINT('',(29.6016375422478,0.,22.6957695484161));
#7910=CARTESIAN_POINT('',(24.4934390681337,0.,7.98272043423291));
#7911=CARTESIAN_POINT('',(29.6016375422478,2.,22.6957695484161));
#7912=CARTESIAN_POINT('',(29.6016375422478,0.,22.6957695484161));
#7913=CARTESIAN_POINT('',(29.6016375422478,2.,22.6957695484161));
#7914=CARTESIAN_POINT('Origin',(29.6016375422478,0.,15.9999989271164));
#7915=CARTESIAN_POINT('',(29.6016375422478,0.,15.9999989271164));
#7916=CARTESIAN_POINT('',(29.6016375422478,0.,7.9999994635582));
#7917=CARTESIAN_POINT('',(29.6016375422478,2.,15.9999989271164));
#7918=CARTESIAN_POINT('',(29.6016375422478,0.,15.9999989271164));
#7919=CARTESIAN_POINT('',(29.6016375422478,2.,15.9999989271164));
#7920=CARTESIAN_POINT('Origin',(30.6221024394035,0.,15.9999989271164));
#7921=CARTESIAN_POINT('',(30.6221024394035,0.,15.9999989271164));
#7922=CARTESIAN_POINT('',(15.3110512197018,0.,15.9999989271164));
#7923=CARTESIAN_POINT('',(30.6221024394035,2.,15.9999989271164));
#7924=CARTESIAN_POINT('',(30.6221024394035,0.,15.9999989271164));
#7925=CARTESIAN_POINT('',(30.6221024394035,2.,15.9999989271164));
#7926=CARTESIAN_POINT('Origin',(30.6221024394035,0.,23.9999990463257));
#7927=CARTESIAN_POINT('',(30.6221024394035,0.,23.9999990463257));
#7928=CARTESIAN_POINT('',(30.6221024394035,0.,11.9999995231628));
#7929=CARTESIAN_POINT('',(30.6221024394035,2.,23.9999990463257));
#7930=CARTESIAN_POINT('',(30.6221024394035,0.,23.9999990463257));
#7931=CARTESIAN_POINT('',(30.6221024394035,2.,23.9999990463257));
#7932=CARTESIAN_POINT('Origin',(29.1978184580803,0.,23.9999990463257));
#7933=CARTESIAN_POINT('',(29.1978184580803,0.,23.9999990463257));
#7934=CARTESIAN_POINT('',(14.5989092290401,0.,23.9999990463257));
#7935=CARTESIAN_POINT('',(29.1978184580803,2.,23.9999990463257));
#7936=CARTESIAN_POINT('',(29.1978184580803,0.,23.9999990463257));
#7937=CARTESIAN_POINT('',(29.1978184580803,2.,23.9999990463257));
#7938=CARTESIAN_POINT('Origin',(27.282401740551,0.,18.4338330030441));
#7939=CARTESIAN_POINT('',(27.282401740551,0.,18.4338330030441));
#7940=CARTESIAN_POINT('',(23.002195513622,0.,5.9956317800197));
#7941=CARTESIAN_POINT('',(27.282401740551,2.,18.4338330030441));
#7942=CARTESIAN_POINT('',(27.282401740551,0.,18.4338330030441));
#7943=CARTESIAN_POINT('',(27.282401740551,2.,18.4338330030441));
#7944=CARTESIAN_POINT('Ctrl Pts',(26.8567542433739,0.,17.1514319181442));
#7945=CARTESIAN_POINT('Ctrl Pts',(26.8567542433739,2.,17.1514319181442));
#7946=CARTESIAN_POINT('Ctrl Pts',(26.9145026683008,0.,17.331210865671));
#7947=CARTESIAN_POINT('Ctrl Pts',(26.9145026683008,2.,17.331210865671));
#7948=CARTESIAN_POINT('Ctrl Pts',(27.0522523958611,0.,17.7600450905738));
#7949=CARTESIAN_POINT('Ctrl Pts',(27.0522523958611,2.,17.7600450905738));
#7950=CARTESIAN_POINT('Ctrl Pts',(27.1978453214193,0.,18.1862846417422));
#7951=CARTESIAN_POINT('Ctrl Pts',(27.1978453214193,2.,18.1862846417422));
#7952=CARTESIAN_POINT('Ctrl Pts',(27.282401740551,0.,18.4338330030441));
#7953=CARTESIAN_POINT('Ctrl Pts',(27.282401740551,2.,18.4338330030441));
#7954=CARTESIAN_POINT('',(26.8567542433739,0.,17.1514319181442));
#7955=CARTESIAN_POINT('Ctrl Pts',(26.8567542433739,0.,17.1514319181442));
#7956=CARTESIAN_POINT('Ctrl Pts',(26.9145026683008,0.,17.331210865671));
#7957=CARTESIAN_POINT('Ctrl Pts',(27.0522523958611,0.,17.7600450905738));
#7958=CARTESIAN_POINT('Ctrl Pts',(27.1978453214193,0.,18.1862846417422));
#7959=CARTESIAN_POINT('Ctrl Pts',(27.282401740551,0.,18.4338330030441));
#7960=CARTESIAN_POINT('',(26.8567542433739,2.,17.1514319181442));
#7961=CARTESIAN_POINT('',(26.8567542433739,0.,17.1514319181442));
#7962=CARTESIAN_POINT('Ctrl Pts',(26.8567542433739,2.,17.1514319181442));
#7963=CARTESIAN_POINT('Ctrl Pts',(26.9145026683008,2.,17.331210865671));
#7964=CARTESIAN_POINT('Ctrl Pts',(27.0522523958611,2.,17.7600450905738));
#7965=CARTESIAN_POINT('Ctrl Pts',(27.1978453214193,2.,18.1862846417422));
#7966=CARTESIAN_POINT('Ctrl Pts',(27.282401740551,2.,18.4338330030441));
#7967=CARTESIAN_POINT('Ctrl Pts',(26.4747623801231,0.,18.3356057405472));
#7968=CARTESIAN_POINT('Ctrl Pts',(26.4747623801231,2.,18.3356057405472));
#7969=CARTESIAN_POINT('Ctrl Pts',(26.5509630008177,0.,18.1052755191852));
#7970=CARTESIAN_POINT('Ctrl Pts',(26.5509630008177,2.,18.1052755191852));
#7971=CARTESIAN_POINT('Ctrl Pts',(26.6812373601259,0.,17.7114975979063));
#7972=CARTESIAN_POINT('Ctrl Pts',(26.6812373601259,2.,17.7114975979063));
#7973=CARTESIAN_POINT('Ctrl Pts',(26.8052709127942,0.,17.3157126756641));
#7974=CARTESIAN_POINT('Ctrl Pts',(26.8052709127942,2.,17.3157126756641));
#7975=CARTESIAN_POINT('Ctrl Pts',(26.8567542433739,0.,17.1514319181442));
#7976=CARTESIAN_POINT('Ctrl Pts',(26.8567542433739,2.,17.1514319181442));
#7977=CARTESIAN_POINT('',(26.4747623801231,0.,18.3356057405472));
#7978=CARTESIAN_POINT('Ctrl Pts',(26.4747623801231,0.,18.3356057405472));
#7979=CARTESIAN_POINT('Ctrl Pts',(26.5509630008177,0.,18.1052755191852));
#7980=CARTESIAN_POINT('Ctrl Pts',(26.6812373601259,0.,17.7114975979063));
#7981=CARTESIAN_POINT('Ctrl Pts',(26.8052709127942,0.,17.3157126756641));
#7982=CARTESIAN_POINT('Ctrl Pts',(26.8567542433739,0.,17.1514319181442));
#7983=CARTESIAN_POINT('',(26.4747623801231,2.,18.3356057405472));
#7984=CARTESIAN_POINT('',(26.4747623801231,0.,18.3356057405472));
#7985=CARTESIAN_POINT('Ctrl Pts',(26.4747623801231,2.,18.3356057405472));
#7986=CARTESIAN_POINT('Ctrl Pts',(26.5509630008177,2.,18.1052755191852));
#7987=CARTESIAN_POINT('Ctrl Pts',(26.6812373601259,2.,17.7114975979063));
#7988=CARTESIAN_POINT('Ctrl Pts',(26.8052709127942,2.,17.3157126756641));
#7989=CARTESIAN_POINT('Ctrl Pts',(26.8567542433739,2.,17.1514319181442));
#7990=CARTESIAN_POINT('Origin',(24.5811740756035,0.,23.9999990463257));
#7991=CARTESIAN_POINT('',(24.5811740756035,0.,23.9999990463257));
#7992=CARTESIAN_POINT('',(26.9540316860581,0.,16.90194149488));
#7993=CARTESIAN_POINT('',(24.5811740756035,2.,23.9999990463257));
#7994=CARTESIAN_POINT('',(24.5811740756035,0.,23.9999990463257));
#7995=CARTESIAN_POINT('',(24.5811740756035,2.,23.9999990463257));
#7996=CARTESIAN_POINT('Origin',(22.9877225756645,0.,23.9999990463257));
#7997=CARTESIAN_POINT('',(22.9877225756645,0.,23.9999990463257));
#7998=CARTESIAN_POINT('',(11.4938612878323,0.,23.9999990463257));
#7999=CARTESIAN_POINT('',(22.9877225756645,2.,23.9999990463257));
#8000=CARTESIAN_POINT('',(22.9877225756645,0.,23.9999990463257));
#8001=CARTESIAN_POINT('',(22.9877225756645,2.,23.9999990463257));
#8002=CARTESIAN_POINT('Origin',(22.9877225756645,0.,15.9999989271164));
#8003=CARTESIAN_POINT('',(22.9877225756645,0.,15.9999989271164));
#8004=CARTESIAN_POINT('',(22.9877225756645,0.,7.9999994635582));
#8005=CARTESIAN_POINT('',(22.9877225756645,2.,15.9999989271164));
#8006=CARTESIAN_POINT('',(22.9877225756645,0.,15.9999989271164));
#8007=CARTESIAN_POINT('',(22.9877225756645,2.,15.9999989271164));
#8008=CARTESIAN_POINT('Origin',(24.0081862807274,0.,15.9999989271164));
#8009=CARTESIAN_POINT('',(12.0040931403637,0.,15.9999989271164));
#8010=CARTESIAN_POINT('',(24.0081862807274,2.,15.9999989271164));
#8011=CARTESIAN_POINT('Origin',(50.0000004172325,2.,18.8894941210747));
#8012=CARTESIAN_POINT('Origin',(43.391541659832,0.,23.1159608364105));
#8013=CARTESIAN_POINT('',(43.391541659832,0.,23.1159608364105));
#8014=CARTESIAN_POINT('',(40.8594815135002,0.,23.1159608364105));
#8015=CARTESIAN_POINT('',(21.695770829916,0.,23.1159608364105));
#8016=CARTESIAN_POINT('',(43.391541659832,2.,23.1159608364105));
#8017=CARTESIAN_POINT('',(43.391541659832,0.,23.1159608364105));
#8018=CARTESIAN_POINT('',(40.8594815135002,2.,23.1159608364105));
#8019=CARTESIAN_POINT('',(43.391541659832,2.,23.1159608364105));
#8020=CARTESIAN_POINT('',(40.8594815135002,0.,23.1159608364105));
#8021=CARTESIAN_POINT('Ctrl Pts',(44.6930424571037,0.,22.7503399848938));
#8022=CARTESIAN_POINT('Ctrl Pts',(44.6930424571037,2.,22.7503399848938));
#8023=CARTESIAN_POINT('Ctrl Pts',(44.5204453414774,0.,22.8565285901772));
#8024=CARTESIAN_POINT('Ctrl Pts',(44.5204453414774,2.,22.8565285901772));
#8025=CARTESIAN_POINT('Ctrl Pts',(44.1239973708959,0.,23.1004391382226));
#8026=CARTESIAN_POINT('Ctrl Pts',(44.1239973708959,2.,23.1004391382226));
#8027=CARTESIAN_POINT('Ctrl Pts',(43.6558672242027,0.,23.1103594306579));
#8028=CARTESIAN_POINT('Ctrl Pts',(43.6558672242027,2.,23.1103594306579));
#8029=CARTESIAN_POINT('Ctrl Pts',(43.391541659832,0.,23.1159608364105));
#8030=CARTESIAN_POINT('Ctrl Pts',(43.391541659832,2.,23.1159608364105));
#8031=CARTESIAN_POINT('',(44.6930424571037,0.,22.7503399848938));
#8032=CARTESIAN_POINT('Ctrl Pts',(44.6930424571037,0.,22.7503399848938));
#8033=CARTESIAN_POINT('Ctrl Pts',(44.5204453414774,0.,22.8565285901772));
#8034=CARTESIAN_POINT('Ctrl Pts',(44.1239973708959,0.,23.1004391382226));
#8035=CARTESIAN_POINT('Ctrl Pts',(43.6558672242027,0.,23.1103594306579));
#8036=CARTESIAN_POINT('Ctrl Pts',(43.391541659832,0.,23.1159608364105));
#8037=CARTESIAN_POINT('',(44.6930424571037,2.,22.7503399848938));
#8038=CARTESIAN_POINT('',(44.6930424571037,0.,22.7503399848938));
#8039=CARTESIAN_POINT('Ctrl Pts',(44.6930424571037,2.,22.7503399848938));
#8040=CARTESIAN_POINT('Ctrl Pts',(44.5204453414774,2.,22.8565285901772));
#8041=CARTESIAN_POINT('Ctrl Pts',(44.1239973708959,2.,23.1004391382226));
#8042=CARTESIAN_POINT('Ctrl Pts',(43.6558672242027,2.,23.1103594306579));
#8043=CARTESIAN_POINT('Ctrl Pts',(43.391541659832,2.,23.1159608364105));
#8044=CARTESIAN_POINT('Ctrl Pts',(45.1050488352776,0.,21.8171881437302));
#8045=CARTESIAN_POINT('Ctrl Pts',(45.1050488352776,2.,21.8171881437302));
#8046=CARTESIAN_POINT('Ctrl Pts',(45.0884757235409,0.,21.997421850218));
#8047=CARTESIAN_POINT('Ctrl Pts',(45.0884757235409,2.,21.997421850218));
#8048=CARTESIAN_POINT('Ctrl Pts',(45.0556100893109,0.,22.3548378362734));
#8049=CARTESIAN_POINT('Ctrl Pts',(45.0556100893109,2.,22.3548378362734));
#8050=CARTESIAN_POINT('Ctrl Pts',(44.8132085027175,0.,22.6192584293172));
#8051=CARTESIAN_POINT('Ctrl Pts',(44.8132085027175,2.,22.6192584293172));
#8052=CARTESIAN_POINT('Ctrl Pts',(44.6930424571037,0.,22.7503399848938));
#8053=CARTESIAN_POINT('Ctrl Pts',(44.6930424571037,2.,22.7503399848938));
#8054=CARTESIAN_POINT('',(45.1050488352776,0.,21.8171881437302));
#8055=CARTESIAN_POINT('Ctrl Pts',(45.1050488352776,0.,21.8171881437302));
#8056=CARTESIAN_POINT('Ctrl Pts',(45.0884757235409,0.,21.997421850218));
#8057=CARTESIAN_POINT('Ctrl Pts',(45.0556100893109,0.,22.3548378362734));
#8058=CARTESIAN_POINT('Ctrl Pts',(44.8132085027175,0.,22.6192584293172));
#8059=CARTESIAN_POINT('Ctrl Pts',(44.6930424571037,0.,22.7503399848938));
#8060=CARTESIAN_POINT('',(45.1050488352776,2.,21.8171881437302));
#8061=CARTESIAN_POINT('',(45.1050488352776,0.,21.8171881437302));
#8062=CARTESIAN_POINT('Ctrl Pts',(45.1050488352776,2.,21.8171881437302));
#8063=CARTESIAN_POINT('Ctrl Pts',(45.0884757235409,2.,21.997421850218));
#8064=CARTESIAN_POINT('Ctrl Pts',(45.0556100893109,2.,22.3548378362734));
#8065=CARTESIAN_POINT('Ctrl Pts',(44.8132085027175,2.,22.6192584293172));
#8066=CARTESIAN_POINT('Ctrl Pts',(44.6930424571037,2.,22.7503399848938));
#8067=CARTESIAN_POINT('Ctrl Pts',(44.8922244906425,0.,21.0995887517929));
#8068=CARTESIAN_POINT('Ctrl Pts',(44.8922244906425,2.,21.0995887517929));
#8069=CARTESIAN_POINT('Ctrl Pts',(44.9542983197974,0.,21.2117887814243));
#8070=CARTESIAN_POINT('Ctrl Pts',(44.9542983197974,2.,21.2117887814243));
#8071=CARTESIAN_POINT('Ctrl Pts',(45.0779948319172,0.,21.4353733824405));
#8072=CARTESIAN_POINT('Ctrl Pts',(45.0779948319172,2.,21.4353733824405));
#8073=CARTESIAN_POINT('Ctrl Pts',(45.0960527878296,0.,21.6902263901162));
#8074=CARTESIAN_POINT('Ctrl Pts',(45.0960527878296,2.,21.6902263901162));
#8075=CARTESIAN_POINT('Ctrl Pts',(45.1050488352776,0.,21.8171881437302));
#8076=CARTESIAN_POINT('Ctrl Pts',(45.1050488352776,2.,21.8171881437302));
#8077=CARTESIAN_POINT('',(44.8922244906425,0.,21.0995887517929));
#8078=CARTESIAN_POINT('Ctrl Pts',(44.8922244906425,0.,21.0995887517929));
#8079=CARTESIAN_POINT('Ctrl Pts',(44.9542983197974,0.,21.2117887814243));
#8080=CARTESIAN_POINT('Ctrl Pts',(45.0779948319172,0.,21.4353733824405));
#8081=CARTESIAN_POINT('Ctrl Pts',(45.0960527878296,0.,21.6902263901162));
#8082=CARTESIAN_POINT('Ctrl Pts',(45.1050488352776,0.,21.8171881437302));
#8083=CARTESIAN_POINT('',(44.8922244906425,2.,21.0995887517929));
#8084=CARTESIAN_POINT('',(44.8922244906425,0.,21.0995887517929));
#8085=CARTESIAN_POINT('Ctrl Pts',(44.8922244906425,2.,21.0995887517929));
#8086=CARTESIAN_POINT('Ctrl Pts',(44.9542983197974,2.,21.2117887814243));
#8087=CARTESIAN_POINT('Ctrl Pts',(45.0779948319172,2.,21.4353733824405));
#8088=CARTESIAN_POINT('Ctrl Pts',(45.0960527878296,2.,21.6902263901162));
#8089=CARTESIAN_POINT('Ctrl Pts',(45.1050488352776,2.,21.8171881437302));
#8090=CARTESIAN_POINT('Ctrl Pts',(44.2701236605644,0.,20.6193708181381));
#8091=CARTESIAN_POINT('Ctrl Pts',(44.2701236605644,2.,20.6193708181381));
#8092=CARTESIAN_POINT('Ctrl Pts',(44.3972937307324,0.,20.6752709699313));
#8093=CARTESIAN_POINT('Ctrl Pts',(44.3972937307324,2.,20.6752709699313));
#8094=CARTESIAN_POINT('Ctrl Pts',(44.6446724850835,0.,20.7840112568586));
#8095=CARTESIAN_POINT('Ctrl Pts',(44.6446724850835,2.,20.7840112568586));
#8096=CARTESIAN_POINT('Ctrl Pts',(44.8112698721338,0.,20.9963883933282));
#8097=CARTESIAN_POINT('Ctrl Pts',(44.8112698721338,2.,20.9963883933282));
#8098=CARTESIAN_POINT('Ctrl Pts',(44.8922244906425,0.,21.0995887517929));
#8099=CARTESIAN_POINT('Ctrl Pts',(44.8922244906425,2.,21.0995887517929));
#8100=CARTESIAN_POINT('',(44.2701236605644,0.,20.6193708181381));
#8101=CARTESIAN_POINT('Ctrl Pts',(44.2701236605644,0.,20.6193708181381));
#8102=CARTESIAN_POINT('Ctrl Pts',(44.3972937307324,0.,20.6752709699313));
#8103=CARTESIAN_POINT('Ctrl Pts',(44.6446724850835,0.,20.7840112568586));
#8104=CARTESIAN_POINT('Ctrl Pts',(44.8112698721338,0.,20.9963883933282));
#8105=CARTESIAN_POINT('Ctrl Pts',(44.8922244906425,0.,21.0995887517929));
#8106=CARTESIAN_POINT('',(44.2701236605644,2.,20.6193708181381));
#8107=CARTESIAN_POINT('',(44.2701236605644,0.,20.6193708181381));
#8108=CARTESIAN_POINT('Ctrl Pts',(44.2701236605644,2.,20.6193708181381));
#8109=CARTESIAN_POINT('Ctrl Pts',(44.3972937307324,2.,20.6752709699313));
#8110=CARTESIAN_POINT('Ctrl Pts',(44.6446724850835,2.,20.7840112568586));
#8111=CARTESIAN_POINT('Ctrl Pts',(44.8112698721338,2.,20.9963883933282));
#8112=CARTESIAN_POINT('Ctrl Pts',(44.8922244906425,2.,21.0995887517929));
#8113=CARTESIAN_POINT('Ctrl Pts',(43.1350628733635,0.,20.4693030118942));
#8114=CARTESIAN_POINT('Ctrl Pts',(43.1350628733635,2.,20.4693030118942));
#8115=CARTESIAN_POINT('Ctrl Pts',(43.3520677818704,0.,20.471666583995));
#8116=CARTESIAN_POINT('Ctrl Pts',(43.3520677818704,2.,20.471666583995));
#8117=CARTESIAN_POINT('Ctrl Pts',(43.7369837462766,0.,20.4758590082165));
#8118=CARTESIAN_POINT('Ctrl Pts',(43.7369837462766,2.,20.4758590082165));
#8119=CARTESIAN_POINT('Ctrl Pts',(44.1081922016052,0.,20.5757817411703));
#8120=CARTESIAN_POINT('Ctrl Pts',(44.1081922016052,2.,20.5757817411703));
#8121=CARTESIAN_POINT('Ctrl Pts',(44.2701236605644,0.,20.6193708181381));
#8122=CARTESIAN_POINT('Ctrl Pts',(44.2701236605644,2.,20.6193708181381));
#8123=CARTESIAN_POINT('',(43.1350628733635,0.,20.4693030118942));
#8124=CARTESIAN_POINT('Ctrl Pts',(43.1350628733635,0.,20.4693030118942));
#8125=CARTESIAN_POINT('Ctrl Pts',(43.3520677818704,0.,20.471666583995));
#8126=CARTESIAN_POINT('Ctrl Pts',(43.7369837462766,0.,20.4758590082165));
#8127=CARTESIAN_POINT('Ctrl Pts',(44.1081922016052,0.,20.5757817411703));
#8128=CARTESIAN_POINT('Ctrl Pts',(44.2701236605644,0.,20.6193708181381));
#8129=CARTESIAN_POINT('',(43.1350628733635,2.,20.4693030118942));
#8130=CARTESIAN_POINT('',(43.1350628733635,0.,20.4693030118942));
#8131=CARTESIAN_POINT('Ctrl Pts',(43.1350628733635,2.,20.4693030118942));
#8132=CARTESIAN_POINT('Ctrl Pts',(43.3520677818704,2.,20.471666583995));
#8133=CARTESIAN_POINT('Ctrl Pts',(43.7369837462766,2.,20.4758590082165));
#8134=CARTESIAN_POINT('Ctrl Pts',(44.1081922016052,2.,20.5757817411703));
#8135=CARTESIAN_POINT('Ctrl Pts',(44.2701236605644,2.,20.6193708181381));
#8136=CARTESIAN_POINT('Origin',(40.8594815135002,0.,20.4693030118942));
#8137=CARTESIAN_POINT('',(40.8594815135002,0.,20.4693030118942));
#8138=CARTESIAN_POINT('',(20.4297407567501,0.,20.4693030118942));
#8139=CARTESIAN_POINT('',(40.8594815135002,2.,20.4693030118942));
#8140=CARTESIAN_POINT('',(40.8594815135002,0.,20.4693030118942));
#8141=CARTESIAN_POINT('',(40.8594815135002,2.,20.4693030118942));
#8142=CARTESIAN_POINT('Origin',(40.8594815135002,0.,23.1159608364105));
#8143=CARTESIAN_POINT('',(40.8594815135002,0.,11.5579804182053));
#8144=CARTESIAN_POINT('',(40.8594815135002,2.,23.1159608364105));
#8145=CARTESIAN_POINT('Origin',(40.8594815135002,0.,19.552522778511));
#8146=CARTESIAN_POINT('',(40.8594815135002,0.,19.552522778511));
#8147=CARTESIAN_POINT('',(40.8594815135002,0.,15.9999989271164));
#8148=CARTESIAN_POINT('',(40.8594815135002,0.,9.77626138925552));
#8149=CARTESIAN_POINT('',(40.8594815135002,2.,19.552522778511));
#8150=CARTESIAN_POINT('',(40.8594815135002,0.,19.552522778511));
#8151=CARTESIAN_POINT('',(40.8594815135002,2.,15.9999989271164));
#8152=CARTESIAN_POINT('',(40.8594815135002,2.,19.552522778511));
#8153=CARTESIAN_POINT('',(40.8594815135002,0.,15.9999989271164));
#8154=CARTESIAN_POINT('Origin',(42.0873133540154,0.,19.552522778511));
#8155=CARTESIAN_POINT('',(42.0873133540154,0.,19.552522778511));
#8156=CARTESIAN_POINT('',(21.0436566770077,0.,19.552522778511));
#8157=CARTESIAN_POINT('',(42.0873133540154,2.,19.552522778511));
#8158=CARTESIAN_POINT('',(42.0873133540154,0.,19.552522778511));
#8159=CARTESIAN_POINT('',(42.0873133540154,2.,19.552522778511));
#8160=CARTESIAN_POINT('Ctrl Pts',(42.6766721606255,0.,19.5143233537674));
#8161=CARTESIAN_POINT('Ctrl Pts',(42.6766721606255,2.,19.5143233537674));
#8162=CARTESIAN_POINT('Ctrl Pts',(42.5976551916517,0.,19.5253672172967));
#8163=CARTESIAN_POINT('Ctrl Pts',(42.5976551916517,2.,19.5253672172967));
#8164=CARTESIAN_POINT('Ctrl Pts',(42.4022770972431,0.,19.552674377256));
#8165=CARTESIAN_POINT('Ctrl Pts',(42.4022770972431,2.,19.552674377256));
#8166=CARTESIAN_POINT('Ctrl Pts',(42.204878078953,0.,19.5525793649123));
#8167=CARTESIAN_POINT('Ctrl Pts',(42.204878078953,2.,19.5525793649123));
#8168=CARTESIAN_POINT('Ctrl Pts',(42.0873133540154,0.,19.552522778511));
#8169=CARTESIAN_POINT('Ctrl Pts',(42.0873133540154,2.,19.552522778511));
#8170=CARTESIAN_POINT('',(42.6766721606255,0.,19.5143233537674));
#8171=CARTESIAN_POINT('Ctrl Pts',(42.6766721606255,0.,19.5143233537674));
#8172=CARTESIAN_POINT('Ctrl Pts',(42.5976551916517,0.,19.5253672172967));
#8173=CARTESIAN_POINT('Ctrl Pts',(42.4022770972431,0.,19.552674377256));
#8174=CARTESIAN_POINT('Ctrl Pts',(42.204878078953,0.,19.5525793649123));
#8175=CARTESIAN_POINT('Ctrl Pts',(42.0873133540154,0.,19.552522778511));
#8176=CARTESIAN_POINT('',(42.6766721606255,2.,19.5143233537674));
#8177=CARTESIAN_POINT('',(42.6766721606255,0.,19.5143233537674));
#8178=CARTESIAN_POINT('Ctrl Pts',(42.6766721606255,2.,19.5143233537674));
#8179=CARTESIAN_POINT('Ctrl Pts',(42.5976551916517,2.,19.5253672172967));
#8180=CARTESIAN_POINT('Ctrl Pts',(42.4022770972431,2.,19.552674377256));
#8181=CARTESIAN_POINT('Ctrl Pts',(42.204878078953,2.,19.5525793649123));
#8182=CARTESIAN_POINT('Ctrl Pts',(42.0873133540154,2.,19.552522778511));
#8183=CARTESIAN_POINT('Ctrl Pts',(43.159619987011,0.,19.3015002012253));
#8184=CARTESIAN_POINT('Ctrl Pts',(43.159619987011,2.,19.3015002012253));
#8185=CARTESIAN_POINT('Ctrl Pts',(43.0813703092061,0.,19.3482628916436));
#8186=CARTESIAN_POINT('Ctrl Pts',(43.0813703092061,2.,19.3482628916436));
#8187=CARTESIAN_POINT('Ctrl Pts',(42.9291554902239,0.,19.4392277959964));
#8188=CARTESIAN_POINT('Ctrl Pts',(42.9291554902239,2.,19.4392277959964));
#8189=CARTESIAN_POINT('Ctrl Pts',(42.7592390029996,0.,19.4897656806278));
#8190=CARTESIAN_POINT('Ctrl Pts',(42.7592390029996,2.,19.4897656806278));
#8191=CARTESIAN_POINT('Ctrl Pts',(42.6766721606255,0.,19.5143233537674));
#8192=CARTESIAN_POINT('Ctrl Pts',(42.6766721606255,2.,19.5143233537674));
#8193=CARTESIAN_POINT('',(43.159619987011,0.,19.3015002012253));
#8194=CARTESIAN_POINT('Ctrl Pts',(43.159619987011,0.,19.3015002012253));
#8195=CARTESIAN_POINT('Ctrl Pts',(43.0813703092061,0.,19.3482628916436));
#8196=CARTESIAN_POINT('Ctrl Pts',(42.9291554902239,0.,19.4392277959964));
#8197=CARTESIAN_POINT('Ctrl Pts',(42.7592390029996,0.,19.4897656806278));
#8198=CARTESIAN_POINT('Ctrl Pts',(42.6766721606255,0.,19.5143233537674));
#8199=CARTESIAN_POINT('',(43.159619987011,2.,19.3015002012253));
#8200=CARTESIAN_POINT('',(43.159619987011,0.,19.3015002012253));
#8201=CARTESIAN_POINT('Ctrl Pts',(43.159619987011,2.,19.3015002012253));
#8202=CARTESIAN_POINT('Ctrl Pts',(43.0813703092061,2.,19.3482628916436));
#8203=CARTESIAN_POINT('Ctrl Pts',(42.9291554902239,2.,19.4392277959964));
#8204=CARTESIAN_POINT('Ctrl Pts',(42.7592390029996,2.,19.4897656806278));
#8205=CARTESIAN_POINT('Ctrl Pts',(42.6766721606255,2.,19.5143233537674));
#8206=CARTESIAN_POINT('Ctrl Pts',(43.6971370577812,0.,18.7667106389999));
#8207=CARTESIAN_POINT('Ctrl Pts',(43.6971370577812,2.,18.7667106389999));
#8208=CARTESIAN_POINT('Ctrl Pts',(43.6068314056887,0.,18.8795735174313));
#8209=CARTESIAN_POINT('Ctrl Pts',(43.6068314056887,2.,18.8795735174313));
#8210=CARTESIAN_POINT('Ctrl Pts',(43.447716325011,0.,19.0784335620798));
#8211=CARTESIAN_POINT('Ctrl Pts',(43.447716325011,2.,19.0784335620798));
#8212=CARTESIAN_POINT('Ctrl Pts',(43.246595031772,0.,19.234157342725));
#8213=CARTESIAN_POINT('Ctrl Pts',(43.246595031772,2.,19.234157342725));
#8214=CARTESIAN_POINT('Ctrl Pts',(43.159619987011,0.,19.3015002012253));
#8215=CARTESIAN_POINT('Ctrl Pts',(43.159619987011,2.,19.3015002012253));
#8216=CARTESIAN_POINT('',(43.6971370577812,0.,18.7667106389999));
#8217=CARTESIAN_POINT('Ctrl Pts',(43.6971370577812,0.,18.7667106389999));
#8218=CARTESIAN_POINT('Ctrl Pts',(43.6068314056887,0.,18.8795735174313));
#8219=CARTESIAN_POINT('Ctrl Pts',(43.447716325011,0.,19.0784335620798));
#8220=CARTESIAN_POINT('Ctrl Pts',(43.246595031772,0.,19.234157342725));
#8221=CARTESIAN_POINT('Ctrl Pts',(43.159619987011,0.,19.3015002012253));
#8222=CARTESIAN_POINT('',(43.6971370577812,2.,18.7667106389999));
#8223=CARTESIAN_POINT('',(43.6971370577812,0.,18.7667106389999));
#8224=CARTESIAN_POINT('Ctrl Pts',(43.6971370577812,2.,18.7667106389999));
#8225=CARTESIAN_POINT('Ctrl Pts',(43.6068314056887,2.,18.8795735174313));
#8226=CARTESIAN_POINT('Ctrl Pts',(43.447716325011,2.,19.0784335620798));
#8227=CARTESIAN_POINT('Ctrl Pts',(43.246595031772,2.,19.234157342725));
#8228=CARTESIAN_POINT('Ctrl Pts',(43.159619987011,2.,19.3015002012253));
#8229=CARTESIAN_POINT('Ctrl Pts',(44.4611207842827,0.,17.664391875267));
#8230=CARTESIAN_POINT('Ctrl Pts',(44.4611207842827,2.,17.664391875267));
#8231=CARTESIAN_POINT('Ctrl Pts',(44.3227744105591,0.,17.8781385651402));
#8232=CARTESIAN_POINT('Ctrl Pts',(44.3227744105591,2.,17.8781385651402));
#8233=CARTESIAN_POINT('Ctrl Pts',(44.0797133836359,0.,18.2536705617057));
#8234=CARTESIAN_POINT('Ctrl Pts',(44.0797133836359,2.,18.2536705617057));
#8235=CARTESIAN_POINT('Ctrl Pts',(43.812330124962,0.,18.6122351628758));
#8236=CARTESIAN_POINT('Ctrl Pts',(43.812330124962,2.,18.6122351628758));
#8237=CARTESIAN_POINT('Ctrl Pts',(43.6971370577812,0.,18.7667106389999));
#8238=CARTESIAN_POINT('Ctrl Pts',(43.6971370577812,2.,18.7667106389999));
#8239=CARTESIAN_POINT('',(44.4611207842827,0.,17.664391875267));
#8240=CARTESIAN_POINT('Ctrl Pts',(44.4611207842827,0.,17.664391875267));
#8241=CARTESIAN_POINT('Ctrl Pts',(44.3227744105591,0.,17.8781385651402));
#8242=CARTESIAN_POINT('Ctrl Pts',(44.0797133836359,0.,18.2536705617057));
#8243=CARTESIAN_POINT('Ctrl Pts',(43.812330124962,0.,18.6122351628758));
#8244=CARTESIAN_POINT('Ctrl Pts',(43.6971370577812,0.,18.7667106389999));
#8245=CARTESIAN_POINT('',(44.4611207842827,2.,17.664391875267));
#8246=CARTESIAN_POINT('',(44.4611207842827,0.,17.664391875267));
#8247=CARTESIAN_POINT('Ctrl Pts',(44.4611207842827,2.,17.664391875267));
#8248=CARTESIAN_POINT('Ctrl Pts',(44.3227744105591,2.,17.8781385651402));
#8249=CARTESIAN_POINT('Ctrl Pts',(44.0797133836359,2.,18.2536705617057));
#8250=CARTESIAN_POINT('Ctrl Pts',(43.812330124962,2.,18.6122351628758));
#8251=CARTESIAN_POINT('Ctrl Pts',(43.6971370577812,2.,18.7667106389999));
#8252=CARTESIAN_POINT('Origin',(45.5197827219963,0.,15.9999989271164));
#8253=CARTESIAN_POINT('',(45.5197827219963,0.,15.9999989271164));
#8254=CARTESIAN_POINT('',(42.5867711347484,0.,20.6111818068961));
#8255=CARTESIAN_POINT('',(45.5197827219963,2.,15.9999989271164));
#8256=CARTESIAN_POINT('',(45.5197827219963,0.,15.9999989271164));
#8257=CARTESIAN_POINT('',(45.5197827219963,2.,15.9999989271164));
#8258=CARTESIAN_POINT('Origin',(46.8512956500053,0.,15.9999989271164));
#8259=CARTESIAN_POINT('',(46.8512956500053,0.,15.9999989271164));
#8260=CARTESIAN_POINT('',(23.4256478250027,0.,15.9999989271164));
#8261=CARTESIAN_POINT('',(46.8512956500053,2.,15.9999989271164));
#8262=CARTESIAN_POINT('',(46.8512956500053,0.,15.9999989271164));
#8263=CARTESIAN_POINT('',(46.8512956500053,2.,15.9999989271164));
#8264=CARTESIAN_POINT('Origin',(45.4597560763359,0.,18.1773518323898));
#8265=CARTESIAN_POINT('',(45.4597560763359,0.,18.1773518323898));
#8266=CARTESIAN_POINT('',(42.9922419208236,0.,22.0382906205988));
#8267=CARTESIAN_POINT('',(45.4597560763359,2.,18.1773518323898));
#8268=CARTESIAN_POINT('',(45.4597560763359,0.,18.1773518323898));
#8269=CARTESIAN_POINT('',(45.4597560763359,2.,18.1773518323898));
#8270=CARTESIAN_POINT('Ctrl Pts',(44.5811740756035,0.,19.241472363472));
#8271=CARTESIAN_POINT('Ctrl Pts',(44.5811740756035,2.,19.241472363472));
#8272=CARTESIAN_POINT('Ctrl Pts',(44.7367455062649,0.,19.0860480360931));
#8273=CARTESIAN_POINT('Ctrl Pts',(44.7367455062649,2.,19.0860480360931));
#8274=CARTESIAN_POINT('Ctrl Pts',(45.0635572052997,0.,18.7595453595663));
#8275=CARTESIAN_POINT('Ctrl Pts',(45.0635572052997,2.,18.7595453595663));
#8276=CARTESIAN_POINT('Ctrl Pts',(45.3235349479293,0.,18.3775216587591));
#8277=CARTESIAN_POINT('Ctrl Pts',(45.3235349479293,2.,18.3775216587591));
#8278=CARTESIAN_POINT('Ctrl Pts',(45.4597560763359,0.,18.1773518323898));
#8279=CARTESIAN_POINT('Ctrl Pts',(45.4597560763359,2.,18.1773518323898));
#8280=CARTESIAN_POINT('',(44.5811740756035,0.,19.241472363472));
#8281=CARTESIAN_POINT('Ctrl Pts',(44.5811740756035,0.,19.241472363472));
#8282=CARTESIAN_POINT('Ctrl Pts',(44.7367455062649,0.,19.0860480360931));
#8283=CARTESIAN_POINT('Ctrl Pts',(45.0635572052997,0.,18.7595453595663));
#8284=CARTESIAN_POINT('Ctrl Pts',(45.3235349479293,0.,18.3775216587591));
#8285=CARTESIAN_POINT('Ctrl Pts',(45.4597560763359,0.,18.1773518323898));
#8286=CARTESIAN_POINT('',(44.5811740756035,2.,19.241472363472));
#8287=CARTESIAN_POINT('',(44.5811740756035,0.,19.241472363472));
#8288=CARTESIAN_POINT('Ctrl Pts',(44.5811740756035,2.,19.241472363472));
#8289=CARTESIAN_POINT('Ctrl Pts',(44.7367455062649,2.,19.0860480360931));
#8290=CARTESIAN_POINT('Ctrl Pts',(45.0635572052997,2.,18.7595453595663));
#8291=CARTESIAN_POINT('Ctrl Pts',(45.3235349479293,2.,18.3775216587591));
#8292=CARTESIAN_POINT('Ctrl Pts',(45.4597560763359,2.,18.1773518323898));
#8293=CARTESIAN_POINT('Ctrl Pts',(43.9427034258842,0.,19.6398352384567));
#8294=CARTESIAN_POINT('Ctrl Pts',(43.9427034258842,2.,19.6398352384567));
#8295=CARTESIAN_POINT('Ctrl Pts',(44.0688198461172,0.,19.5775199007335));
#8296=CARTESIAN_POINT('Ctrl Pts',(44.0688198461172,2.,19.5775199007335));
#8297=CARTESIAN_POINT('Ctrl Pts',(44.2949980898171,0.,19.4657630524517));
#8298=CARTESIAN_POINT('Ctrl Pts',(44.2949980898171,2.,19.4657630524517));
#8299=CARTESIAN_POINT('Ctrl Pts',(44.4934003964876,0.,19.3102650642609));
#8300=CARTESIAN_POINT('Ctrl Pts',(44.4934003964876,2.,19.3102650642609));
#8301=CARTESIAN_POINT('Ctrl Pts',(44.5811740756035,0.,19.241472363472));
#8302=CARTESIAN_POINT('Ctrl Pts',(44.5811740756035,2.,19.241472363472));
#8303=CARTESIAN_POINT('',(43.9427034258842,0.,19.6398352384567));
#8304=CARTESIAN_POINT('Ctrl Pts',(43.9427034258842,0.,19.6398352384567));
#8305=CARTESIAN_POINT('Ctrl Pts',(44.0688198461172,0.,19.5775199007335));
#8306=CARTESIAN_POINT('Ctrl Pts',(44.2949980898171,0.,19.4657630524517));
#8307=CARTESIAN_POINT('Ctrl Pts',(44.4934003964876,0.,19.3102650642609));
#8308=CARTESIAN_POINT('Ctrl Pts',(44.5811740756035,0.,19.241472363472));
#8309=CARTESIAN_POINT('',(43.9427034258842,2.,19.6398352384567));
#8310=CARTESIAN_POINT('',(43.9427034258842,0.,19.6398352384567));
#8311=CARTESIAN_POINT('Ctrl Pts',(43.9427034258842,2.,19.6398352384567));
#8312=CARTESIAN_POINT('Ctrl Pts',(44.0688198461172,2.,19.5775199007335));
#8313=CARTESIAN_POINT('Ctrl Pts',(44.2949980898171,2.,19.4657630524517));
#8314=CARTESIAN_POINT('Ctrl Pts',(44.4934003964876,2.,19.3102650642609));
#8315=CARTESIAN_POINT('Ctrl Pts',(44.5811740756035,2.,19.241472363472));
#8316=CARTESIAN_POINT('Ctrl Pts',(45.6452934145927,0.,20.3819905519485));
#8317=CARTESIAN_POINT('Ctrl Pts',(45.6452934145927,2.,20.3819905519485));
#8318=CARTESIAN_POINT('Ctrl Pts',(45.4204790326434,0.,20.2032626798378));
#8319=CARTESIAN_POINT('Ctrl Pts',(45.4204790326434,2.,20.2032626798378));
#8320=CARTESIAN_POINT('Ctrl Pts',(44.9211926211664,0.,19.8063290089428));
#8321=CARTESIAN_POINT('Ctrl Pts',(44.9211926211664,2.,19.8063290089428));
#8322=CARTESIAN_POINT('Ctrl Pts',(44.2897987221259,0.,19.6988948630984));
#8323=CARTESIAN_POINT('Ctrl Pts',(44.2897987221259,2.,19.6988948630984));
#8324=CARTESIAN_POINT('Ctrl Pts',(43.9427034258842,0.,19.6398352384567));
#8325=CARTESIAN_POINT('Ctrl Pts',(43.9427034258842,2.,19.6398352384567));
#8326=CARTESIAN_POINT('',(45.6452934145927,0.,20.3819905519485));
#8327=CARTESIAN_POINT('Ctrl Pts',(45.6452934145927,0.,20.3819905519485));
#8328=CARTESIAN_POINT('Ctrl Pts',(45.4204790326434,0.,20.2032626798378));
#8329=CARTESIAN_POINT('Ctrl Pts',(44.9211926211664,0.,19.8063290089428));
#8330=CARTESIAN_POINT('Ctrl Pts',(44.2897987221259,0.,19.6988948630984));
#8331=CARTESIAN_POINT('Ctrl Pts',(43.9427034258842,0.,19.6398352384567));
#8332=CARTESIAN_POINT('',(45.6452934145927,2.,20.3819905519485));
#8333=CARTESIAN_POINT('',(45.6452934145927,0.,20.3819905519485));
#8334=CARTESIAN_POINT('Ctrl Pts',(45.6452934145927,2.,20.3819905519485));
#8335=CARTESIAN_POINT('Ctrl Pts',(45.4204790326434,2.,20.2032626798378));
#8336=CARTESIAN_POINT('Ctrl Pts',(44.9211926211664,2.,19.8063290089428));
#8337=CARTESIAN_POINT('Ctrl Pts',(44.2897987221259,2.,19.6988948630984));
#8338=CARTESIAN_POINT('Ctrl Pts',(43.9427034258842,2.,19.6398352384567));
#8339=CARTESIAN_POINT('Ctrl Pts',(46.196455180645,0.,21.8171881437302));
#8340=CARTESIAN_POINT('Ctrl Pts',(46.196455180645,2.,21.8171881437302));
#8341=CARTESIAN_POINT('Ctrl Pts',(46.1750220073356,0.,21.5462069941644));
#8342=CARTESIAN_POINT('Ctrl Pts',(46.1750220073356,2.,21.5462069941644));
#8343=CARTESIAN_POINT('Ctrl Pts',(46.132842299642,0.,21.01292592028));
#8344=CARTESIAN_POINT('Ctrl Pts',(46.132842299642,2.,21.01292592028));
#8345=CARTESIAN_POINT('Ctrl Pts',(45.8060363633797,0.,20.5900074600158));
#8346=CARTESIAN_POINT('Ctrl Pts',(45.8060363633797,2.,20.5900074600158));
#8347=CARTESIAN_POINT('Ctrl Pts',(45.6452934145927,0.,20.3819905519485));
#8348=CARTESIAN_POINT('Ctrl Pts',(45.6452934145927,2.,20.3819905519485));
#8349=CARTESIAN_POINT('',(46.196455180645,0.,21.8171881437302));
#8350=CARTESIAN_POINT('Ctrl Pts',(46.196455180645,0.,21.8171881437302));
#8351=CARTESIAN_POINT('Ctrl Pts',(46.1750220073356,0.,21.5462069941644));
#8352=CARTESIAN_POINT('Ctrl Pts',(46.132842299642,0.,21.01292592028));
#8353=CARTESIAN_POINT('Ctrl Pts',(45.8060363633797,0.,20.5900074600158));
#8354=CARTESIAN_POINT('Ctrl Pts',(45.6452934145927,0.,20.3819905519485));
#8355=CARTESIAN_POINT('',(46.196455180645,2.,21.8171881437302));
#8356=CARTESIAN_POINT('',(46.196455180645,0.,21.8171881437302));
#8357=CARTESIAN_POINT('Ctrl Pts',(46.196455180645,2.,21.8171881437302));
#8358=CARTESIAN_POINT('Ctrl Pts',(46.1750220073356,2.,21.5462069941644));
#8359=CARTESIAN_POINT('Ctrl Pts',(46.132842299642,2.,21.01292592028));
#8360=CARTESIAN_POINT('Ctrl Pts',(45.8060363633797,2.,20.5900074600158));
#8361=CARTESIAN_POINT('Ctrl Pts',(45.6452934145927,2.,20.3819905519485));
#8362=CARTESIAN_POINT('Ctrl Pts',(45.8635751605034,0.,23.0231909751892));
#8363=CARTESIAN_POINT('Ctrl Pts',(45.8635751605034,2.,23.0231909751892));
#8364=CARTESIAN_POINT('Ctrl Pts',(45.9606643265682,0.,22.8355861883074));
#8365=CARTESIAN_POINT('Ctrl Pts',(45.9606643265682,2.,22.8355861883074));
#8366=CARTESIAN_POINT('Ctrl Pts',(46.1565232930546,0.,22.457129135313));
#8367=CARTESIAN_POINT('Ctrl Pts',(46.1565232930546,2.,22.457129135313));
#8368=CARTESIAN_POINT('Ctrl Pts',(46.1830686243723,0.,22.0317186007645));
#8369=CARTESIAN_POINT('Ctrl Pts',(46.1830686243723,2.,22.0317186007645));
#8370=CARTESIAN_POINT('Ctrl Pts',(46.196455180645,0.,21.8171881437302));
#8371=CARTESIAN_POINT('Ctrl Pts',(46.196455180645,2.,21.8171881437302));
#8372=CARTESIAN_POINT('',(45.8635751605034,0.,23.0231909751892));
#8373=CARTESIAN_POINT('Ctrl Pts',(45.8635751605034,0.,23.0231909751892));
#8374=CARTESIAN_POINT('Ctrl Pts',(45.9606643265682,0.,22.8355861883074));
#8375=CARTESIAN_POINT('Ctrl Pts',(46.1565232930546,0.,22.457129135313));
#8376=CARTESIAN_POINT('Ctrl Pts',(46.1830686243723,0.,22.0317186007645));
#8377=CARTESIAN_POINT('Ctrl Pts',(46.196455180645,0.,21.8171881437302));
#8378=CARTESIAN_POINT('',(45.8635751605034,2.,23.0231909751892));
#8379=CARTESIAN_POINT('',(45.8635751605034,0.,23.0231909751892));
#8380=CARTESIAN_POINT('Ctrl Pts',(45.8635751605034,2.,23.0231909751892));
#8381=CARTESIAN_POINT('Ctrl Pts',(45.9606643265682,2.,22.8355861883074));
#8382=CARTESIAN_POINT('Ctrl Pts',(46.1565232930546,2.,22.457129135313));
#8383=CARTESIAN_POINT('Ctrl Pts',(46.1830686243723,2.,22.0317186007645));
#8384=CARTESIAN_POINT('Ctrl Pts',(46.196455180645,2.,21.8171881437302));
#8385=CARTESIAN_POINT('Ctrl Pts',(44.9740807414055,0.,23.7844460010529));
#8386=CARTESIAN_POINT('Ctrl Pts',(44.9740807414055,2.,23.7844460010529));
#8387=CARTESIAN_POINT('Ctrl Pts',(45.1512823669045,0.,23.6972037973283));
#8388=CARTESIAN_POINT('Ctrl Pts',(45.1512823669045,2.,23.6972037973283));
#8389=CARTESIAN_POINT('Ctrl Pts',(45.5123847412441,0.,23.5194211905444));
#8390=CARTESIAN_POINT('Ctrl Pts',(45.5123847412441,2.,23.5194211905444));
#8391=CARTESIAN_POINT('Ctrl Pts',(45.7450727550299,0.,23.1906342508692));
#8392=CARTESIAN_POINT('Ctrl Pts',(45.7450727550299,2.,23.1906342508692));
#8393=CARTESIAN_POINT('Ctrl Pts',(45.8635751605034,0.,23.0231909751892));
#8394=CARTESIAN_POINT('Ctrl Pts',(45.8635751605034,2.,23.0231909751892));
#8395=CARTESIAN_POINT('',(44.9740807414055,0.,23.7844460010529));
#8396=CARTESIAN_POINT('Ctrl Pts',(44.9740807414055,0.,23.7844460010529));
#8397=CARTESIAN_POINT('Ctrl Pts',(45.1512823669045,0.,23.6972037973283));
#8398=CARTESIAN_POINT('Ctrl Pts',(45.5123847412441,0.,23.5194211905444));
#8399=CARTESIAN_POINT('Ctrl Pts',(45.7450727550299,0.,23.1906342508692));
#8400=CARTESIAN_POINT('Ctrl Pts',(45.8635751605034,0.,23.0231909751892));
#8401=CARTESIAN_POINT('',(44.9740807414055,2.,23.7844460010529));
#8402=CARTESIAN_POINT('',(44.9740807414055,0.,23.7844460010529));
#8403=CARTESIAN_POINT('Ctrl Pts',(44.9740807414055,2.,23.7844460010529));
#8404=CARTESIAN_POINT('Ctrl Pts',(45.1512823669045,2.,23.6972037973283));
#8405=CARTESIAN_POINT('Ctrl Pts',(45.5123847412441,2.,23.5194211905444));
#8406=CARTESIAN_POINT('Ctrl Pts',(45.7450727550299,2.,23.1906342508692));
#8407=CARTESIAN_POINT('Ctrl Pts',(45.8635751605034,2.,23.0231909751892));
#8408=CARTESIAN_POINT('Ctrl Pts',(43.3478872179985,0.,23.9999990463257));
#8409=CARTESIAN_POINT('Ctrl Pts',(43.3478872179985,2.,23.9999990463257));
#8410=CARTESIAN_POINT('Ctrl Pts',(43.6639258812474,0.,23.9975673157922));
#8411=CARTESIAN_POINT('Ctrl Pts',(43.6639258812474,2.,23.9975673157922));
#8412=CARTESIAN_POINT('Ctrl Pts',(44.2158276886039,0.,23.9933207579103));
#8413=CARTESIAN_POINT('Ctrl Pts',(44.2158276886039,2.,23.9933207579103));
#8414=CARTESIAN_POINT('Ctrl Pts',(44.747053696434,0.,23.8469847783691));
#8415=CARTESIAN_POINT('Ctrl Pts',(44.747053696434,2.,23.8469847783691));
#8416=CARTESIAN_POINT('Ctrl Pts',(44.9740807414055,0.,23.7844460010529));
#8417=CARTESIAN_POINT('Ctrl Pts',(44.9740807414055,2.,23.7844460010529));
#8418=CARTESIAN_POINT('',(43.3478872179985,0.,23.9999990463257));
#8419=CARTESIAN_POINT('Ctrl Pts',(43.3478872179985,0.,23.9999990463257));
#8420=CARTESIAN_POINT('Ctrl Pts',(43.6639258812474,0.,23.9975673157922));
#8421=CARTESIAN_POINT('Ctrl Pts',(44.2158276886039,0.,23.9933207579103));
#8422=CARTESIAN_POINT('Ctrl Pts',(44.747053696434,0.,23.8469847783691));
#8423=CARTESIAN_POINT('Ctrl Pts',(44.9740807414055,0.,23.7844460010529));
#8424=CARTESIAN_POINT('',(43.3478872179985,2.,23.9999990463257));
#8425=CARTESIAN_POINT('',(43.3478872179985,0.,23.9999990463257));
#8426=CARTESIAN_POINT('Ctrl Pts',(43.3478872179985,2.,23.9999990463257));
#8427=CARTESIAN_POINT('Ctrl Pts',(43.6639258812474,2.,23.9975673157922));
#8428=CARTESIAN_POINT('Ctrl Pts',(44.2158276886039,2.,23.9933207579103));
#8429=CARTESIAN_POINT('Ctrl Pts',(44.747053696434,2.,23.8469847783691));
#8430=CARTESIAN_POINT('Ctrl Pts',(44.9740807414055,2.,23.7844460010529));
#8431=CARTESIAN_POINT('Origin',(39.8008195757866,0.,23.9999990463257));
#8432=CARTESIAN_POINT('',(39.8008195757866,0.,23.9999990463257));
#8433=CARTESIAN_POINT('',(19.9004097878933,0.,23.9999990463257));
#8434=CARTESIAN_POINT('',(39.8008195757866,2.,23.9999990463257));
#8435=CARTESIAN_POINT('',(39.8008195757866,0.,23.9999990463257));
#8436=CARTESIAN_POINT('',(39.8008195757866,2.,23.9999990463257));
#8437=CARTESIAN_POINT('Origin',(39.8008195757866,0.,15.9999989271164));
#8438=CARTESIAN_POINT('',(39.8008195757866,0.,15.9999989271164));
#8439=CARTESIAN_POINT('',(39.8008195757866,0.,7.9999994635582));
#8440=CARTESIAN_POINT('',(39.8008195757866,2.,15.9999989271164));
#8441=CARTESIAN_POINT('',(39.8008195757866,0.,15.9999989271164));
#8442=CARTESIAN_POINT('',(39.8008195757866,2.,15.9999989271164));
#8443=CARTESIAN_POINT('Origin',(40.8594815135002,0.,15.9999989271164));
#8444=CARTESIAN_POINT('',(20.4297407567501,0.,15.9999989271164));
#8445=CARTESIAN_POINT('',(40.8594815135002,2.,15.9999989271164));
#8446=CARTESIAN_POINT('Origin',(50.0000004172325,2.,18.8894941210747));
#8447=CARTESIAN_POINT('Origin',(82.8840391039848,0.,19.0341054201126));
#8448=CARTESIAN_POINT('',(82.8840391039848,0.,19.0341054201126));
#8449=CARTESIAN_POINT('',(82.8840391039848,0.,15.9999989271164));
#8450=CARTESIAN_POINT('',(82.8840391039848,0.,9.5170527100563));
#8451=CARTESIAN_POINT('',(82.8840391039848,2.,19.0341054201126));
#8452=CARTESIAN_POINT('',(82.8840391039848,0.,19.0341054201126));
#8453=CARTESIAN_POINT('',(82.8840391039848,2.,15.9999989271164));
#8454=CARTESIAN_POINT('',(82.8840391039848,2.,19.0341054201126));
#8455=CARTESIAN_POINT('',(82.8840391039848,0.,15.9999989271164));
#8456=CARTESIAN_POINT('Ctrl Pts',(83.0477468371391,0.,20.1800810098648));
#8457=CARTESIAN_POINT('Ctrl Pts',(83.0477468371391,2.,20.1800810098648));
#8458=CARTESIAN_POINT('Ctrl Pts',(83.0000121314092,0.,19.9982597255716));
#8459=CARTESIAN_POINT('Ctrl Pts',(83.0000121314092,2.,19.9982597255716));
#8460=CARTESIAN_POINT('Ctrl Pts',(82.9014055251862,0.,19.622667595923));
#8461=CARTESIAN_POINT('Ctrl Pts',(82.9014055251862,2.,19.622667595923));
#8462=CARTESIAN_POINT('Ctrl Pts',(82.8899494042058,0.,19.2344103141044));
#8463=CARTESIAN_POINT('Ctrl Pts',(82.8899494042058,2.,19.2344103141044));
#8464=CARTESIAN_POINT('Ctrl Pts',(82.8840391039848,0.,19.0341054201126));
#8465=CARTESIAN_POINT('Ctrl Pts',(82.8840391039848,2.,19.0341054201126));
#8466=CARTESIAN_POINT('',(83.0477468371391,0.,20.1800810098648));
#8467=CARTESIAN_POINT('Ctrl Pts',(83.0477468371391,0.,20.1800810098648));
#8468=CARTESIAN_POINT('Ctrl Pts',(83.0000121314092,0.,19.9982597255716));
#8469=CARTESIAN_POINT('Ctrl Pts',(82.9014055251862,0.,19.622667595923));
#8470=CARTESIAN_POINT('Ctrl Pts',(82.8899494042058,0.,19.2344103141044));
#8471=CARTESIAN_POINT('Ctrl Pts',(82.8840391039848,0.,19.0341054201126));
#8472=CARTESIAN_POINT('',(83.0477468371391,2.,20.1800810098648));
#8473=CARTESIAN_POINT('',(83.0477468371391,0.,20.1800810098648));
#8474=CARTESIAN_POINT('Ctrl Pts',(83.0477468371391,2.,20.1800810098648));
#8475=CARTESIAN_POINT('Ctrl Pts',(83.0000121314092,2.,19.9982597255716));
#8476=CARTESIAN_POINT('Ctrl Pts',(82.9014055251862,2.,19.622667595923));
#8477=CARTESIAN_POINT('Ctrl Pts',(82.8899494042058,2.,19.2344103141044));
#8478=CARTESIAN_POINT('Ctrl Pts',(82.8840391039848,2.,19.0341054201126));
#8479=CARTESIAN_POINT('Ctrl Pts',(83.4133712649345,0.,20.7175980806351));
#8480=CARTESIAN_POINT('Ctrl Pts',(83.4133712649345,2.,20.7175980806351));
#8481=CARTESIAN_POINT('Ctrl Pts',(83.3334997974902,0.,20.6450933976552));
#8482=CARTESIAN_POINT('Ctrl Pts',(83.3334997974902,2.,20.6450933976552));
#8483=CARTESIAN_POINT('Ctrl Pts',(83.1686591126294,0.,20.4954564624589));
#8484=CARTESIAN_POINT('Ctrl Pts',(83.1686591126294,2.,20.4954564624589));
#8485=CARTESIAN_POINT('Ctrl Pts',(83.088873395097,0.,20.2873513988886));
#8486=CARTESIAN_POINT('Ctrl Pts',(83.088873395097,2.,20.2873513988886));
#8487=CARTESIAN_POINT('Ctrl Pts',(83.0477468371391,0.,20.1800810098648));
#8488=CARTESIAN_POINT('Ctrl Pts',(83.0477468371391,2.,20.1800810098648));
#8489=CARTESIAN_POINT('',(83.4133712649345,0.,20.7175980806351));
#8490=CARTESIAN_POINT('Ctrl Pts',(83.4133712649345,0.,20.7175980806351));
#8491=CARTESIAN_POINT('Ctrl Pts',(83.3334997974902,0.,20.6450933976552));
#8492=CARTESIAN_POINT('Ctrl Pts',(83.1686591126294,0.,20.4954564624589));
#8493=CARTESIAN_POINT('Ctrl Pts',(83.088873395097,0.,20.2873513988886));
#8494=CARTESIAN_POINT('Ctrl Pts',(83.0477468371391,0.,20.1800810098648));
#8495=CARTESIAN_POINT('',(83.4133712649345,2.,20.7175980806351));
#8496=CARTESIAN_POINT('',(83.4133712649345,0.,20.7175980806351));
#8497=CARTESIAN_POINT('Ctrl Pts',(83.4133712649345,2.,20.7175980806351));
#8498=CARTESIAN_POINT('Ctrl Pts',(83.3334997974902,2.,20.6450933976552));
#8499=CARTESIAN_POINT('Ctrl Pts',(83.1686591126294,2.,20.4954564624589));
#8500=CARTESIAN_POINT('Ctrl Pts',(83.088873395097,2.,20.2873513988886));
#8501=CARTESIAN_POINT('Ctrl Pts',(83.0477468371391,2.,20.1800810098648));
#8502=CARTESIAN_POINT('Ctrl Pts',(83.9918128848076,0.,20.9113215208054));
#8503=CARTESIAN_POINT('Ctrl Pts',(83.9918128848076,2.,20.9113215208054));
#8504=CARTESIAN_POINT('Ctrl Pts',(83.8872404652565,0.,20.9032642309544));
#8505=CARTESIAN_POINT('Ctrl Pts',(83.8872404652565,2.,20.9032642309544));
#8506=CARTESIAN_POINT('Ctrl Pts',(83.6781905401157,0.,20.8871569643594));
#8507=CARTESIAN_POINT('Ctrl Pts',(83.6781905401157,2.,20.8871569643594));
#8508=CARTESIAN_POINT('Ctrl Pts',(83.5016176338042,0.,20.7741005983919));
#8509=CARTESIAN_POINT('Ctrl Pts',(83.5016176338042,2.,20.7741005983919));
#8510=CARTESIAN_POINT('Ctrl Pts',(83.4133712649345,0.,20.7175980806351));
#8511=CARTESIAN_POINT('Ctrl Pts',(83.4133712649345,2.,20.7175980806351));
#8512=CARTESIAN_POINT('',(83.9918128848076,0.,20.9113215208054));
#8513=CARTESIAN_POINT('Ctrl Pts',(83.9918128848076,0.,20.9113215208054));
#8514=CARTESIAN_POINT('Ctrl Pts',(83.8872404652565,0.,20.9032642309544));
#8515=CARTESIAN_POINT('Ctrl Pts',(83.6781905401157,0.,20.8871569643594));
#8516=CARTESIAN_POINT('Ctrl Pts',(83.5016176338042,0.,20.7741005983919));
#8517=CARTESIAN_POINT('Ctrl Pts',(83.4133712649345,0.,20.7175980806351));
#8518=CARTESIAN_POINT('',(83.9918128848076,2.,20.9113215208054));
#8519=CARTESIAN_POINT('',(83.9918128848076,0.,20.9113215208054));
#8520=CARTESIAN_POINT('Ctrl Pts',(83.9918128848076,2.,20.9113215208054));
#8521=CARTESIAN_POINT('Ctrl Pts',(83.8872404652565,2.,20.9032642309544));
#8522=CARTESIAN_POINT('Ctrl Pts',(83.6781905401157,2.,20.8871569643594));
#8523=CARTESIAN_POINT('Ctrl Pts',(83.5016176338042,2.,20.7741005983919));
#8524=CARTESIAN_POINT('Ctrl Pts',(83.4133712649345,2.,20.7175980806351));
#8525=CARTESIAN_POINT('Ctrl Pts',(84.7121421694756,0.,20.6984983682632));
#8526=CARTESIAN_POINT('Ctrl Pts',(84.7121421694756,2.,20.6984983682632));
#8527=CARTESIAN_POINT('Ctrl Pts',(84.5946473307543,0.,20.7605432599998));
#8528=CARTESIAN_POINT('Ctrl Pts',(84.5946473307543,2.,20.7605432599998));
#8529=CARTESIAN_POINT('Ctrl Pts',(84.3685682295306,0.,20.8799276815794));
#8530=CARTESIAN_POINT('Ctrl Pts',(84.3685682295306,2.,20.8799276815794));
#8531=CARTESIAN_POINT('Ctrl Pts',(84.1140542344287,0.,20.9011355331863));
#8532=CARTESIAN_POINT('Ctrl Pts',(84.1140542344287,2.,20.9011355331863));
#8533=CARTESIAN_POINT('Ctrl Pts',(83.9918128848076,0.,20.9113215208054));
#8534=CARTESIAN_POINT('Ctrl Pts',(83.9918128848076,2.,20.9113215208054));
#8535=CARTESIAN_POINT('',(84.7121421694756,0.,20.6984983682632));
#8536=CARTESIAN_POINT('Ctrl Pts',(84.7121421694756,0.,20.6984983682632));
#8537=CARTESIAN_POINT('Ctrl Pts',(84.5946473307543,0.,20.7605432599998));
#8538=CARTESIAN_POINT('Ctrl Pts',(84.3685682295306,0.,20.8799276815794));
#8539=CARTESIAN_POINT('Ctrl Pts',(84.1140542344287,0.,20.9011355331863));
#8540=CARTESIAN_POINT('Ctrl Pts',(83.9918128848076,0.,20.9113215208054));
#8541=CARTESIAN_POINT('',(84.7121421694756,2.,20.6984983682632));
#8542=CARTESIAN_POINT('',(84.7121421694756,0.,20.6984983682632));
#8543=CARTESIAN_POINT('Ctrl Pts',(84.7121421694756,2.,20.6984983682632));
#8544=CARTESIAN_POINT('Ctrl Pts',(84.5946473307543,2.,20.7605432599998));
#8545=CARTESIAN_POINT('Ctrl Pts',(84.3685682295306,2.,20.8799276815794));
#8546=CARTESIAN_POINT('Ctrl Pts',(84.1140542344287,2.,20.9011355331863));
#8547=CARTESIAN_POINT('Ctrl Pts',(83.9918128848076,2.,20.9113215208054));
#8548=CARTESIAN_POINT('Origin',(85.050477206707,0.,21.6098212003708));
#8549=CARTESIAN_POINT('',(85.050477206707,0.,21.6098212003708));
#8550=CARTESIAN_POINT('',(76.3736852989314,0.,-1.76156427512366));
#8551=CARTESIAN_POINT('',(85.050477206707,2.,21.6098212003708));
#8552=CARTESIAN_POINT('',(85.050477206707,0.,21.6098212003708));
#8553=CARTESIAN_POINT('',(85.050477206707,2.,21.6098212003708));
#8554=CARTESIAN_POINT('Ctrl Pts',(84.0409271121025,0.,21.9263290166855));
#8555=CARTESIAN_POINT('Ctrl Pts',(84.0409271121025,2.,21.9263290166855));
#8556=CARTESIAN_POINT('Ctrl Pts',(84.2110865757579,0.,21.910641318972));
#8557=CARTESIAN_POINT('Ctrl Pts',(84.2110865757579,2.,21.910641318972));
#8558=CARTESIAN_POINT('Ctrl Pts',(84.5697418323497,0.,21.8775754222661));
#8559=CARTESIAN_POINT('Ctrl Pts',(84.5697418323497,2.,21.8775754222661));
#8560=CARTESIAN_POINT('Ctrl Pts',(84.8848618877559,0.,21.7020636339944));
#8561=CARTESIAN_POINT('Ctrl Pts',(84.8848618877559,2.,21.7020636339944));
#8562=CARTESIAN_POINT('Ctrl Pts',(85.050477206707,0.,21.6098212003708));
#8563=CARTESIAN_POINT('Ctrl Pts',(85.050477206707,2.,21.6098212003708));
#8564=CARTESIAN_POINT('',(84.0409271121025,0.,21.9263290166855));
#8565=CARTESIAN_POINT('Ctrl Pts',(84.0409271121025,0.,21.9263290166855));
#8566=CARTESIAN_POINT('Ctrl Pts',(84.2110865757579,0.,21.910641318972));
#8567=CARTESIAN_POINT('Ctrl Pts',(84.5697418323497,0.,21.8775754222661));
#8568=CARTESIAN_POINT('Ctrl Pts',(84.8848618877559,0.,21.7020636339944));
#8569=CARTESIAN_POINT('Ctrl Pts',(85.050477206707,0.,21.6098212003708));
#8570=CARTESIAN_POINT('',(84.0409271121025,2.,21.9263290166855));
#8571=CARTESIAN_POINT('',(84.0409271121025,0.,21.9263290166855));
#8572=CARTESIAN_POINT('Ctrl Pts',(84.0409271121025,2.,21.9263290166855));
#8573=CARTESIAN_POINT('Ctrl Pts',(84.2110865757579,2.,21.910641318972));
#8574=CARTESIAN_POINT('Ctrl Pts',(84.5697418323497,2.,21.8775754222661));
#8575=CARTESIAN_POINT('Ctrl Pts',(84.8848618877559,2.,21.7020636339944));
#8576=CARTESIAN_POINT('Ctrl Pts',(85.050477206707,2.,21.6098212003708));
#8577=CARTESIAN_POINT('Ctrl Pts',(83.410638988018,0.,21.7298768758774));
#8578=CARTESIAN_POINT('Ctrl Pts',(83.410638988018,2.,21.7298768758774));
#8579=CARTESIAN_POINT('Ctrl Pts',(83.5083656791096,0.,21.7871752896167));
#8580=CARTESIAN_POINT('Ctrl Pts',(83.5083656791096,2.,21.7871752896167));
#8581=CARTESIAN_POINT('Ctrl Pts',(83.703276240071,0.,21.9014538540437));
#8582=CARTESIAN_POINT('Ctrl Pts',(83.703276240071,2.,21.9014538540437));
#8583=CARTESIAN_POINT('Ctrl Pts',(83.9285859821618,0.,21.9180527049383));
#8584=CARTESIAN_POINT('Ctrl Pts',(83.9285859821618,2.,21.9180527049383));
#8585=CARTESIAN_POINT('Ctrl Pts',(84.0409271121025,0.,21.9263290166855));
#8586=CARTESIAN_POINT('Ctrl Pts',(84.0409271121025,2.,21.9263290166855));
#8587=CARTESIAN_POINT('',(83.410638988018,0.,21.7298768758774));
#8588=CARTESIAN_POINT('Ctrl Pts',(83.410638988018,0.,21.7298768758774));
#8589=CARTESIAN_POINT('Ctrl Pts',(83.5083656791096,0.,21.7871752896167));
#8590=CARTESIAN_POINT('Ctrl Pts',(83.703276240071,0.,21.9014538540437));
#8591=CARTESIAN_POINT('Ctrl Pts',(83.9285859821618,0.,21.9180527049383));
#8592=CARTESIAN_POINT('Ctrl Pts',(84.0409271121025,0.,21.9263290166855));
#8593=CARTESIAN_POINT('',(83.410638988018,2.,21.7298768758774));
#8594=CARTESIAN_POINT('',(83.410638988018,0.,21.7298768758774));
#8595=CARTESIAN_POINT('Ctrl Pts',(83.410638988018,2.,21.7298768758774));
#8596=CARTESIAN_POINT('Ctrl Pts',(83.5083656791096,2.,21.7871752896167));
#8597=CARTESIAN_POINT('Ctrl Pts',(83.703276240071,2.,21.9014538540437));
#8598=CARTESIAN_POINT('Ctrl Pts',(83.9285859821618,2.,21.9180527049383));
#8599=CARTESIAN_POINT('Ctrl Pts',(84.0409271121025,2.,21.9263290166855));
#8600=CARTESIAN_POINT('Ctrl Pts',(82.785810649395,0.,20.916778922081));
#8601=CARTESIAN_POINT('Ctrl Pts',(82.785810649395,2.,20.916778922081));
#8602=CARTESIAN_POINT('Ctrl Pts',(82.8842857237079,0.,21.0952891274735));
#8603=CARTESIAN_POINT('Ctrl Pts',(82.8842857237079,2.,21.0952891274735));
#8604=CARTESIAN_POINT('Ctrl Pts',(83.0517798204151,0.,21.3989132253873));
#8605=CARTESIAN_POINT('Ctrl Pts',(83.0517798204151,2.,21.3989132253873));
#8606=CARTESIAN_POINT('Ctrl Pts',(83.305917063842,0.,21.6332953936676));
#8607=CARTESIAN_POINT('Ctrl Pts',(83.305917063842,2.,21.6332953936676));
#8608=CARTESIAN_POINT('Ctrl Pts',(83.410638988018,0.,21.7298768758774));
#8609=CARTESIAN_POINT('Ctrl Pts',(83.410638988018,2.,21.7298768758774));
#8610=CARTESIAN_POINT('',(82.785810649395,0.,20.916778922081));
#8611=CARTESIAN_POINT('Ctrl Pts',(82.785810649395,0.,20.916778922081));
#8612=CARTESIAN_POINT('Ctrl Pts',(82.8842857237079,0.,21.0952891274735));
#8613=CARTESIAN_POINT('Ctrl Pts',(83.0517798204151,0.,21.3989132253873));
#8614=CARTESIAN_POINT('Ctrl Pts',(83.305917063842,0.,21.6332953936676));
#8615=CARTESIAN_POINT('Ctrl Pts',(83.410638988018,0.,21.7298768758774));
#8616=CARTESIAN_POINT('',(82.785810649395,2.,20.916778922081));
#8617=CARTESIAN_POINT('',(82.785810649395,0.,20.916778922081));
#8618=CARTESIAN_POINT('Ctrl Pts',(82.785810649395,2.,20.916778922081));
#8619=CARTESIAN_POINT('Ctrl Pts',(82.8842857237079,2.,21.0952891274735));
#8620=CARTESIAN_POINT('Ctrl Pts',(83.0517798204151,2.,21.3989132253873));
#8621=CARTESIAN_POINT('Ctrl Pts',(83.305917063842,2.,21.6332953936676));
#8622=CARTESIAN_POINT('Ctrl Pts',(83.410638988018,2.,21.7298768758774));
#8623=CARTESIAN_POINT('Origin',(82.785810649395,0.,21.7953609228134));
#8624=CARTESIAN_POINT('',(82.785810649395,0.,21.7953609228134));
#8625=CARTESIAN_POINT('',(82.785810649395,0.,10.8976804614067));
#8626=CARTESIAN_POINT('',(82.785810649395,2.,21.7953609228134));
#8627=CARTESIAN_POINT('',(82.785810649395,0.,21.7953609228134));
#8628=CARTESIAN_POINT('',(82.785810649395,2.,21.7953609228134));
#8629=CARTESIAN_POINT('Origin',(81.9017736315727,0.,21.7953609228134));
#8630=CARTESIAN_POINT('',(81.9017736315727,0.,21.7953609228134));
#8631=CARTESIAN_POINT('',(40.9508868157864,0.,21.7953609228134));
#8632=CARTESIAN_POINT('',(81.9017736315727,2.,21.7953609228134));
#8633=CARTESIAN_POINT('',(81.9017736315727,0.,21.7953609228134));
#8634=CARTESIAN_POINT('',(81.9017736315727,2.,21.7953609228134));
#8635=CARTESIAN_POINT('Origin',(81.9017736315727,0.,15.9999989271164));
#8636=CARTESIAN_POINT('',(81.9017736315727,0.,15.9999989271164));
#8637=CARTESIAN_POINT('',(81.9017736315727,0.,7.9999994635582));
#8638=CARTESIAN_POINT('',(81.9017736315727,2.,15.9999989271164));
#8639=CARTESIAN_POINT('',(81.9017736315727,0.,15.9999989271164));
#8640=CARTESIAN_POINT('',(81.9017736315727,2.,15.9999989271164));
#8641=CARTESIAN_POINT('Origin',(82.8840391039848,0.,15.9999989271164));
#8642=CARTESIAN_POINT('',(41.4420195519924,0.,15.9999989271164));
#8643=CARTESIAN_POINT('',(82.8840391039848,2.,15.9999989271164));
#8644=CARTESIAN_POINT('Origin',(50.0000004172325,2.,18.8894941210747));
#8645=CARTESIAN_POINT('Ctrl Pts',(62.5511638522148,0.,21.1186884641647));
#8646=CARTESIAN_POINT('Ctrl Pts',(62.5511638522148,2.,21.1186884641647));
#8647=CARTESIAN_POINT('Ctrl Pts',(62.3356015426336,0.,21.1008044150941));
#8648=CARTESIAN_POINT('Ctrl Pts',(62.3356015426336,2.,21.1008044150941));
#8649=CARTESIAN_POINT('Ctrl Pts',(61.9099428535491,0.,21.0654897958652));
#8650=CARTESIAN_POINT('Ctrl Pts',(61.9099428535491,2.,21.0654897958652));
#8651=CARTESIAN_POINT('Ctrl Pts',(61.57747330669,0.,20.7978552536135));
#8652=CARTESIAN_POINT('Ctrl Pts',(61.57747330669,2.,20.7978552536135));
#8653=CARTESIAN_POINT('Ctrl Pts',(61.4133731722832,0.,20.6657563447952));
#8654=CARTESIAN_POINT('Ctrl Pts',(61.4133731722832,2.,20.6657563447952));
#8655=CARTESIAN_POINT('',(62.5511638522148,0.,21.1186884641647));
#8656=CARTESIAN_POINT('',(61.4133731722832,0.,20.6657563447952));
#8657=CARTESIAN_POINT('Ctrl Pts',(62.5511638522148,0.,21.1186884641647));
#8658=CARTESIAN_POINT('Ctrl Pts',(62.3356015426336,0.,21.1008044150941));
#8659=CARTESIAN_POINT('Ctrl Pts',(61.9099428535491,0.,21.0654897958652));
#8660=CARTESIAN_POINT('Ctrl Pts',(61.57747330669,0.,20.7978552536135));
#8661=CARTESIAN_POINT('Ctrl Pts',(61.4133731722832,0.,20.6657563447952));
#8662=CARTESIAN_POINT('',(62.5511638522148,2.,21.1186884641647));
#8663=CARTESIAN_POINT('',(62.5511638522148,0.,21.1186884641647));
#8664=CARTESIAN_POINT('',(61.4133731722832,2.,20.6657563447952));
#8665=CARTESIAN_POINT('Ctrl Pts',(62.5511638522148,2.,21.1186884641647));
#8666=CARTESIAN_POINT('Ctrl Pts',(62.3356015426336,2.,21.1008044150941));
#8667=CARTESIAN_POINT('Ctrl Pts',(61.9099428535491,2.,21.0654897958652));
#8668=CARTESIAN_POINT('Ctrl Pts',(61.57747330669,2.,20.7978552536135));
#8669=CARTESIAN_POINT('Ctrl Pts',(61.4133731722832,2.,20.6657563447952));
#8670=CARTESIAN_POINT('',(61.4133731722832,0.,20.6657563447952));
#8671=CARTESIAN_POINT('Ctrl Pts',(63.7680808901787,0.,20.5511580705643));
#8672=CARTESIAN_POINT('Ctrl Pts',(63.7680808901787,2.,20.5511580705643));
#8673=CARTESIAN_POINT('Ctrl Pts',(63.5995104793024,0.,20.7166867263969));
#8674=CARTESIAN_POINT('Ctrl Pts',(63.5995104793024,2.,20.7166867263969));
#8675=CARTESIAN_POINT('Ctrl Pts',(63.2608944664725,0.,21.0491926101743));
#8676=CARTESIAN_POINT('Ctrl Pts',(63.2608944664725,2.,21.0491926101743));
#8677=CARTESIAN_POINT('Ctrl Pts',(62.7884268302316,0.,21.0954559968788));
#8678=CARTESIAN_POINT('Ctrl Pts',(62.7884268302316,2.,21.0954559968788));
#8679=CARTESIAN_POINT('Ctrl Pts',(62.5511638522148,0.,21.1186884641647));
#8680=CARTESIAN_POINT('Ctrl Pts',(62.5511638522148,2.,21.1186884641647));
#8681=CARTESIAN_POINT('',(63.7680808901787,0.,20.5511580705643));
#8682=CARTESIAN_POINT('Ctrl Pts',(63.7680808901787,0.,20.5511580705643));
#8683=CARTESIAN_POINT('Ctrl Pts',(63.5995104793024,0.,20.7166867263969));
#8684=CARTESIAN_POINT('Ctrl Pts',(63.2608944664725,0.,21.0491926101743));
#8685=CARTESIAN_POINT('Ctrl Pts',(62.7884268302316,0.,21.0954559968788));
#8686=CARTESIAN_POINT('Ctrl Pts',(62.5511638522148,0.,21.1186884641647));
#8687=CARTESIAN_POINT('',(63.7680808901787,2.,20.5511580705643));
#8688=CARTESIAN_POINT('',(63.7680808901787,0.,20.5511580705643));
#8689=CARTESIAN_POINT('Ctrl Pts',(63.7680808901787,2.,20.5511580705643));
#8690=CARTESIAN_POINT('Ctrl Pts',(63.5995104793024,2.,20.7166867263969));
#8691=CARTESIAN_POINT('Ctrl Pts',(63.2608944664725,2.,21.0491926101743));
#8692=CARTESIAN_POINT('Ctrl Pts',(62.7884268302316,2.,21.0954559968788));
#8693=CARTESIAN_POINT('Ctrl Pts',(62.5511638522148,2.,21.1186884641647));
#8694=CARTESIAN_POINT('Ctrl Pts',(64.1391555666924,0.,19.4542955160141));
#8695=CARTESIAN_POINT('Ctrl Pts',(64.1391555666924,2.,19.4542955160141));
#8696=CARTESIAN_POINT('Ctrl Pts',(64.1143145032505,0.,19.6736508189075));
#8697=CARTESIAN_POINT('Ctrl Pts',(64.1143145032505,2.,19.6736508189075));
#8698=CARTESIAN_POINT('Ctrl Pts',(64.0697073795713,0.,20.0675473664024));
#8699=CARTESIAN_POINT('Ctrl Pts',(64.0697073795713,2.,20.0675473664024));
#8700=CARTESIAN_POINT('Ctrl Pts',(63.8606965881414,0.,20.4026633445262));
#8701=CARTESIAN_POINT('Ctrl Pts',(63.8606965881414,2.,20.4026633445262));
#8702=CARTESIAN_POINT('Ctrl Pts',(63.7680808901787,0.,20.5511580705643));
#8703=CARTESIAN_POINT('Ctrl Pts',(63.7680808901787,2.,20.5511580705643));
#8704=CARTESIAN_POINT('',(64.1391555666924,0.,19.4542955160141));
#8705=CARTESIAN_POINT('Ctrl Pts',(64.1391555666924,0.,19.4542955160141));
#8706=CARTESIAN_POINT('Ctrl Pts',(64.1143145032505,0.,19.6736508189075));
#8707=CARTESIAN_POINT('Ctrl Pts',(64.0697073795713,0.,20.0675473664024));
#8708=CARTESIAN_POINT('Ctrl Pts',(63.8606965881414,0.,20.4026633445262));
#8709=CARTESIAN_POINT('Ctrl Pts',(63.7680808901787,0.,20.5511580705643));
#8710=CARTESIAN_POINT('',(64.1391555666924,2.,19.4542955160141));
#8711=CARTESIAN_POINT('',(64.1391555666924,0.,19.4542955160141));
#8712=CARTESIAN_POINT('Ctrl Pts',(64.1391555666924,2.,19.4542955160141));
#8713=CARTESIAN_POINT('Ctrl Pts',(64.1143145032505,2.,19.6736508189075));
#8714=CARTESIAN_POINT('Ctrl Pts',(64.0697073795713,2.,20.0675473664024));
#8715=CARTESIAN_POINT('Ctrl Pts',(63.8606965881414,2.,20.4026633445262));
#8716=CARTESIAN_POINT('Ctrl Pts',(63.7680808901787,2.,20.5511580705643));
#8717=CARTESIAN_POINT('Origin',(60.9031431078911,0.,19.4542955160141));
#8718=CARTESIAN_POINT('',(60.9031431078911,0.,19.4542955160141));
#8719=CARTESIAN_POINT('',(30.4515715539455,0.,19.4542955160141));
#8720=CARTESIAN_POINT('',(60.9031431078911,2.,19.4542955160141));
#8721=CARTESIAN_POINT('',(60.9031431078911,0.,19.4542955160141));
#8722=CARTESIAN_POINT('',(60.9031431078911,2.,19.4542955160141));
#8723=CARTESIAN_POINT('Ctrl Pts',(61.4133731722832,0.,20.6657563447952));
#8724=CARTESIAN_POINT('Ctrl Pts',(61.4133731722832,2.,20.6657563447952));
#8725=CARTESIAN_POINT('Ctrl Pts',(61.2765640170323,0.,20.4968311337927));
#8726=CARTESIAN_POINT('Ctrl Pts',(61.2765640170323,2.,20.4968311337927));
#8727=CARTESIAN_POINT('Ctrl Pts',(60.9901464915929,0.,20.1431768711746));
#8728=CARTESIAN_POINT('Ctrl Pts',(60.9901464915929,2.,20.1431768711746));
#8729=CARTESIAN_POINT('Ctrl Pts',(60.9329955422695,0.,19.6906631671839));
#8730=CARTESIAN_POINT('Ctrl Pts',(60.9329955422695,2.,19.6906631671839));
#8731=CARTESIAN_POINT('Ctrl Pts',(60.9031431078911,0.,19.4542955160141));
#8732=CARTESIAN_POINT('Ctrl Pts',(60.9031431078911,2.,19.4542955160141));
#8733=CARTESIAN_POINT('Ctrl Pts',(61.4133731722832,0.,20.6657563447952));
#8734=CARTESIAN_POINT('Ctrl Pts',(61.2765640170323,0.,20.4968311337927));
#8735=CARTESIAN_POINT('Ctrl Pts',(60.9901464915929,0.,20.1431768711746));
#8736=CARTESIAN_POINT('Ctrl Pts',(60.9329955422695,0.,19.6906631671839));
#8737=CARTESIAN_POINT('Ctrl Pts',(60.9031431078911,0.,19.4542955160141));
#8738=CARTESIAN_POINT('Ctrl Pts',(61.4133731722832,2.,20.6657563447952));
#8739=CARTESIAN_POINT('Ctrl Pts',(61.2765640170323,2.,20.4968311337927));
#8740=CARTESIAN_POINT('Ctrl Pts',(60.9901464915929,2.,20.1431768711746));
#8741=CARTESIAN_POINT('Ctrl Pts',(60.9329955422695,2.,19.6906631671839));
#8742=CARTESIAN_POINT('Ctrl Pts',(60.9031431078911,2.,19.4542955160141));
#8743=CARTESIAN_POINT('Ctrl Pts',(62.6002780795097,0.,16.6766701936722));
#8744=CARTESIAN_POINT('Ctrl Pts',(62.6002780795097,2.,16.6766701936722));
#8745=CARTESIAN_POINT('Ctrl Pts',(62.7714168917005,0.,16.6867903171721));
#8746=CARTESIAN_POINT('Ctrl Pts',(62.7714168917005,2.,16.6867903171721));
#8747=CARTESIAN_POINT('Ctrl Pts',(63.1023752846055,0.,16.706361212673));
#8748=CARTESIAN_POINT('Ctrl Pts',(63.1023752846055,2.,16.706361212673));
#8749=CARTESIAN_POINT('Ctrl Pts',(63.3856981195813,0.,16.8776977097241));
#8750=CARTESIAN_POINT('Ctrl Pts',(63.3856981195813,2.,16.8776977097241));
#8751=CARTESIAN_POINT('Ctrl Pts',(63.5225145220757,0.,16.9604359865189));
#8752=CARTESIAN_POINT('Ctrl Pts',(63.5225145220757,2.,16.9604359865189));
#8753=CARTESIAN_POINT('',(62.6002780795097,0.,16.6766701936722));
#8754=CARTESIAN_POINT('',(63.5225145220757,0.,16.9604359865189));
#8755=CARTESIAN_POINT('Ctrl Pts',(62.6002780795097,0.,16.6766701936722));
#8756=CARTESIAN_POINT('Ctrl Pts',(62.7714168917005,0.,16.6867903171721));
#8757=CARTESIAN_POINT('Ctrl Pts',(63.1023752846055,0.,16.706361212673));
#8758=CARTESIAN_POINT('Ctrl Pts',(63.3856981195813,0.,16.8776977097241));
#8759=CARTESIAN_POINT('Ctrl Pts',(63.5225145220757,0.,16.9604359865189));
#8760=CARTESIAN_POINT('',(62.6002780795097,2.,16.6766701936722));
#8761=CARTESIAN_POINT('',(62.6002780795097,0.,16.6766701936722));
#8762=CARTESIAN_POINT('',(63.5225145220757,2.,16.9604359865189));
#8763=CARTESIAN_POINT('Ctrl Pts',(62.6002780795097,2.,16.6766701936722));
#8764=CARTESIAN_POINT('Ctrl Pts',(62.7714168917005,2.,16.6867903171721));
#8765=CARTESIAN_POINT('Ctrl Pts',(63.1023752846055,2.,16.706361212673));
#8766=CARTESIAN_POINT('Ctrl Pts',(63.3856981195813,2.,16.8776977097241));
#8767=CARTESIAN_POINT('Ctrl Pts',(63.5225145220757,2.,16.9604359865189));
#8768=CARTESIAN_POINT('',(63.5225145220757,0.,16.9604359865189));
#8769=CARTESIAN_POINT('Ctrl Pts',(61.3888160586357,0.,17.1841739416122));
#8770=CARTESIAN_POINT('Ctrl Pts',(61.3888160586357,2.,17.1841739416122));
#8771=CARTESIAN_POINT('Ctrl Pts',(61.5618106841537,0.,17.0361554438471));
#8772=CARTESIAN_POINT('Ctrl Pts',(61.5618106841537,2.,17.0361554438471));
#8773=CARTESIAN_POINT('Ctrl Pts',(61.9110262750476,0.,16.7373579118111));
#8774=CARTESIAN_POINT('Ctrl Pts',(61.9110262750476,2.,16.7373579118111));
#8775=CARTESIAN_POINT('Ctrl Pts',(62.3691167396295,0.,16.6970236467186));
#8776=CARTESIAN_POINT('Ctrl Pts',(62.3691167396295,2.,16.6970236467186));
#8777=CARTESIAN_POINT('Ctrl Pts',(62.6002780795097,0.,16.6766701936722));
#8778=CARTESIAN_POINT('Ctrl Pts',(62.6002780795097,2.,16.6766701936722));
#8779=CARTESIAN_POINT('',(61.3888160586357,0.,17.1841739416122));
#8780=CARTESIAN_POINT('Ctrl Pts',(61.3888160586357,0.,17.1841739416122));
#8781=CARTESIAN_POINT('Ctrl Pts',(61.5618106841537,0.,17.0361554438471));
#8782=CARTESIAN_POINT('Ctrl Pts',(61.9110262750476,0.,16.7373579118111));
#8783=CARTESIAN_POINT('Ctrl Pts',(62.3691167396295,0.,16.6970236467186));
#8784=CARTESIAN_POINT('Ctrl Pts',(62.6002780795097,0.,16.6766701936722));
#8785=CARTESIAN_POINT('',(61.3888160586357,2.,17.1841739416122));
#8786=CARTESIAN_POINT('',(61.3888160586357,0.,17.1841739416122));
#8787=CARTESIAN_POINT('Ctrl Pts',(61.3888160586357,2.,17.1841739416122));
#8788=CARTESIAN_POINT('Ctrl Pts',(61.5618106841537,2.,17.0361554438471));
#8789=CARTESIAN_POINT('Ctrl Pts',(61.9110262750476,2.,16.7373579118111));
#8790=CARTESIAN_POINT('Ctrl Pts',(62.3691167396295,2.,16.6970236467186));
#8791=CARTESIAN_POINT('Ctrl Pts',(62.6002780795097,2.,16.6766701936722));
#8792=CARTESIAN_POINT('Ctrl Pts',(60.8485690951347,0.,18.6466561555862));
#8793=CARTESIAN_POINT('Ctrl Pts',(60.8485690951347,2.,18.6466561555862));
#8794=CARTESIAN_POINT('Ctrl Pts',(60.8769546140485,0.,18.3556676580683));
#8795=CARTESIAN_POINT('Ctrl Pts',(60.8769546140485,2.,18.3556676580683));
#8796=CARTESIAN_POINT('Ctrl Pts',(60.9293270962,0.,17.8187815810926));
#8797=CARTESIAN_POINT('Ctrl Pts',(60.9293270962,2.,17.8187815810926));
#8798=CARTESIAN_POINT('Ctrl Pts',(61.2444757639426,0.,17.3835246577023));
#8799=CARTESIAN_POINT('Ctrl Pts',(61.2444757639426,2.,17.3835246577023));
#8800=CARTESIAN_POINT('Ctrl Pts',(61.3888160586357,0.,17.1841739416122));
#8801=CARTESIAN_POINT('Ctrl Pts',(61.3888160586357,2.,17.1841739416122));
#8802=CARTESIAN_POINT('',(60.8485690951347,0.,18.6466561555862));
#8803=CARTESIAN_POINT('Ctrl Pts',(60.8485690951347,0.,18.6466561555862));
#8804=CARTESIAN_POINT('Ctrl Pts',(60.8769546140485,0.,18.3556676580683));
#8805=CARTESIAN_POINT('Ctrl Pts',(60.9293270962,0.,17.8187815810926));
#8806=CARTESIAN_POINT('Ctrl Pts',(61.2444757639426,0.,17.3835246577023));
#8807=CARTESIAN_POINT('Ctrl Pts',(61.3888160586357,0.,17.1841739416122));
#8808=CARTESIAN_POINT('',(60.8485690951347,2.,18.6466561555862));
#8809=CARTESIAN_POINT('',(60.8485690951347,0.,18.6466561555862));
#8810=CARTESIAN_POINT('Ctrl Pts',(60.8485690951347,2.,18.6466561555862));
#8811=CARTESIAN_POINT('Ctrl Pts',(60.8769546140485,2.,18.3556676580683));
#8812=CARTESIAN_POINT('Ctrl Pts',(60.9293270962,2.,17.8187815810926));
#8813=CARTESIAN_POINT('Ctrl Pts',(61.2444757639426,2.,17.3835246577023));
#8814=CARTESIAN_POINT('Ctrl Pts',(61.3888160586357,2.,17.1841739416122));
#8815=CARTESIAN_POINT('Origin',(65.1705352663994,0.,18.6466561555862));
#8816=CARTESIAN_POINT('',(65.1705352663994,0.,18.6466561555862));
#8817=CARTESIAN_POINT('',(32.5852676331997,0.,18.6466561555862));
#8818=CARTESIAN_POINT('',(65.1705352663994,2.,18.6466561555862));
#8819=CARTESIAN_POINT('',(65.1705352663994,0.,18.6466561555862));
#8820=CARTESIAN_POINT('',(65.1705352663994,2.,18.6466561555862));
#8821=CARTESIAN_POINT('Ctrl Pts',(65.1759902834892,0.,18.9085935354233));
#8822=CARTESIAN_POINT('Ctrl Pts',(65.1759902834892,2.,18.9085935354233));
#8823=CARTESIAN_POINT('Ctrl Pts',(65.1756438598832,0.,18.8722111207346));
#8824=CARTESIAN_POINT('Ctrl Pts',(65.1756438598832,2.,18.8722111207346));
#8825=CARTESIAN_POINT('Ctrl Pts',(65.1748123095445,0.,18.7848792855635));
#8826=CARTESIAN_POINT('Ctrl Pts',(65.1748123095445,2.,18.7848792855635));
#8827=CARTESIAN_POINT('Ctrl Pts',(65.1721111334147,0.,18.6975841597928));
#8828=CARTESIAN_POINT('Ctrl Pts',(65.1721111334147,2.,18.6975841597928));
#8829=CARTESIAN_POINT('Ctrl Pts',(65.1705352663994,0.,18.6466561555862));
#8830=CARTESIAN_POINT('Ctrl Pts',(65.1705352663994,2.,18.6466561555862));
#8831=CARTESIAN_POINT('',(65.1759902834892,0.,18.9085935354233));
#8832=CARTESIAN_POINT('Ctrl Pts',(65.1759902834892,0.,18.9085935354233));
#8833=CARTESIAN_POINT('Ctrl Pts',(65.1756438598832,0.,18.8722111207346));
#8834=CARTESIAN_POINT('Ctrl Pts',(65.1748123095445,0.,18.7848792855635));
#8835=CARTESIAN_POINT('Ctrl Pts',(65.1721111334147,0.,18.6975841597928));
#8836=CARTESIAN_POINT('Ctrl Pts',(65.1705352663994,0.,18.6466561555862));
#8837=CARTESIAN_POINT('',(65.1759902834892,2.,18.9085935354233));
#8838=CARTESIAN_POINT('',(65.1759902834892,0.,18.9085935354233));
#8839=CARTESIAN_POINT('Ctrl Pts',(65.1759902834892,2.,18.9085935354233));
#8840=CARTESIAN_POINT('Ctrl Pts',(65.1756438598832,2.,18.8722111207346));
#8841=CARTESIAN_POINT('Ctrl Pts',(65.1748123095445,2.,18.7848792855635));
#8842=CARTESIAN_POINT('Ctrl Pts',(65.1721111334147,2.,18.6975841597928));
#8843=CARTESIAN_POINT('Ctrl Pts',(65.1705352663994,2.,18.6466561555862));
#8844=CARTESIAN_POINT('Ctrl Pts',(64.4392959475517,0.,21.1350606679916));
#8845=CARTESIAN_POINT('Ctrl Pts',(64.4392959475517,2.,21.1350606679916));
#8846=CARTESIAN_POINT('Ctrl Pts',(64.6538178384048,0.,20.8281966182897));
#8847=CARTESIAN_POINT('Ctrl Pts',(64.6538178384048,2.,20.8281966182897));
#8848=CARTESIAN_POINT('Ctrl Pts',(65.1192059927385,0.,20.1624795059045));
#8849=CARTESIAN_POINT('Ctrl Pts',(65.1192059927385,2.,20.1624795059045));
#8850=CARTESIAN_POINT('Ctrl Pts',(65.1561017320322,0.,19.3477638643201));
#8851=CARTESIAN_POINT('Ctrl Pts',(65.1561017320322,2.,19.3477638643201));
#8852=CARTESIAN_POINT('Ctrl Pts',(65.1759902834892,0.,18.9085935354233));
#8853=CARTESIAN_POINT('Ctrl Pts',(65.1759902834892,2.,18.9085935354233));
#8854=CARTESIAN_POINT('',(64.4392959475517,0.,21.1350606679916));
#8855=CARTESIAN_POINT('Ctrl Pts',(64.4392959475517,0.,21.1350606679916));
#8856=CARTESIAN_POINT('Ctrl Pts',(64.6538178384048,0.,20.8281966182897));
#8857=CARTESIAN_POINT('Ctrl Pts',(65.1192059927385,0.,20.1624795059045));
#8858=CARTESIAN_POINT('Ctrl Pts',(65.1561017320322,0.,19.3477638643201));
#8859=CARTESIAN_POINT('Ctrl Pts',(65.1759902834892,0.,18.9085935354233));
#8860=CARTESIAN_POINT('',(64.4392959475517,2.,21.1350606679916));
#8861=CARTESIAN_POINT('',(64.4392959475517,0.,21.1350606679916));
#8862=CARTESIAN_POINT('Ctrl Pts',(64.4392959475517,2.,21.1350606679916));
#8863=CARTESIAN_POINT('Ctrl Pts',(64.6538178384048,2.,20.8281966182897));
#8864=CARTESIAN_POINT('Ctrl Pts',(65.1192059927385,2.,20.1624795059045));
#8865=CARTESIAN_POINT('Ctrl Pts',(65.1561017320322,2.,19.3477638643201));
#8866=CARTESIAN_POINT('Ctrl Pts',(65.1759902834892,2.,18.9085935354233));
#8867=CARTESIAN_POINT('Ctrl Pts',(62.5402490496635,0.,21.9263290166855));
#8868=CARTESIAN_POINT('Ctrl Pts',(62.5402490496635,2.,21.9263290166855));
#8869=CARTESIAN_POINT('Ctrl Pts',(62.9073183191247,0.,21.8961557937933));
#8870=CARTESIAN_POINT('Ctrl Pts',(62.9073183191247,2.,21.8961557937933));
#8871=CARTESIAN_POINT('Ctrl Pts',(63.6266695432449,0.,21.8370248704801));
#8872=CARTESIAN_POINT('Ctrl Pts',(63.6266695432449,2.,21.8370248704801));
#8873=CARTESIAN_POINT('Ctrl Pts',(64.1721582517565,0.,21.3658199672092));
#8874=CARTESIAN_POINT('Ctrl Pts',(64.1721582517565,2.,21.3658199672092));
#8875=CARTESIAN_POINT('Ctrl Pts',(64.4392959475517,0.,21.1350606679916));
#8876=CARTESIAN_POINT('Ctrl Pts',(64.4392959475517,2.,21.1350606679916));
#8877=CARTESIAN_POINT('',(62.5402490496635,0.,21.9263290166855));
#8878=CARTESIAN_POINT('Ctrl Pts',(62.5402490496635,0.,21.9263290166855));
#8879=CARTESIAN_POINT('Ctrl Pts',(62.9073183191247,0.,21.8961557937933));
#8880=CARTESIAN_POINT('Ctrl Pts',(63.6266695432449,0.,21.8370248704801));
#8881=CARTESIAN_POINT('Ctrl Pts',(64.1721582517565,0.,21.3658199672092));
#8882=CARTESIAN_POINT('Ctrl Pts',(64.4392959475517,0.,21.1350606679916));
#8883=CARTESIAN_POINT('',(62.5402490496635,2.,21.9263290166855));
#8884=CARTESIAN_POINT('',(62.5402490496635,0.,21.9263290166855));
#8885=CARTESIAN_POINT('Ctrl Pts',(62.5402490496635,2.,21.9263290166855));
#8886=CARTESIAN_POINT('Ctrl Pts',(62.9073183191247,2.,21.8961557937933));
#8887=CARTESIAN_POINT('Ctrl Pts',(63.6266695432449,2.,21.8370248704801));
#8888=CARTESIAN_POINT('Ctrl Pts',(64.1721582517565,2.,21.3658199672092));
#8889=CARTESIAN_POINT('Ctrl Pts',(64.4392959475517,2.,21.1350606679916));
#8890=CARTESIAN_POINT('Ctrl Pts',(60.5866329073906,0.,21.1186884641647));
#8891=CARTESIAN_POINT('Ctrl Pts',(60.5866329073906,2.,21.1186884641647));
#8892=CARTESIAN_POINT('Ctrl Pts',(60.8608464612323,0.,21.3542136231209));
#8893=CARTESIAN_POINT('Ctrl Pts',(60.8608464612323,2.,21.3542136231209));
#8894=CARTESIAN_POINT('Ctrl Pts',(61.4225931374516,0.,21.8367042708517));
#8895=CARTESIAN_POINT('Ctrl Pts',(61.4225931374516,2.,21.8367042708517));
#8896=CARTESIAN_POINT('Ctrl Pts',(62.1618542088666,0.,21.8959855620849));
#8897=CARTESIAN_POINT('Ctrl Pts',(62.1618542088666,2.,21.8959855620849));
#8898=CARTESIAN_POINT('Ctrl Pts',(62.5402490496635,0.,21.9263290166855));
#8899=CARTESIAN_POINT('Ctrl Pts',(62.5402490496635,2.,21.9263290166855));
#8900=CARTESIAN_POINT('',(60.5866329073906,0.,21.1186884641647));
#8901=CARTESIAN_POINT('Ctrl Pts',(60.5866329073906,0.,21.1186884641647));
#8902=CARTESIAN_POINT('Ctrl Pts',(60.8608464612323,0.,21.3542136231209));
#8903=CARTESIAN_POINT('Ctrl Pts',(61.4225931374516,0.,21.8367042708517));
#8904=CARTESIAN_POINT('Ctrl Pts',(62.1618542088666,0.,21.8959855620849));
#8905=CARTESIAN_POINT('Ctrl Pts',(62.5402490496635,0.,21.9263290166855));
#8906=CARTESIAN_POINT('',(60.5866329073906,2.,21.1186884641647));
#8907=CARTESIAN_POINT('',(60.5866329073906,0.,21.1186884641647));
#8908=CARTESIAN_POINT('Ctrl Pts',(60.5866329073906,2.,21.1186884641647));
#8909=CARTESIAN_POINT('Ctrl Pts',(60.8608464612323,2.,21.3542136231209));
#8910=CARTESIAN_POINT('Ctrl Pts',(61.4225931374516,2.,21.8367042708517));
#8911=CARTESIAN_POINT('Ctrl Pts',(62.1618542088666,2.,21.8959855620849));
#8912=CARTESIAN_POINT('Ctrl Pts',(62.5402490496635,2.,21.9263290166855));
#8913=CARTESIAN_POINT('Ctrl Pts',(59.8335639834404,0.,18.8485668897629));
#8914=CARTESIAN_POINT('Ctrl Pts',(59.8335639834404,2.,18.8485668897629));
#8915=CARTESIAN_POINT('Ctrl Pts',(59.8539918482216,0.,19.2962404508279));
#8916=CARTESIAN_POINT('Ctrl Pts',(59.8539918482216,2.,19.2962404508279));
#8917=CARTESIAN_POINT('Ctrl Pts',(59.8919099246363,0.,20.1272093493935));
#8918=CARTESIAN_POINT('Ctrl Pts',(59.8919099246363,2.,20.1272093493935));
#8919=CARTESIAN_POINT('Ctrl Pts',(60.3673362565999,0.,20.8057176044183));
#8920=CARTESIAN_POINT('Ctrl Pts',(60.3673362565999,2.,20.8057176044183));
#8921=CARTESIAN_POINT('Ctrl Pts',(60.5866329073906,0.,21.1186884641647));
#8922=CARTESIAN_POINT('Ctrl Pts',(60.5866329073906,2.,21.1186884641647));
#8923=CARTESIAN_POINT('',(59.8335639834404,0.,18.8485668897629));
#8924=CARTESIAN_POINT('Ctrl Pts',(59.8335639834404,0.,18.8485668897629));
#8925=CARTESIAN_POINT('Ctrl Pts',(59.8539918482216,0.,19.2962404508279));
#8926=CARTESIAN_POINT('Ctrl Pts',(59.8919099246363,0.,20.1272093493935));
#8927=CARTESIAN_POINT('Ctrl Pts',(60.3673362565999,0.,20.8057176044183));
#8928=CARTESIAN_POINT('Ctrl Pts',(60.5866329073906,0.,21.1186884641647));
#8929=CARTESIAN_POINT('',(59.8335639834404,2.,18.8485668897629));
#8930=CARTESIAN_POINT('',(59.8335639834404,0.,18.8485668897629));
#8931=CARTESIAN_POINT('Ctrl Pts',(59.8335639834404,2.,18.8485668897629));
#8932=CARTESIAN_POINT('Ctrl Pts',(59.8539918482216,2.,19.2962404508279));
#8933=CARTESIAN_POINT('Ctrl Pts',(59.8919099246363,2.,20.1272093493935));
#8934=CARTESIAN_POINT('Ctrl Pts',(60.3673362565999,2.,20.8057176044183));
#8935=CARTESIAN_POINT('Ctrl Pts',(60.5866329073906,2.,21.1186884641647));
#8936=CARTESIAN_POINT('Ctrl Pts',(60.5784503817558,0.,16.6521130800247));
#8937=CARTESIAN_POINT('Ctrl Pts',(60.5784503817558,2.,16.6521130800247));
#8938=CARTESIAN_POINT('Ctrl Pts',(60.3615115129717,0.,16.9547443921488));
#8939=CARTESIAN_POINT('Ctrl Pts',(60.3615115129717,2.,16.9547443921488));
#8940=CARTESIAN_POINT('Ctrl Pts',(59.892836760121,0.,17.6085491077797));
#8941=CARTESIAN_POINT('Ctrl Pts',(59.892836760121,2.,17.6085491077797));
#8942=CARTESIAN_POINT('Ctrl Pts',(59.8542758997755,0.,18.4152626649091));
#8943=CARTESIAN_POINT('Ctrl Pts',(59.8542758997755,2.,18.4152626649091));
#8944=CARTESIAN_POINT('Ctrl Pts',(59.8335639834404,0.,18.8485668897629));
#8945=CARTESIAN_POINT('Ctrl Pts',(59.8335639834404,2.,18.8485668897629));
#8946=CARTESIAN_POINT('',(60.5784503817558,0.,16.6521130800247));
#8947=CARTESIAN_POINT('Ctrl Pts',(60.5784503817558,0.,16.6521130800247));
#8948=CARTESIAN_POINT('Ctrl Pts',(60.3615115129717,0.,16.9547443921488));
#8949=CARTESIAN_POINT('Ctrl Pts',(59.892836760121,0.,17.6085491077797));
#8950=CARTESIAN_POINT('Ctrl Pts',(59.8542758997755,0.,18.4152626649091));
#8951=CARTESIAN_POINT('Ctrl Pts',(59.8335639834404,0.,18.8485668897629));
#8952=CARTESIAN_POINT('',(60.5784503817558,2.,16.6521130800247));
#8953=CARTESIAN_POINT('',(60.5784503817558,0.,16.6521130800247));
#8954=CARTESIAN_POINT('Ctrl Pts',(60.5784503817558,2.,16.6521130800247));
#8955=CARTESIAN_POINT('Ctrl Pts',(60.3615115129717,2.,16.9547443921488));
#8956=CARTESIAN_POINT('Ctrl Pts',(59.892836760121,2.,17.6085491077797));
#8957=CARTESIAN_POINT('Ctrl Pts',(59.8542758997755,2.,18.4152626649091));
#8958=CARTESIAN_POINT('Ctrl Pts',(59.8335639834404,2.,18.8485668897629));
#8959=CARTESIAN_POINT('Ctrl Pts',(62.5948182940483,0.,15.8690308332443));
#8960=CARTESIAN_POINT('Ctrl Pts',(62.5948182940483,2.,15.8690308332443));
#8961=CARTESIAN_POINT('Ctrl Pts',(62.1992680121315,0.,15.8952423922202));
#8962=CARTESIAN_POINT('Ctrl Pts',(62.1992680121315,2.,15.8952423922202));
#8963=CARTESIAN_POINT('Ctrl Pts',(61.4428556752617,0.,15.9453668580196));
#8964=CARTESIAN_POINT('Ctrl Pts',(61.4428556752617,2.,15.9453668580196));
#8965=CARTESIAN_POINT('Ctrl Pts',(60.8576396953298,0.,16.4238451667264));
#8966=CARTESIAN_POINT('Ctrl Pts',(60.8576396953298,2.,16.4238451667264));
#8967=CARTESIAN_POINT('Ctrl Pts',(60.5784503817558,0.,16.6521130800247));
#8968=CARTESIAN_POINT('Ctrl Pts',(60.5784503817558,2.,16.6521130800247));
#8969=CARTESIAN_POINT('',(62.5948182940483,0.,15.8690308332443));
#8970=CARTESIAN_POINT('Ctrl Pts',(62.5948182940483,0.,15.8690308332443));
#8971=CARTESIAN_POINT('Ctrl Pts',(62.1992680121315,0.,15.8952423922202));
#8972=CARTESIAN_POINT('Ctrl Pts',(61.4428556752617,0.,15.9453668580196));
#8973=CARTESIAN_POINT('Ctrl Pts',(60.8576396953298,0.,16.4238451667264));
#8974=CARTESIAN_POINT('Ctrl Pts',(60.5784503817558,0.,16.6521130800247));
#8975=CARTESIAN_POINT('',(62.5948182940483,2.,15.8690308332443));
#8976=CARTESIAN_POINT('',(62.5948182940483,0.,15.8690308332443));
#8977=CARTESIAN_POINT('Ctrl Pts',(62.5948182940483,2.,15.8690308332443));
#8978=CARTESIAN_POINT('Ctrl Pts',(62.1992680121315,2.,15.8952423922202));
#8979=CARTESIAN_POINT('Ctrl Pts',(61.4428556752617,2.,15.9453668580196));
#8980=CARTESIAN_POINT('Ctrl Pts',(60.8576396953298,2.,16.4238451667264));
#8981=CARTESIAN_POINT('Ctrl Pts',(60.5784503817558,2.,16.6521130800247));
#8982=CARTESIAN_POINT('Ctrl Pts',(64.2537538409233,0.,16.3601623773575));
#8983=CARTESIAN_POINT('Ctrl Pts',(64.2537538409233,2.,16.3601623773575));
#8984=CARTESIAN_POINT('Ctrl Pts',(64.0135117505775,0.,16.2170455989537));
#8985=CARTESIAN_POINT('Ctrl Pts',(64.0135117505775,2.,16.2170455989537));
#8986=CARTESIAN_POINT('Ctrl Pts',(63.5034876183481,0.,15.9132145316842));
#8987=CARTESIAN_POINT('Ctrl Pts',(63.5034876183481,2.,15.9132145316842));
#8988=CARTESIAN_POINT('Ctrl Pts',(62.9091818805964,0.,15.8843166424348));
#8989=CARTESIAN_POINT('Ctrl Pts',(62.9091818805964,2.,15.8843166424348));
#8990=CARTESIAN_POINT('Ctrl Pts',(62.5948182940483,0.,15.8690308332443));
#8991=CARTESIAN_POINT('Ctrl Pts',(62.5948182940483,2.,15.8690308332443));
#8992=CARTESIAN_POINT('',(64.2537538409233,0.,16.3601623773575));
#8993=CARTESIAN_POINT('Ctrl Pts',(64.2537538409233,0.,16.3601623773575));
#8994=CARTESIAN_POINT('Ctrl Pts',(64.0135117505775,0.,16.2170455989537));
#8995=CARTESIAN_POINT('Ctrl Pts',(63.5034876183481,0.,15.9132145316842));
#8996=CARTESIAN_POINT('Ctrl Pts',(62.9091818805964,0.,15.8843166424348));
#8997=CARTESIAN_POINT('Ctrl Pts',(62.5948182940483,0.,15.8690308332443));
#8998=CARTESIAN_POINT('',(64.2537538409233,2.,16.3601623773575));
#8999=CARTESIAN_POINT('',(64.2537538409233,0.,16.3601623773575));
#9000=CARTESIAN_POINT('Ctrl Pts',(64.2537538409233,2.,16.3601623773575));
#9001=CARTESIAN_POINT('Ctrl Pts',(64.0135117505775,2.,16.2170455989537));
#9002=CARTESIAN_POINT('Ctrl Pts',(63.5034876183481,2.,15.9132145316842));
#9003=CARTESIAN_POINT('Ctrl Pts',(62.9091818805964,2.,15.8843166424348));
#9004=CARTESIAN_POINT('Ctrl Pts',(62.5948182940483,2.,15.8690308332443));
#9005=CARTESIAN_POINT('Ctrl Pts',(65.143250644207,0.,17.7407907247543));
#9006=CARTESIAN_POINT('Ctrl Pts',(65.143250644207,2.,17.7407907247543));
#9007=CARTESIAN_POINT('Ctrl Pts',(65.049996627705,0.,17.4638610529711));
#9008=CARTESIAN_POINT('Ctrl Pts',(65.049996627705,2.,17.4638610529711));
#9009=CARTESIAN_POINT('Ctrl Pts',(64.8695331098078,0.,16.9279516663866));
#9010=CARTESIAN_POINT('Ctrl Pts',(64.8695331098078,2.,16.9279516663866));
#9011=CARTESIAN_POINT('Ctrl Pts',(64.4543784804589,0.,16.5451515889137));
#9012=CARTESIAN_POINT('Ctrl Pts',(64.4543784804589,2.,16.5451515889137));
#9013=CARTESIAN_POINT('Ctrl Pts',(64.2537538409233,0.,16.3601623773575));
#9014=CARTESIAN_POINT('Ctrl Pts',(64.2537538409233,2.,16.3601623773575));
#9015=CARTESIAN_POINT('',(65.143250644207,0.,17.7407907247543));
#9016=CARTESIAN_POINT('Ctrl Pts',(65.143250644207,0.,17.7407907247543));
#9017=CARTESIAN_POINT('Ctrl Pts',(65.049996627705,0.,17.4638610529711));
#9018=CARTESIAN_POINT('Ctrl Pts',(64.8695331098078,0.,16.9279516663866));
#9019=CARTESIAN_POINT('Ctrl Pts',(64.4543784804589,0.,16.5451515889137));
#9020=CARTESIAN_POINT('Ctrl Pts',(64.2537538409233,0.,16.3601623773575));
#9021=CARTESIAN_POINT('',(65.143250644207,2.,17.7407907247543));
#9022=CARTESIAN_POINT('',(65.143250644207,0.,17.7407907247543));
#9023=CARTESIAN_POINT('Ctrl Pts',(65.143250644207,2.,17.7407907247543));
#9024=CARTESIAN_POINT('Ctrl Pts',(65.049996627705,2.,17.4638610529711));
#9025=CARTESIAN_POINT('Ctrl Pts',(64.8695331098078,2.,16.9279516663866));
#9026=CARTESIAN_POINT('Ctrl Pts',(64.4543784804589,2.,16.5451515889137));
#9027=CARTESIAN_POINT('Ctrl Pts',(64.2537538409233,2.,16.3601623773575));
#9028=CARTESIAN_POINT('Origin',(64.1282455325127,0.,17.8663014173508));
#9029=CARTESIAN_POINT('',(64.1282455325127,0.,17.8663014173508));
#9030=CARTESIAN_POINT('',(33.6350138978459,0.,21.636949050427));
#9031=CARTESIAN_POINT('',(64.1282455325127,2.,17.8663014173508));
#9032=CARTESIAN_POINT('',(64.1282455325127,0.,17.8663014173508));
#9033=CARTESIAN_POINT('',(64.1282455325127,2.,17.8663014173508));
#9034=CARTESIAN_POINT('Ctrl Pts',(63.5225145220757,0.,16.9604359865189));
#9035=CARTESIAN_POINT('Ctrl Pts',(63.5225145220757,2.,16.9604359865189));
#9036=CARTESIAN_POINT('Ctrl Pts',(63.6458786324683,0.,17.0768795433151));
#9037=CARTESIAN_POINT('Ctrl Pts',(63.6458786324683,2.,17.0768795433151));
#9038=CARTESIAN_POINT('Ctrl Pts',(63.9160605625234,0.,17.3319046459773));
#9039=CARTESIAN_POINT('Ctrl Pts',(63.9160605625234,2.,17.3319046459773));
#9040=CARTESIAN_POINT('Ctrl Pts',(64.053539169547,0.,17.6781503000878));
#9041=CARTESIAN_POINT('Ctrl Pts',(64.053539169547,2.,17.6781503000878));
#9042=CARTESIAN_POINT('Ctrl Pts',(64.1282455325127,0.,17.8663014173508));
#9043=CARTESIAN_POINT('Ctrl Pts',(64.1282455325127,2.,17.8663014173508));
#9044=CARTESIAN_POINT('Ctrl Pts',(63.5225145220757,0.,16.9604359865189));
#9045=CARTESIAN_POINT('Ctrl Pts',(63.6458786324683,0.,17.0768795433151));
#9046=CARTESIAN_POINT('Ctrl Pts',(63.9160605625234,0.,17.3319046459773));
#9047=CARTESIAN_POINT('Ctrl Pts',(64.053539169547,0.,17.6781503000878));
#9048=CARTESIAN_POINT('Ctrl Pts',(64.1282455325127,0.,17.8663014173508));
#9049=CARTESIAN_POINT('Ctrl Pts',(63.5225145220757,2.,16.9604359865189));
#9050=CARTESIAN_POINT('Ctrl Pts',(63.6458786324683,2.,17.0768795433151));
#9051=CARTESIAN_POINT('Ctrl Pts',(63.9160605625234,2.,17.3319046459773));
#9052=CARTESIAN_POINT('Ctrl Pts',(64.053539169547,2.,17.6781503000878));
#9053=CARTESIAN_POINT('Ctrl Pts',(64.1282455325127,2.,17.8663014173508));
#9054=CARTESIAN_POINT('Origin',(50.0000004172325,2.,18.8894941210747));
#9055=CARTESIAN_POINT('Ctrl Pts',(73.9699880480766,0.,16.9113217592239));
#9056=CARTESIAN_POINT('Ctrl Pts',(73.9699880480766,2.,16.9113217592239));
#9057=CARTESIAN_POINT('Ctrl Pts',(74.0168524449698,0.,16.8907072867803));
#9058=CARTESIAN_POINT('Ctrl Pts',(74.0168524449698,2.,16.8907072867803));
#9059=CARTESIAN_POINT('Ctrl Pts',(74.1234195638102,0.,16.8438310847938));
#9060=CARTESIAN_POINT('Ctrl Pts',(74.1234195638102,2.,16.8438310847938));
#9061=CARTESIAN_POINT('Ctrl Pts',(74.2401814054662,0.,16.8416201487634));
#9062=CARTESIAN_POINT('Ctrl Pts',(74.2401814054662,2.,16.8416201487634));
#9063=CARTESIAN_POINT('Ctrl Pts',(74.3055955767632,0.,16.8403815031052));
#9064=CARTESIAN_POINT('Ctrl Pts',(74.3055955767632,2.,16.8403815031052));
#9065=CARTESIAN_POINT('',(73.9699880480766,0.,16.9113217592239));
#9066=CARTESIAN_POINT('',(74.3055955767632,0.,16.8403815031052));
#9067=CARTESIAN_POINT('Ctrl Pts',(73.9699880480766,0.,16.9113217592239));
#9068=CARTESIAN_POINT('Ctrl Pts',(74.0168524449698,0.,16.8907072867803));
#9069=CARTESIAN_POINT('Ctrl Pts',(74.1234195638102,0.,16.8438310847938));
#9070=CARTESIAN_POINT('Ctrl Pts',(74.2401814054662,0.,16.8416201487634));
#9071=CARTESIAN_POINT('Ctrl Pts',(74.3055955767632,0.,16.8403815031052));
#9072=CARTESIAN_POINT('',(73.9699880480766,2.,16.9113217592239));
#9073=CARTESIAN_POINT('',(73.9699880480766,0.,16.9113217592239));
#9074=CARTESIAN_POINT('',(74.3055955767632,2.,16.8403815031052));
#9075=CARTESIAN_POINT('Ctrl Pts',(73.9699880480766,2.,16.9113217592239));
#9076=CARTESIAN_POINT('Ctrl Pts',(74.0168524449698,2.,16.8907072867803));
#9077=CARTESIAN_POINT('Ctrl Pts',(74.1234195638102,2.,16.8438310847938));
#9078=CARTESIAN_POINT('Ctrl Pts',(74.2401814054662,2.,16.8416201487634));
#9079=CARTESIAN_POINT('Ctrl Pts',(74.3055955767632,2.,16.8403815031052));
#9080=CARTESIAN_POINT('',(74.3055955767632,0.,16.8403815031052));
#9081=CARTESIAN_POINT('Ctrl Pts',(73.8008205294609,0.,17.1023176908493));
#9082=CARTESIAN_POINT('Ctrl Pts',(73.8008205294609,2.,17.1023176908493));
#9083=CARTESIAN_POINT('Ctrl Pts',(73.8210722459836,0.,17.0641995746072));
#9084=CARTESIAN_POINT('Ctrl Pts',(73.8210722459836,2.,17.0641995746072));
#9085=CARTESIAN_POINT('Ctrl Pts',(73.8620972379495,0.,16.9869816552849));
#9086=CARTESIAN_POINT('Ctrl Pts',(73.8620972379495,2.,16.9869816552849));
#9087=CARTESIAN_POINT('Ctrl Pts',(73.9337209226291,0.,16.9367545735531));
#9088=CARTESIAN_POINT('Ctrl Pts',(73.9337209226291,2.,16.9367545735531));
#9089=CARTESIAN_POINT('Ctrl Pts',(73.9699880480766,0.,16.9113217592239));
#9090=CARTESIAN_POINT('Ctrl Pts',(73.9699880480766,2.,16.9113217592239));
#9091=CARTESIAN_POINT('',(73.8008205294609,0.,17.1023176908493));
#9092=CARTESIAN_POINT('Ctrl Pts',(73.8008205294609,0.,17.1023176908493));
#9093=CARTESIAN_POINT('Ctrl Pts',(73.8210722459836,0.,17.0641995746072));
#9094=CARTESIAN_POINT('Ctrl Pts',(73.8620972379495,0.,16.9869816552849));
#9095=CARTESIAN_POINT('Ctrl Pts',(73.9337209226291,0.,16.9367545735531));
#9096=CARTESIAN_POINT('Ctrl Pts',(73.9699880480766,0.,16.9113217592239));
#9097=CARTESIAN_POINT('',(73.8008205294609,2.,17.1023176908493));
#9098=CARTESIAN_POINT('',(73.8008205294609,0.,17.1023176908493));
#9099=CARTESIAN_POINT('Ctrl Pts',(73.8008205294609,2.,17.1023176908493));
#9100=CARTESIAN_POINT('Ctrl Pts',(73.8210722459836,2.,17.0641995746072));
#9101=CARTESIAN_POINT('Ctrl Pts',(73.8620972379495,2.,16.9869816552849));
#9102=CARTESIAN_POINT('Ctrl Pts',(73.9337209226291,2.,16.9367545735531));
#9103=CARTESIAN_POINT('Ctrl Pts',(73.9699880480766,2.,16.9113217592239));
#9104=CARTESIAN_POINT('Ctrl Pts',(73.7489787936211,0.,17.6425634622574));
#9105=CARTESIAN_POINT('Ctrl Pts',(73.7489787936211,2.,17.6425634622574));
#9106=CARTESIAN_POINT('Ctrl Pts',(73.7475297903459,0.,17.5268321675749));
#9107=CARTESIAN_POINT('Ctrl Pts',(73.7475297903459,2.,17.5268321675749));
#9108=CARTESIAN_POINT('Ctrl Pts',(73.7452462684275,0.,17.3444482126298));
#9109=CARTESIAN_POINT('Ctrl Pts',(73.7452462684275,2.,17.3444482126298));
#9110=CARTESIAN_POINT('Ctrl Pts',(73.7859465225326,0.,17.1671219903857));
#9111=CARTESIAN_POINT('Ctrl Pts',(73.7859465225326,2.,17.1671219903857));
#9112=CARTESIAN_POINT('Ctrl Pts',(73.8008205294609,0.,17.1023176908493));
#9113=CARTESIAN_POINT('Ctrl Pts',(73.8008205294609,2.,17.1023176908493));
#9114=CARTESIAN_POINT('',(73.7489787936211,0.,17.6425634622574));
#9115=CARTESIAN_POINT('Ctrl Pts',(73.7489787936211,0.,17.6425634622574));
#9116=CARTESIAN_POINT('Ctrl Pts',(73.7475297903459,0.,17.5268321675749));
#9117=CARTESIAN_POINT('Ctrl Pts',(73.7452462684275,0.,17.3444482126298));
#9118=CARTESIAN_POINT('Ctrl Pts',(73.7859465225326,0.,17.1671219903857));
#9119=CARTESIAN_POINT('Ctrl Pts',(73.8008205294609,0.,17.1023176908493));
#9120=CARTESIAN_POINT('',(73.7489787936211,2.,17.6425634622574));
#9121=CARTESIAN_POINT('',(73.7489787936211,0.,17.6425634622574));
#9122=CARTESIAN_POINT('Ctrl Pts',(73.7489787936211,2.,17.6425634622574));
#9123=CARTESIAN_POINT('Ctrl Pts',(73.7475297903459,2.,17.5268321675749));
#9124=CARTESIAN_POINT('Ctrl Pts',(73.7452462684275,2.,17.3444482126298));
#9125=CARTESIAN_POINT('Ctrl Pts',(73.7859465225326,2.,17.1671219903857));
#9126=CARTESIAN_POINT('Ctrl Pts',(73.8008205294609,2.,17.1023176908493));
#9127=CARTESIAN_POINT('Origin',(73.7489787936211,0.,21.031377196312));
#9128=CARTESIAN_POINT('',(73.7489787936211,0.,21.031377196312));
#9129=CARTESIAN_POINT('',(73.7489787936211,0.,10.515688598156));
#9130=CARTESIAN_POINT('',(73.7489787936211,2.,21.031377196312));
#9131=CARTESIAN_POINT('',(73.7489787936211,0.,21.031377196312));
#9132=CARTESIAN_POINT('',(73.7489787936211,2.,21.031377196312));
#9133=CARTESIAN_POINT('Origin',(74.736699283123,0.,21.031377196312));
#9134=CARTESIAN_POINT('',(74.736699283123,0.,21.031377196312));
#9135=CARTESIAN_POINT('',(37.3683496415615,0.,21.031377196312));
#9136=CARTESIAN_POINT('',(74.736699283123,2.,21.031377196312));
#9137=CARTESIAN_POINT('',(74.736699283123,0.,21.031377196312));
#9138=CARTESIAN_POINT('',(74.736699283123,2.,21.031377196312));
#9139=CARTESIAN_POINT('Origin',(74.736699283123,0.,21.7953609228134));
#9140=CARTESIAN_POINT('',(74.736699283123,0.,21.7953609228134));
#9141=CARTESIAN_POINT('',(74.736699283123,0.,10.8976804614067));
#9142=CARTESIAN_POINT('',(74.736699283123,2.,21.7953609228134));
#9143=CARTESIAN_POINT('',(74.736699283123,0.,21.7953609228134));
#9144=CARTESIAN_POINT('',(74.736699283123,2.,21.7953609228134));
#9145=CARTESIAN_POINT('Origin',(73.7489787936211,0.,21.7953609228134));
#9146=CARTESIAN_POINT('',(73.7489787936211,0.,21.7953609228134));
#9147=CARTESIAN_POINT('',(36.8744893968105,0.,21.7953609228134));
#9148=CARTESIAN_POINT('',(73.7489787936211,2.,21.7953609228134));
#9149=CARTESIAN_POINT('',(73.7489787936211,0.,21.7953609228134));
#9150=CARTESIAN_POINT('',(73.7489787936211,2.,21.7953609228134));
#9151=CARTESIAN_POINT('Origin',(73.7489787936211,0.,23.8199173212051));
#9152=CARTESIAN_POINT('',(73.7489787936211,0.,23.8199173212051));
#9153=CARTESIAN_POINT('',(73.7489787936211,0.,11.9099586606026));
#9154=CARTESIAN_POINT('',(73.7489787936211,2.,23.8199173212051));
#9155=CARTESIAN_POINT('',(73.7489787936211,0.,23.8199173212051));
#9156=CARTESIAN_POINT('',(73.7489787936211,2.,23.8199173212051));
#9157=CARTESIAN_POINT('Origin',(72.7721731066704,0.,23.230558514595));
#9158=CARTESIAN_POINT('',(72.7721731066704,0.,23.230558514595));
#9159=CARTESIAN_POINT('',(40.9590593490533,0.,4.03601551672304));
#9160=CARTESIAN_POINT('',(72.7721731066704,2.,23.230558514595));
#9161=CARTESIAN_POINT('',(72.7721731066704,0.,23.230558514595));
#9162=CARTESIAN_POINT('',(72.7721731066704,2.,23.230558514595));
#9163=CARTESIAN_POINT('Origin',(72.7721731066704,0.,21.7953609228134));
#9164=CARTESIAN_POINT('',(72.7721731066704,0.,21.7953609228134));
#9165=CARTESIAN_POINT('',(72.7721731066704,0.,10.8976804614067));
#9166=CARTESIAN_POINT('',(72.7721731066704,2.,21.7953609228134));
#9167=CARTESIAN_POINT('',(72.7721731066704,0.,21.7953609228134));
#9168=CARTESIAN_POINT('',(72.7721731066704,2.,21.7953609228134));
#9169=CARTESIAN_POINT('Origin',(72.0518438220024,0.,21.7953609228134));
#9170=CARTESIAN_POINT('',(72.0518438220024,0.,21.7953609228134));
#9171=CARTESIAN_POINT('',(36.0259219110012,0.,21.7953609228134));
#9172=CARTESIAN_POINT('',(72.0518438220024,2.,21.7953609228134));
#9173=CARTESIAN_POINT('',(72.0518438220024,0.,21.7953609228134));
#9174=CARTESIAN_POINT('',(72.0518438220024,2.,21.7953609228134));
#9175=CARTESIAN_POINT('Origin',(72.0518438220024,0.,21.031377196312));
#9176=CARTESIAN_POINT('',(72.0518438220024,0.,21.031377196312));
#9177=CARTESIAN_POINT('',(72.0518438220024,0.,10.515688598156));
#9178=CARTESIAN_POINT('',(72.0518438220024,2.,21.031377196312));
#9179=CARTESIAN_POINT('',(72.0518438220024,0.,21.031377196312));
#9180=CARTESIAN_POINT('',(72.0518438220024,2.,21.031377196312));
#9181=CARTESIAN_POINT('Origin',(72.7721731066704,0.,21.031377196312));
#9182=CARTESIAN_POINT('',(72.7721731066704,0.,21.031377196312));
#9183=CARTESIAN_POINT('',(36.3860865533352,0.,21.031377196312));
#9184=CARTESIAN_POINT('',(72.7721731066704,2.,21.031377196312));
#9185=CARTESIAN_POINT('',(72.7721731066704,0.,21.031377196312));
#9186=CARTESIAN_POINT('',(72.7721731066704,2.,21.031377196312));
#9187=CARTESIAN_POINT('Origin',(72.7721731066704,0.,17.697133898735));
#9188=CARTESIAN_POINT('',(72.7721731066704,0.,17.697133898735));
#9189=CARTESIAN_POINT('',(72.7721731066704,0.,8.84856694936752));
#9190=CARTESIAN_POINT('',(72.7721731066704,2.,17.697133898735));
#9191=CARTESIAN_POINT('',(72.7721731066704,0.,17.697133898735));
#9192=CARTESIAN_POINT('',(72.7721731066704,2.,17.697133898735));
#9193=CARTESIAN_POINT('Ctrl Pts',(72.8922263979912,0.,16.5375159978867));
#9194=CARTESIAN_POINT('Ctrl Pts',(72.8922263979912,2.,16.5375159978867));
#9195=CARTESIAN_POINT('Ctrl Pts',(72.8577200401518,0.,16.679519720336));
#9196=CARTESIAN_POINT('Ctrl Pts',(72.8577200401518,2.,16.679519720336));
#9197=CARTESIAN_POINT('Ctrl Pts',(72.7653802391525,0.,17.0595249220786));
#9198=CARTESIAN_POINT('Ctrl Pts',(72.7653802391525,2.,17.0595249220786));
#9199=CARTESIAN_POINT('Ctrl Pts',(72.7695570952784,0.,17.4515833499925));
#9200=CARTESIAN_POINT('Ctrl Pts',(72.7695570952784,2.,17.4515833499925));
#9201=CARTESIAN_POINT('Ctrl Pts',(72.7721731066704,0.,17.697133898735));
#9202=CARTESIAN_POINT('Ctrl Pts',(72.7721731066704,2.,17.697133898735));
#9203=CARTESIAN_POINT('',(72.8922263979912,0.,16.5375159978867));
#9204=CARTESIAN_POINT('Ctrl Pts',(72.8922263979912,0.,16.5375159978867));
#9205=CARTESIAN_POINT('Ctrl Pts',(72.8577200401518,0.,16.679519720336));
#9206=CARTESIAN_POINT('Ctrl Pts',(72.7653802391525,0.,17.0595249220786));
#9207=CARTESIAN_POINT('Ctrl Pts',(72.7695570952784,0.,17.4515833499925));
#9208=CARTESIAN_POINT('Ctrl Pts',(72.7721731066704,0.,17.697133898735));
#9209=CARTESIAN_POINT('',(72.8922263979912,2.,16.5375159978867));
#9210=CARTESIAN_POINT('',(72.8922263979912,0.,16.5375159978867));
#9211=CARTESIAN_POINT('Ctrl Pts',(72.8922263979912,2.,16.5375159978867));
#9212=CARTESIAN_POINT('Ctrl Pts',(72.8577200401518,2.,16.679519720336));
#9213=CARTESIAN_POINT('Ctrl Pts',(72.7653802391525,2.,17.0595249220786));
#9214=CARTESIAN_POINT('Ctrl Pts',(72.7695570952784,2.,17.4515833499925));
#9215=CARTESIAN_POINT('Ctrl Pts',(72.7721731066704,2.,17.697133898735));
#9216=CARTESIAN_POINT('Ctrl Pts',(73.3069602847099,0.,16.0927687883377));
#9217=CARTESIAN_POINT('Ctrl Pts',(73.3069602847099,2.,16.0927687883377));
#9218=CARTESIAN_POINT('Ctrl Pts',(73.2167333175612,0.,16.1519813849466));
#9219=CARTESIAN_POINT('Ctrl Pts',(73.2167333175612,2.,16.1519813849466));
#9220=CARTESIAN_POINT('Ctrl Pts',(73.0420497625558,0.,16.266619693244));
#9221=CARTESIAN_POINT('Ctrl Pts',(73.0420497625558,2.,16.266619693244));
#9222=CARTESIAN_POINT('Ctrl Pts',(72.9410554601835,0.,16.4492279491868));
#9223=CARTESIAN_POINT('Ctrl Pts',(72.9410554601835,2.,16.4492279491868));
#9224=CARTESIAN_POINT('Ctrl Pts',(72.8922263979912,0.,16.5375159978867));
#9225=CARTESIAN_POINT('Ctrl Pts',(72.8922263979912,2.,16.5375159978867));
#9226=CARTESIAN_POINT('',(73.3069602847099,0.,16.0927687883377));
#9227=CARTESIAN_POINT('Ctrl Pts',(73.3069602847099,0.,16.0927687883377));
#9228=CARTESIAN_POINT('Ctrl Pts',(73.2167333175612,0.,16.1519813849466));
#9229=CARTESIAN_POINT('Ctrl Pts',(73.0420497625558,0.,16.266619693244));
#9230=CARTESIAN_POINT('Ctrl Pts',(72.9410554601835,0.,16.4492279491868));
#9231=CARTESIAN_POINT('Ctrl Pts',(72.8922263979912,0.,16.5375159978867));
#9232=CARTESIAN_POINT('',(73.3069602847099,2.,16.0927687883377));
#9233=CARTESIAN_POINT('',(73.3069602847099,0.,16.0927687883377));
#9234=CARTESIAN_POINT('Ctrl Pts',(73.3069602847099,2.,16.0927687883377));
#9235=CARTESIAN_POINT('Ctrl Pts',(73.2167333175612,2.,16.1519813849466));
#9236=CARTESIAN_POINT('Ctrl Pts',(73.0420497625558,2.,16.266619693244));
#9237=CARTESIAN_POINT('Ctrl Pts',(72.9410554601835,2.,16.4492279491868));
#9238=CARTESIAN_POINT('Ctrl Pts',(72.8922263979912,2.,16.5375159978867));
#9239=CARTESIAN_POINT('Ctrl Pts',(74.1364280581474,0.,15.9236000776291));
#9240=CARTESIAN_POINT('Ctrl Pts',(74.1364280581474,2.,15.9236000776291));
#9241=CARTESIAN_POINT('Ctrl Pts',(73.9757564239111,0.,15.9266901093257));
#9242=CARTESIAN_POINT('Ctrl Pts',(73.9757564239111,2.,15.9266901093257));
#9243=CARTESIAN_POINT('Ctrl Pts',(73.6880982751611,0.,15.932222341581));
#9244=CARTESIAN_POINT('Ctrl Pts',(73.6880982751611,2.,15.932222341581));
#9245=CARTESIAN_POINT('Ctrl Pts',(73.4236852524816,0.,16.0436008247837));
#9246=CARTESIAN_POINT('Ctrl Pts',(73.4236852524816,2.,16.0436008247837));
#9247=CARTESIAN_POINT('Ctrl Pts',(73.3069602847099,0.,16.0927687883377));
#9248=CARTESIAN_POINT('Ctrl Pts',(73.3069602847099,2.,16.0927687883377));
#9249=CARTESIAN_POINT('',(74.1364280581474,0.,15.9236000776291));
#9250=CARTESIAN_POINT('Ctrl Pts',(74.1364280581474,0.,15.9236000776291));
#9251=CARTESIAN_POINT('Ctrl Pts',(73.9757564239111,0.,15.9266901093257));
#9252=CARTESIAN_POINT('Ctrl Pts',(73.6880982751611,0.,15.932222341581));
#9253=CARTESIAN_POINT('Ctrl Pts',(73.4236852524816,0.,16.0436008247837));
#9254=CARTESIAN_POINT('Ctrl Pts',(73.3069602847099,0.,16.0927687883377));
#9255=CARTESIAN_POINT('',(74.1364280581474,2.,15.9236000776291));
#9256=CARTESIAN_POINT('',(74.1364280581474,0.,15.9236000776291));
#9257=CARTESIAN_POINT('Ctrl Pts',(74.1364280581474,2.,15.9236000776291));
#9258=CARTESIAN_POINT('Ctrl Pts',(73.9757564239111,2.,15.9266901093257));
#9259=CARTESIAN_POINT('Ctrl Pts',(73.6880982751611,2.,15.932222341581));
#9260=CARTESIAN_POINT('Ctrl Pts',(73.4236852524816,2.,16.0436008247837));
#9261=CARTESIAN_POINT('Ctrl Pts',(73.3069602847099,2.,16.0927687883377));
#9262=CARTESIAN_POINT('Ctrl Pts',(74.8785821795464,0.,16.0109125375748));
#9263=CARTESIAN_POINT('Ctrl Pts',(74.8785821795464,2.,16.0109125375748));
#9264=CARTESIAN_POINT('Ctrl Pts',(74.7480261055798,0.,15.985479097244));
#9265=CARTESIAN_POINT('Ctrl Pts',(74.7480261055798,2.,15.985479097244));
#9266=CARTESIAN_POINT('Ctrl Pts',(74.5027752850327,0.,15.9377021388769));
#9267=CARTESIAN_POINT('Ctrl Pts',(74.5027752850327,2.,15.9377021388769));
#9268=CARTESIAN_POINT('Ctrl Pts',(74.253162659669,0.,15.9280936246784));
#9269=CARTESIAN_POINT('Ctrl Pts',(74.253162659669,2.,15.9280936246784));
#9270=CARTESIAN_POINT('Ctrl Pts',(74.1364280581474,0.,15.9236000776291));
#9271=CARTESIAN_POINT('Ctrl Pts',(74.1364280581474,2.,15.9236000776291));
#9272=CARTESIAN_POINT('',(74.8785821795464,0.,16.0109125375748));
#9273=CARTESIAN_POINT('Ctrl Pts',(74.8785821795464,0.,16.0109125375748));
#9274=CARTESIAN_POINT('Ctrl Pts',(74.7480261055798,0.,15.985479097244));
#9275=CARTESIAN_POINT('Ctrl Pts',(74.5027752850327,0.,15.9377021388769));
#9276=CARTESIAN_POINT('Ctrl Pts',(74.253162659669,0.,15.9280936246784));
#9277=CARTESIAN_POINT('Ctrl Pts',(74.1364280581474,0.,15.9236000776291));
#9278=CARTESIAN_POINT('',(74.8785821795464,2.,16.0109125375748));
#9279=CARTESIAN_POINT('',(74.8785821795464,0.,16.0109125375748));
#9280=CARTESIAN_POINT('Ctrl Pts',(74.8785821795464,2.,16.0109125375748));
#9281=CARTESIAN_POINT('Ctrl Pts',(74.7480261055798,2.,15.985479097244));
#9282=CARTESIAN_POINT('Ctrl Pts',(74.5027752850327,2.,15.9377021388769));
#9283=CARTESIAN_POINT('Ctrl Pts',(74.253162659669,2.,15.9280936246784));
#9284=CARTESIAN_POINT('Ctrl Pts',(74.1364280581474,2.,15.9236000776291));
#9285=CARTESIAN_POINT('Origin',(74.736699283123,0.,16.8785797357559));
#9286=CARTESIAN_POINT('',(74.736699283123,0.,16.8785797357559));
#9287=CARTESIAN_POINT('',(75.1075817457436,0.,14.6104941855686));
#9288=CARTESIAN_POINT('',(74.736699283123,2.,16.8785797357559));
#9289=CARTESIAN_POINT('',(74.736699283123,0.,16.8785797357559));
#9290=CARTESIAN_POINT('',(74.736699283123,2.,16.8785797357559));
#9291=CARTESIAN_POINT('Ctrl Pts',(74.3055955767632,0.,16.8403815031052));
#9292=CARTESIAN_POINT('Ctrl Pts',(74.3055955767632,2.,16.8403815031052));
#9293=CARTESIAN_POINT('Ctrl Pts',(74.3688857745849,0.,16.8426279158717));
#9294=CARTESIAN_POINT('Ctrl Pts',(74.3688857745849,2.,16.8426279158717));
#9295=CARTESIAN_POINT('Ctrl Pts',(74.5132292679091,0.,16.8477512221234));
#9296=CARTESIAN_POINT('Ctrl Pts',(74.5132292679091,2.,16.8477512221234));
#9297=CARTESIAN_POINT('Ctrl Pts',(74.6563388606282,0.,16.8674937187884));
#9298=CARTESIAN_POINT('Ctrl Pts',(74.6563388606282,2.,16.8674937187884));
#9299=CARTESIAN_POINT('Ctrl Pts',(74.736699283123,0.,16.8785797357559));
#9300=CARTESIAN_POINT('Ctrl Pts',(74.736699283123,2.,16.8785797357559));
#9301=CARTESIAN_POINT('Ctrl Pts',(74.3055955767632,0.,16.8403815031052));
#9302=CARTESIAN_POINT('Ctrl Pts',(74.3688857745849,0.,16.8426279158717));
#9303=CARTESIAN_POINT('Ctrl Pts',(74.5132292679091,0.,16.8477512221234));
#9304=CARTESIAN_POINT('Ctrl Pts',(74.6563388606282,0.,16.8674937187884));
#9305=CARTESIAN_POINT('Ctrl Pts',(74.736699283123,0.,16.8785797357559));
#9306=CARTESIAN_POINT('Ctrl Pts',(74.3055955767632,2.,16.8403815031052));
#9307=CARTESIAN_POINT('Ctrl Pts',(74.3688857745849,2.,16.8426279158717));
#9308=CARTESIAN_POINT('Ctrl Pts',(74.5132292679091,2.,16.8477512221234));
#9309=CARTESIAN_POINT('Ctrl Pts',(74.6563388606282,2.,16.8674937187884));
#9310=CARTESIAN_POINT('Ctrl Pts',(74.736699283123,2.,16.8785797357559));
#9311=CARTESIAN_POINT('Origin',(50.0000004172325,2.,18.8894941210747));
#9312=CARTESIAN_POINT('Ctrl Pts',(78.0873147845268,0.,21.1186884641647));
#9313=CARTESIAN_POINT('Ctrl Pts',(78.0873147845268,2.,21.1186884641647));
#9314=CARTESIAN_POINT('Ctrl Pts',(77.8717543160258,0.,21.1008038713737));
#9315=CARTESIAN_POINT('Ctrl Pts',(77.8717543160258,2.,21.1008038713737));
#9316=CARTESIAN_POINT('Ctrl Pts',(77.4460963497809,0.,21.0654879368359));
#9317=CARTESIAN_POINT('Ctrl Pts',(77.4460963497809,2.,21.0654879368359));
#9318=CARTESIAN_POINT('Ctrl Pts',(77.1136258576623,0.,20.7978552602021));
#9319=CARTESIAN_POINT('Ctrl Pts',(77.1136258576623,2.,20.7978552602021));
#9320=CARTESIAN_POINT('Ctrl Pts',(76.9495241045952,0.,20.6657563447952));
#9321=CARTESIAN_POINT('Ctrl Pts',(76.9495241045952,2.,20.6657563447952));
#9322=CARTESIAN_POINT('',(78.0873147845268,0.,21.1186884641647));
#9323=CARTESIAN_POINT('',(76.9495241045952,0.,20.6657563447952));
#9324=CARTESIAN_POINT('Ctrl Pts',(78.0873147845268,0.,21.1186884641647));
#9325=CARTESIAN_POINT('Ctrl Pts',(77.8717543160258,0.,21.1008038713737));
#9326=CARTESIAN_POINT('Ctrl Pts',(77.4460963497809,0.,21.0654879368359));
#9327=CARTESIAN_POINT('Ctrl Pts',(77.1136258576623,0.,20.7978552602021));
#9328=CARTESIAN_POINT('Ctrl Pts',(76.9495241045952,0.,20.6657563447952));
#9329=CARTESIAN_POINT('',(78.0873147845268,2.,21.1186884641647));
#9330=CARTESIAN_POINT('',(78.0873147845268,0.,21.1186884641647));
#9331=CARTESIAN_POINT('',(76.9495241045952,2.,20.6657563447952));
#9332=CARTESIAN_POINT('Ctrl Pts',(78.0873147845268,2.,21.1186884641647));
#9333=CARTESIAN_POINT('Ctrl Pts',(77.8717543160258,2.,21.1008038713737));
#9334=CARTESIAN_POINT('Ctrl Pts',(77.4460963497809,2.,21.0654879368359));
#9335=CARTESIAN_POINT('Ctrl Pts',(77.1136258576623,2.,20.7978552602021));
#9336=CARTESIAN_POINT('Ctrl Pts',(76.9495241045952,2.,20.6657563447952));
#9337=CARTESIAN_POINT('',(76.9495241045952,0.,20.6657563447952));
#9338=CARTESIAN_POINT('Ctrl Pts',(79.3042318224907,0.,20.5511580705643));
#9339=CARTESIAN_POINT('Ctrl Pts',(79.3042318224907,2.,20.5511580705643));
#9340=CARTESIAN_POINT('Ctrl Pts',(79.1356614116144,0.,20.7166867263969));
#9341=CARTESIAN_POINT('Ctrl Pts',(79.1356614116144,2.,20.7166867263969));
#9342=CARTESIAN_POINT('Ctrl Pts',(78.7970453987845,0.,21.0491926101743));
#9343=CARTESIAN_POINT('Ctrl Pts',(78.7970453987845,2.,21.0491926101743));
#9344=CARTESIAN_POINT('Ctrl Pts',(78.3245777625436,0.,21.0954559968788));
#9345=CARTESIAN_POINT('Ctrl Pts',(78.3245777625436,2.,21.0954559968788));
#9346=CARTESIAN_POINT('Ctrl Pts',(78.0873147845268,0.,21.1186884641647));
#9347=CARTESIAN_POINT('Ctrl Pts',(78.0873147845268,2.,21.1186884641647));
#9348=CARTESIAN_POINT('',(79.3042318224907,0.,20.5511580705643));
#9349=CARTESIAN_POINT('Ctrl Pts',(79.3042318224907,0.,20.5511580705643));
#9350=CARTESIAN_POINT('Ctrl Pts',(79.1356614116144,0.,20.7166867263969));
#9351=CARTESIAN_POINT('Ctrl Pts',(78.7970453987845,0.,21.0491926101743));
#9352=CARTESIAN_POINT('Ctrl Pts',(78.3245777625436,0.,21.0954559968788));
#9353=CARTESIAN_POINT('Ctrl Pts',(78.0873147845268,0.,21.1186884641647));
#9354=CARTESIAN_POINT('',(79.3042318224907,2.,20.5511580705643));
#9355=CARTESIAN_POINT('',(79.3042318224907,0.,20.5511580705643));
#9356=CARTESIAN_POINT('Ctrl Pts',(79.3042318224907,2.,20.5511580705643));
#9357=CARTESIAN_POINT('Ctrl Pts',(79.1356614116144,2.,20.7166867263969));
#9358=CARTESIAN_POINT('Ctrl Pts',(78.7970453987845,2.,21.0491926101743));
#9359=CARTESIAN_POINT('Ctrl Pts',(78.3245777625436,2.,21.0954559968788));
#9360=CARTESIAN_POINT('Ctrl Pts',(78.0873147845268,2.,21.1186884641647));
#9361=CARTESIAN_POINT('Ctrl Pts',(79.6753064990044,0.,19.4542955160141));
#9362=CARTESIAN_POINT('Ctrl Pts',(79.6753064990044,2.,19.4542955160141));
#9363=CARTESIAN_POINT('Ctrl Pts',(79.6504654355625,0.,19.6736508189075));
#9364=CARTESIAN_POINT('Ctrl Pts',(79.6504654355625,2.,19.6736508189075));
#9365=CARTESIAN_POINT('Ctrl Pts',(79.6058583118833,0.,20.0675473664024));
#9366=CARTESIAN_POINT('Ctrl Pts',(79.6058583118833,2.,20.0675473664024));
#9367=CARTESIAN_POINT('Ctrl Pts',(79.3968475204534,0.,20.4026633445262));
#9368=CARTESIAN_POINT('Ctrl Pts',(79.3968475204534,2.,20.4026633445262));
#9369=CARTESIAN_POINT('Ctrl Pts',(79.3042318224907,0.,20.5511580705643));
#9370=CARTESIAN_POINT('Ctrl Pts',(79.3042318224907,2.,20.5511580705643));
#9371=CARTESIAN_POINT('',(79.6753064990044,0.,19.4542955160141));
#9372=CARTESIAN_POINT('Ctrl Pts',(79.6753064990044,0.,19.4542955160141));
#9373=CARTESIAN_POINT('Ctrl Pts',(79.6504654355625,0.,19.6736508189075));
#9374=CARTESIAN_POINT('Ctrl Pts',(79.6058583118833,0.,20.0675473664024));
#9375=CARTESIAN_POINT('Ctrl Pts',(79.3968475204534,0.,20.4026633445262));
#9376=CARTESIAN_POINT('Ctrl Pts',(79.3042318224907,0.,20.5511580705643));
#9377=CARTESIAN_POINT('',(79.6753064990044,2.,19.4542955160141));
#9378=CARTESIAN_POINT('',(79.6753064990044,0.,19.4542955160141));
#9379=CARTESIAN_POINT('Ctrl Pts',(79.6753064990044,2.,19.4542955160141));
#9380=CARTESIAN_POINT('Ctrl Pts',(79.6504654355625,2.,19.6736508189075));
#9381=CARTESIAN_POINT('Ctrl Pts',(79.6058583118833,2.,20.0675473664024));
#9382=CARTESIAN_POINT('Ctrl Pts',(79.3968475204534,2.,20.4026633445262));
#9383=CARTESIAN_POINT('Ctrl Pts',(79.3042318224907,2.,20.5511580705643));
#9384=CARTESIAN_POINT('Origin',(76.4392940402031,0.,19.4542955160141));
#9385=CARTESIAN_POINT('',(76.4392940402031,0.,19.4542955160141));
#9386=CARTESIAN_POINT('',(38.2196470201015,0.,19.4542955160141));
#9387=CARTESIAN_POINT('',(76.4392940402031,2.,19.4542955160141));
#9388=CARTESIAN_POINT('',(76.4392940402031,0.,19.4542955160141));
#9389=CARTESIAN_POINT('',(76.4392940402031,2.,19.4542955160141));
#9390=CARTESIAN_POINT('Ctrl Pts',(76.9495241045952,0.,20.6657563447952));
#9391=CARTESIAN_POINT('Ctrl Pts',(76.9495241045952,2.,20.6657563447952));
#9392=CARTESIAN_POINT('Ctrl Pts',(76.8127149493443,0.,20.4968311337927));
#9393=CARTESIAN_POINT('Ctrl Pts',(76.8127149493443,2.,20.4968311337927));
#9394=CARTESIAN_POINT('Ctrl Pts',(76.5262974239049,0.,20.1431768711746));
#9395=CARTESIAN_POINT('Ctrl Pts',(76.5262974239049,2.,20.1431768711746));
#9396=CARTESIAN_POINT('Ctrl Pts',(76.4691464745815,0.,19.6906631671839));
#9397=CARTESIAN_POINT('Ctrl Pts',(76.4691464745815,2.,19.6906631671839));
#9398=CARTESIAN_POINT('Ctrl Pts',(76.4392940402031,0.,19.4542955160141));
#9399=CARTESIAN_POINT('Ctrl Pts',(76.4392940402031,2.,19.4542955160141));
#9400=CARTESIAN_POINT('Ctrl Pts',(76.9495241045952,0.,20.6657563447952));
#9401=CARTESIAN_POINT('Ctrl Pts',(76.8127149493443,0.,20.4968311337927));
#9402=CARTESIAN_POINT('Ctrl Pts',(76.5262974239049,0.,20.1431768711746));
#9403=CARTESIAN_POINT('Ctrl Pts',(76.4691464745815,0.,19.6906631671839));
#9404=CARTESIAN_POINT('Ctrl Pts',(76.4392940402031,0.,19.4542955160141));
#9405=CARTESIAN_POINT('Ctrl Pts',(76.9495241045952,2.,20.6657563447952));
#9406=CARTESIAN_POINT('Ctrl Pts',(76.8127149493443,2.,20.4968311337927));
#9407=CARTESIAN_POINT('Ctrl Pts',(76.5262974239049,2.,20.1431768711746));
#9408=CARTESIAN_POINT('Ctrl Pts',(76.4691464745815,2.,19.6906631671839));
#9409=CARTESIAN_POINT('Ctrl Pts',(76.4392940402031,2.,19.4542955160141));
#9410=CARTESIAN_POINT('Ctrl Pts',(78.1364290118217,0.,16.6766701936722));
#9411=CARTESIAN_POINT('Ctrl Pts',(78.1364290118217,2.,16.6766701936722));
#9412=CARTESIAN_POINT('Ctrl Pts',(78.3075678240125,0.,16.6867903171721));
#9413=CARTESIAN_POINT('Ctrl Pts',(78.3075678240125,2.,16.6867903171721));
#9414=CARTESIAN_POINT('Ctrl Pts',(78.6385262169175,0.,16.706361212673));
#9415=CARTESIAN_POINT('Ctrl Pts',(78.6385262169175,2.,16.706361212673));
#9416=CARTESIAN_POINT('Ctrl Pts',(78.9218490518933,0.,16.8776977097241));
#9417=CARTESIAN_POINT('Ctrl Pts',(78.9218490518933,2.,16.8776977097241));
#9418=CARTESIAN_POINT('Ctrl Pts',(79.0586654543877,0.,16.9604359865189));
#9419=CARTESIAN_POINT('Ctrl Pts',(79.0586654543877,2.,16.9604359865189));
#9420=CARTESIAN_POINT('',(78.1364290118217,0.,16.6766701936722));
#9421=CARTESIAN_POINT('',(79.0586654543877,0.,16.9604359865189));
#9422=CARTESIAN_POINT('Ctrl Pts',(78.1364290118217,0.,16.6766701936722));
#9423=CARTESIAN_POINT('Ctrl Pts',(78.3075678240125,0.,16.6867903171721));
#9424=CARTESIAN_POINT('Ctrl Pts',(78.6385262169175,0.,16.706361212673));
#9425=CARTESIAN_POINT('Ctrl Pts',(78.9218490518933,0.,16.8776977097241));
#9426=CARTESIAN_POINT('Ctrl Pts',(79.0586654543877,0.,16.9604359865189));
#9427=CARTESIAN_POINT('',(78.1364290118217,2.,16.6766701936722));
#9428=CARTESIAN_POINT('',(78.1364290118217,0.,16.6766701936722));
#9429=CARTESIAN_POINT('',(79.0586654543877,2.,16.9604359865189));
#9430=CARTESIAN_POINT('Ctrl Pts',(78.1364290118217,2.,16.6766701936722));
#9431=CARTESIAN_POINT('Ctrl Pts',(78.3075678240125,2.,16.6867903171721));
#9432=CARTESIAN_POINT('Ctrl Pts',(78.6385262169175,2.,16.706361212673));
#9433=CARTESIAN_POINT('Ctrl Pts',(78.9218490518933,2.,16.8776977097241));
#9434=CARTESIAN_POINT('Ctrl Pts',(79.0586654543877,2.,16.9604359865189));
#9435=CARTESIAN_POINT('',(79.0586654543877,0.,16.9604359865189));
#9436=CARTESIAN_POINT('Ctrl Pts',(76.9249669909477,0.,17.1841739416122));
#9437=CARTESIAN_POINT('Ctrl Pts',(76.9249669909477,2.,17.1841739416122));
#9438=CARTESIAN_POINT('Ctrl Pts',(77.0979616164657,0.,17.0361554438471));
#9439=CARTESIAN_POINT('Ctrl Pts',(77.0979616164657,2.,17.0361554438471));
#9440=CARTESIAN_POINT('Ctrl Pts',(77.4471772073596,0.,16.7373579118111));
#9441=CARTESIAN_POINT('Ctrl Pts',(77.4471772073596,2.,16.7373579118111));
#9442=CARTESIAN_POINT('Ctrl Pts',(77.9052676719415,0.,16.6970236467186));
#9443=CARTESIAN_POINT('Ctrl Pts',(77.9052676719415,2.,16.6970236467186));
#9444=CARTESIAN_POINT('Ctrl Pts',(78.1364290118217,0.,16.6766701936722));
#9445=CARTESIAN_POINT('Ctrl Pts',(78.1364290118217,2.,16.6766701936722));
#9446=CARTESIAN_POINT('',(76.9249669909477,0.,17.1841739416122));
#9447=CARTESIAN_POINT('Ctrl Pts',(76.9249669909477,0.,17.1841739416122));
#9448=CARTESIAN_POINT('Ctrl Pts',(77.0979616164657,0.,17.0361554438471));
#9449=CARTESIAN_POINT('Ctrl Pts',(77.4471772073596,0.,16.7373579118111));
#9450=CARTESIAN_POINT('Ctrl Pts',(77.9052676719415,0.,16.6970236467186));
#9451=CARTESIAN_POINT('Ctrl Pts',(78.1364290118217,0.,16.6766701936722));
#9452=CARTESIAN_POINT('',(76.9249669909477,2.,17.1841739416122));
#9453=CARTESIAN_POINT('',(76.9249669909477,0.,17.1841739416122));
#9454=CARTESIAN_POINT('Ctrl Pts',(76.9249669909477,2.,17.1841739416122));
#9455=CARTESIAN_POINT('Ctrl Pts',(77.0979616164657,2.,17.0361554438471));
#9456=CARTESIAN_POINT('Ctrl Pts',(77.4471772073596,2.,16.7373579118111));
#9457=CARTESIAN_POINT('Ctrl Pts',(77.9052676719415,2.,16.6970236467186));
#9458=CARTESIAN_POINT('Ctrl Pts',(78.1364290118217,2.,16.6766701936722));
#9459=CARTESIAN_POINT('Ctrl Pts',(76.3847200274467,0.,18.6466561555862));
#9460=CARTESIAN_POINT('Ctrl Pts',(76.3847200274467,2.,18.6466561555862));
#9461=CARTESIAN_POINT('Ctrl Pts',(76.4131055463605,0.,18.3556676580683));
#9462=CARTESIAN_POINT('Ctrl Pts',(76.4131055463605,2.,18.3556676580683));
#9463=CARTESIAN_POINT('Ctrl Pts',(76.465478028512,0.,17.8187815810926));
#9464=CARTESIAN_POINT('Ctrl Pts',(76.465478028512,2.,17.8187815810926));
#9465=CARTESIAN_POINT('Ctrl Pts',(76.7806266962547,0.,17.3835246577023));
#9466=CARTESIAN_POINT('Ctrl Pts',(76.7806266962547,2.,17.3835246577023));
#9467=CARTESIAN_POINT('Ctrl Pts',(76.9249669909477,0.,17.1841739416122));
#9468=CARTESIAN_POINT('Ctrl Pts',(76.9249669909477,2.,17.1841739416122));
#9469=CARTESIAN_POINT('',(76.3847200274467,0.,18.6466561555862));
#9470=CARTESIAN_POINT('Ctrl Pts',(76.3847200274467,0.,18.6466561555862));
#9471=CARTESIAN_POINT('Ctrl Pts',(76.4131055463605,0.,18.3556676580683));
#9472=CARTESIAN_POINT('Ctrl Pts',(76.465478028512,0.,17.8187815810926));
#9473=CARTESIAN_POINT('Ctrl Pts',(76.7806266962547,0.,17.3835246577023));
#9474=CARTESIAN_POINT('Ctrl Pts',(76.9249669909477,0.,17.1841739416122));
#9475=CARTESIAN_POINT('',(76.3847200274467,2.,18.6466561555862));
#9476=CARTESIAN_POINT('',(76.3847200274467,0.,18.6466561555862));
#9477=CARTESIAN_POINT('Ctrl Pts',(76.3847200274467,2.,18.6466561555862));
#9478=CARTESIAN_POINT('Ctrl Pts',(76.4131055463605,2.,18.3556676580683));
#9479=CARTESIAN_POINT('Ctrl Pts',(76.465478028512,2.,17.8187815810926));
#9480=CARTESIAN_POINT('Ctrl Pts',(76.7806266962547,2.,17.3835246577023));
#9481=CARTESIAN_POINT('Ctrl Pts',(76.9249669909477,2.,17.1841739416122));
#9482=CARTESIAN_POINT('Origin',(80.7066861987114,0.,18.6466561555862));
#9483=CARTESIAN_POINT('',(80.7066861987114,0.,18.6466561555862));
#9484=CARTESIAN_POINT('',(40.3533430993557,0.,18.6466561555862));
#9485=CARTESIAN_POINT('',(80.7066861987114,2.,18.6466561555862));
#9486=CARTESIAN_POINT('',(80.7066861987114,0.,18.6466561555862));
#9487=CARTESIAN_POINT('',(80.7066861987114,2.,18.6466561555862));
#9488=CARTESIAN_POINT('Ctrl Pts',(80.7121412158012,0.,18.9085935354233));
#9489=CARTESIAN_POINT('Ctrl Pts',(80.7121412158012,2.,18.9085935354233));
#9490=CARTESIAN_POINT('Ctrl Pts',(80.7117947921952,0.,18.8722111207346));
#9491=CARTESIAN_POINT('Ctrl Pts',(80.7117947921952,2.,18.8722111207346));
#9492=CARTESIAN_POINT('Ctrl Pts',(80.7109632418566,0.,18.7848792855635));
#9493=CARTESIAN_POINT('Ctrl Pts',(80.7109632418566,2.,18.7848792855635));
#9494=CARTESIAN_POINT('Ctrl Pts',(80.7082620657267,0.,18.6975841597928));
#9495=CARTESIAN_POINT('Ctrl Pts',(80.7082620657267,2.,18.6975841597928));
#9496=CARTESIAN_POINT('Ctrl Pts',(80.7066861987114,0.,18.6466561555862));
#9497=CARTESIAN_POINT('Ctrl Pts',(80.7066861987114,2.,18.6466561555862));
#9498=CARTESIAN_POINT('',(80.7121412158012,0.,18.9085935354233));
#9499=CARTESIAN_POINT('Ctrl Pts',(80.7121412158012,0.,18.9085935354233));
#9500=CARTESIAN_POINT('Ctrl Pts',(80.7117947921952,0.,18.8722111207346));
#9501=CARTESIAN_POINT('Ctrl Pts',(80.7109632418566,0.,18.7848792855635));
#9502=CARTESIAN_POINT('Ctrl Pts',(80.7082620657267,0.,18.6975841597928));
#9503=CARTESIAN_POINT('Ctrl Pts',(80.7066861987114,0.,18.6466561555862));
#9504=CARTESIAN_POINT('',(80.7121412158012,2.,18.9085935354233));
#9505=CARTESIAN_POINT('',(80.7121412158012,0.,18.9085935354233));
#9506=CARTESIAN_POINT('Ctrl Pts',(80.7121412158012,2.,18.9085935354233));
#9507=CARTESIAN_POINT('Ctrl Pts',(80.7117947921952,2.,18.8722111207346));
#9508=CARTESIAN_POINT('Ctrl Pts',(80.7109632418566,2.,18.7848792855635));
#9509=CARTESIAN_POINT('Ctrl Pts',(80.7082620657267,2.,18.6975841597928));
#9510=CARTESIAN_POINT('Ctrl Pts',(80.7066861987114,2.,18.6466561555862));
#9511=CARTESIAN_POINT('Ctrl Pts',(79.9754468798637,0.,21.1350606679916));
#9512=CARTESIAN_POINT('Ctrl Pts',(79.9754468798637,2.,21.1350606679916));
#9513=CARTESIAN_POINT('Ctrl Pts',(80.1899687707168,0.,20.8281966182897));
#9514=CARTESIAN_POINT('Ctrl Pts',(80.1899687707168,2.,20.8281966182897));
#9515=CARTESIAN_POINT('Ctrl Pts',(80.6553569250505,0.,20.1624795059045));
#9516=CARTESIAN_POINT('Ctrl Pts',(80.6553569250505,2.,20.1624795059045));
#9517=CARTESIAN_POINT('Ctrl Pts',(80.6922526643442,0.,19.3477638643201));
#9518=CARTESIAN_POINT('Ctrl Pts',(80.6922526643442,2.,19.3477638643201));
#9519=CARTESIAN_POINT('Ctrl Pts',(80.7121412158012,0.,18.9085935354233));
#9520=CARTESIAN_POINT('Ctrl Pts',(80.7121412158012,2.,18.9085935354233));
#9521=CARTESIAN_POINT('',(79.9754468798637,0.,21.1350606679916));
#9522=CARTESIAN_POINT('Ctrl Pts',(79.9754468798637,0.,21.1350606679916));
#9523=CARTESIAN_POINT('Ctrl Pts',(80.1899687707168,0.,20.8281966182897));
#9524=CARTESIAN_POINT('Ctrl Pts',(80.6553569250505,0.,20.1624795059045));
#9525=CARTESIAN_POINT('Ctrl Pts',(80.6922526643442,0.,19.3477638643201));
#9526=CARTESIAN_POINT('Ctrl Pts',(80.7121412158012,0.,18.9085935354233));
#9527=CARTESIAN_POINT('',(79.9754468798637,2.,21.1350606679916));
#9528=CARTESIAN_POINT('',(79.9754468798637,0.,21.1350606679916));
#9529=CARTESIAN_POINT('Ctrl Pts',(79.9754468798637,2.,21.1350606679916));
#9530=CARTESIAN_POINT('Ctrl Pts',(80.1899687707168,2.,20.8281966182897));
#9531=CARTESIAN_POINT('Ctrl Pts',(80.6553569250505,2.,20.1624795059045));
#9532=CARTESIAN_POINT('Ctrl Pts',(80.6922526643442,2.,19.3477638643201));
#9533=CARTESIAN_POINT('Ctrl Pts',(80.7121412158012,2.,18.9085935354233));
#9534=CARTESIAN_POINT('Ctrl Pts',(78.0763999819756,0.,21.9263290166855));
#9535=CARTESIAN_POINT('Ctrl Pts',(78.0763999819756,2.,21.9263290166855));
#9536=CARTESIAN_POINT('Ctrl Pts',(78.4434692514367,0.,21.8961557937933));
#9537=CARTESIAN_POINT('Ctrl Pts',(78.4434692514367,2.,21.8961557937933));
#9538=CARTESIAN_POINT('Ctrl Pts',(79.1628204755569,0.,21.8370248704801));
#9539=CARTESIAN_POINT('Ctrl Pts',(79.1628204755569,2.,21.8370248704801));
#9540=CARTESIAN_POINT('Ctrl Pts',(79.7083091840685,0.,21.3658199672092));
#9541=CARTESIAN_POINT('Ctrl Pts',(79.7083091840685,2.,21.3658199672092));
#9542=CARTESIAN_POINT('Ctrl Pts',(79.9754468798637,0.,21.1350606679916));
#9543=CARTESIAN_POINT('Ctrl Pts',(79.9754468798637,2.,21.1350606679916));
#9544=CARTESIAN_POINT('',(78.0763999819756,0.,21.9263290166855));
#9545=CARTESIAN_POINT('Ctrl Pts',(78.0763999819756,0.,21.9263290166855));
#9546=CARTESIAN_POINT('Ctrl Pts',(78.4434692514367,0.,21.8961557937933));
#9547=CARTESIAN_POINT('Ctrl Pts',(79.1628204755569,0.,21.8370248704801));
#9548=CARTESIAN_POINT('Ctrl Pts',(79.7083091840685,0.,21.3658199672092));
#9549=CARTESIAN_POINT('Ctrl Pts',(79.9754468798637,0.,21.1350606679916));
#9550=CARTESIAN_POINT('',(78.0763999819756,2.,21.9263290166855));
#9551=CARTESIAN_POINT('',(78.0763999819756,0.,21.9263290166855));
#9552=CARTESIAN_POINT('Ctrl Pts',(78.0763999819756,2.,21.9263290166855));
#9553=CARTESIAN_POINT('Ctrl Pts',(78.4434692514367,2.,21.8961557937933));
#9554=CARTESIAN_POINT('Ctrl Pts',(79.1628204755569,2.,21.8370248704801));
#9555=CARTESIAN_POINT('Ctrl Pts',(79.7083091840685,2.,21.3658199672092));
#9556=CARTESIAN_POINT('Ctrl Pts',(79.9754468798637,2.,21.1350606679916));
#9557=CARTESIAN_POINT('Ctrl Pts',(76.1227838397026,0.,21.1186884641647));
#9558=CARTESIAN_POINT('Ctrl Pts',(76.1227838397026,2.,21.1186884641647));
#9559=CARTESIAN_POINT('Ctrl Pts',(76.3969973935443,0.,21.3542136231209));
#9560=CARTESIAN_POINT('Ctrl Pts',(76.3969973935443,2.,21.3542136231209));
#9561=CARTESIAN_POINT('Ctrl Pts',(76.9587440697636,0.,21.8367042708517));
#9562=CARTESIAN_POINT('Ctrl Pts',(76.9587440697636,2.,21.8367042708517));
#9563=CARTESIAN_POINT('Ctrl Pts',(77.6980051411786,0.,21.8959855620849));
#9564=CARTESIAN_POINT('Ctrl Pts',(77.6980051411786,2.,21.8959855620849));
#9565=CARTESIAN_POINT('Ctrl Pts',(78.0763999819756,0.,21.9263290166855));
#9566=CARTESIAN_POINT('Ctrl Pts',(78.0763999819756,2.,21.9263290166855));
#9567=CARTESIAN_POINT('',(76.1227838397026,0.,21.1186884641647));
#9568=CARTESIAN_POINT('Ctrl Pts',(76.1227838397026,0.,21.1186884641647));
#9569=CARTESIAN_POINT('Ctrl Pts',(76.3969973935443,0.,21.3542136231209));
#9570=CARTESIAN_POINT('Ctrl Pts',(76.9587440697636,0.,21.8367042708517));
#9571=CARTESIAN_POINT('Ctrl Pts',(77.6980051411786,0.,21.8959855620849));
#9572=CARTESIAN_POINT('Ctrl Pts',(78.0763999819756,0.,21.9263290166855));
#9573=CARTESIAN_POINT('',(76.1227838397026,2.,21.1186884641647));
#9574=CARTESIAN_POINT('',(76.1227838397026,0.,21.1186884641647));
#9575=CARTESIAN_POINT('Ctrl Pts',(76.1227838397026,2.,21.1186884641647));
#9576=CARTESIAN_POINT('Ctrl Pts',(76.3969973935443,2.,21.3542136231209));
#9577=CARTESIAN_POINT('Ctrl Pts',(76.9587440697636,2.,21.8367042708517));
#9578=CARTESIAN_POINT('Ctrl Pts',(77.6980051411786,2.,21.8959855620849));
#9579=CARTESIAN_POINT('Ctrl Pts',(78.0763999819756,2.,21.9263290166855));
#9580=CARTESIAN_POINT('Ctrl Pts',(75.3697149157524,0.,18.8485668897629));
#9581=CARTESIAN_POINT('Ctrl Pts',(75.3697149157524,2.,18.8485668897629));
#9582=CARTESIAN_POINT('Ctrl Pts',(75.3901427805336,0.,19.2962404508279));
#9583=CARTESIAN_POINT('Ctrl Pts',(75.3901427805336,2.,19.2962404508279));
#9584=CARTESIAN_POINT('Ctrl Pts',(75.4280608569483,0.,20.1272093493935));
#9585=CARTESIAN_POINT('Ctrl Pts',(75.4280608569483,2.,20.1272093493935));
#9586=CARTESIAN_POINT('Ctrl Pts',(75.9034871889119,0.,20.8057176044183));
#9587=CARTESIAN_POINT('Ctrl Pts',(75.9034871889119,2.,20.8057176044183));
#9588=CARTESIAN_POINT('Ctrl Pts',(76.1227838397026,0.,21.1186884641647));
#9589=CARTESIAN_POINT('Ctrl Pts',(76.1227838397026,2.,21.1186884641647));
#9590=CARTESIAN_POINT('',(75.3697149157524,0.,18.8485668897629));
#9591=CARTESIAN_POINT('Ctrl Pts',(75.3697149157524,0.,18.8485668897629));
#9592=CARTESIAN_POINT('Ctrl Pts',(75.3901427805336,0.,19.2962404508279));
#9593=CARTESIAN_POINT('Ctrl Pts',(75.4280608569483,0.,20.1272093493935));
#9594=CARTESIAN_POINT('Ctrl Pts',(75.9034871889119,0.,20.8057176044183));
#9595=CARTESIAN_POINT('Ctrl Pts',(76.1227838397026,0.,21.1186884641647));
#9596=CARTESIAN_POINT('',(75.3697149157524,2.,18.8485668897629));
#9597=CARTESIAN_POINT('',(75.3697149157524,0.,18.8485668897629));
#9598=CARTESIAN_POINT('Ctrl Pts',(75.3697149157524,2.,18.8485668897629));
#9599=CARTESIAN_POINT('Ctrl Pts',(75.3901427805336,2.,19.2962404508279));
#9600=CARTESIAN_POINT('Ctrl Pts',(75.4280608569483,2.,20.1272093493935));
#9601=CARTESIAN_POINT('Ctrl Pts',(75.9034871889119,2.,20.8057176044183));
#9602=CARTESIAN_POINT('Ctrl Pts',(76.1227838397026,2.,21.1186884641647));
#9603=CARTESIAN_POINT('Ctrl Pts',(76.1145965456963,0.,16.6521130800247));
#9604=CARTESIAN_POINT('Ctrl Pts',(76.1145965456963,2.,16.6521130800247));
#9605=CARTESIAN_POINT('Ctrl Pts',(75.8976596433974,0.,16.9547445910153));
#9606=CARTESIAN_POINT('Ctrl Pts',(75.8976596433974,2.,16.9547445910153));
#9607=CARTESIAN_POINT('Ctrl Pts',(75.4289885786822,0.,17.6085505178509));
#9608=CARTESIAN_POINT('Ctrl Pts',(75.4289885786822,2.,17.6085505178509));
#9609=CARTESIAN_POINT('Ctrl Pts',(75.3904271556544,0.,18.4152628672355));
#9610=CARTESIAN_POINT('Ctrl Pts',(75.3904271556544,2.,18.4152628672355));
#9611=CARTESIAN_POINT('Ctrl Pts',(75.3697149157524,0.,18.8485668897629));
#9612=CARTESIAN_POINT('Ctrl Pts',(75.3697149157524,2.,18.8485668897629));
#9613=CARTESIAN_POINT('',(76.1145965456963,0.,16.6521130800247));
#9614=CARTESIAN_POINT('Ctrl Pts',(76.1145965456963,0.,16.6521130800247));
#9615=CARTESIAN_POINT('Ctrl Pts',(75.8976596433974,0.,16.9547445910153));
#9616=CARTESIAN_POINT('Ctrl Pts',(75.4289885786822,0.,17.6085505178509));
#9617=CARTESIAN_POINT('Ctrl Pts',(75.3904271556544,0.,18.4152628672355));
#9618=CARTESIAN_POINT('Ctrl Pts',(75.3697149157524,0.,18.8485668897629));
#9619=CARTESIAN_POINT('',(76.1145965456963,2.,16.6521130800247));
#9620=CARTESIAN_POINT('',(76.1145965456963,0.,16.6521130800247));
#9621=CARTESIAN_POINT('Ctrl Pts',(76.1145965456963,2.,16.6521130800247));
#9622=CARTESIAN_POINT('Ctrl Pts',(75.8976596433974,2.,16.9547445910153));
#9623=CARTESIAN_POINT('Ctrl Pts',(75.4289885786822,2.,17.6085505178509));
#9624=CARTESIAN_POINT('Ctrl Pts',(75.3904271556544,2.,18.4152628672355));
#9625=CARTESIAN_POINT('Ctrl Pts',(75.3697149157524,2.,18.8485668897629));
#9626=CARTESIAN_POINT('Ctrl Pts',(78.1309692263603,0.,15.8690308332443));
#9627=CARTESIAN_POINT('Ctrl Pts',(78.1309692263603,2.,15.8690308332443));
#9628=CARTESIAN_POINT('Ctrl Pts',(77.7354191135395,0.,15.8952426728082));
#9629=CARTESIAN_POINT('Ctrl Pts',(77.7354191135395,2.,15.8952426728082));
#9630=CARTESIAN_POINT('Ctrl Pts',(76.9790057451891,0.,15.9453677649585));
#9631=CARTESIAN_POINT('Ctrl Pts',(76.9790057451891,2.,15.9453677649585));
#9632=CARTESIAN_POINT('Ctrl Pts',(76.3937874919415,0.,16.4238451562411));
#9633=CARTESIAN_POINT('Ctrl Pts',(76.3937874919415,2.,16.4238451562411));
#9634=CARTESIAN_POINT('Ctrl Pts',(76.1145965456963,0.,16.6521130800247));
#9635=CARTESIAN_POINT('Ctrl Pts',(76.1145965456963,2.,16.6521130800247));
#9636=CARTESIAN_POINT('',(78.1309692263603,0.,15.8690308332443));
#9637=CARTESIAN_POINT('Ctrl Pts',(78.1309692263603,0.,15.8690308332443));
#9638=CARTESIAN_POINT('Ctrl Pts',(77.7354191135395,0.,15.8952426728082));
#9639=CARTESIAN_POINT('Ctrl Pts',(76.9790057451891,0.,15.9453677649585));
#9640=CARTESIAN_POINT('Ctrl Pts',(76.3937874919415,0.,16.4238451562411));
#9641=CARTESIAN_POINT('Ctrl Pts',(76.1145965456963,0.,16.6521130800247));
#9642=CARTESIAN_POINT('',(78.1309692263603,2.,15.8690308332443));
#9643=CARTESIAN_POINT('',(78.1309692263603,0.,15.8690308332443));
#9644=CARTESIAN_POINT('Ctrl Pts',(78.1309692263603,2.,15.8690308332443));
#9645=CARTESIAN_POINT('Ctrl Pts',(77.7354191135395,2.,15.8952426728082));
#9646=CARTESIAN_POINT('Ctrl Pts',(76.9790057451891,2.,15.9453677649585));
#9647=CARTESIAN_POINT('Ctrl Pts',(76.3937874919415,2.,16.4238451562411));
#9648=CARTESIAN_POINT('Ctrl Pts',(76.1145965456963,2.,16.6521130800247));
#9649=CARTESIAN_POINT('Ctrl Pts',(79.7899047732353,0.,16.3601623773575));
#9650=CARTESIAN_POINT('Ctrl Pts',(79.7899047732353,2.,16.3601623773575));
#9651=CARTESIAN_POINT('Ctrl Pts',(79.5496626828895,0.,16.2170455989537));
#9652=CARTESIAN_POINT('Ctrl Pts',(79.5496626828895,2.,16.2170455989537));
#9653=CARTESIAN_POINT('Ctrl Pts',(79.0396385506601,0.,15.9132145316842));
#9654=CARTESIAN_POINT('Ctrl Pts',(79.0396385506601,2.,15.9132145316842));
#9655=CARTESIAN_POINT('Ctrl Pts',(78.4453328129084,0.,15.8843166424348));
#9656=CARTESIAN_POINT('Ctrl Pts',(78.4453328129084,2.,15.8843166424348));
#9657=CARTESIAN_POINT('Ctrl Pts',(78.1309692263603,0.,15.8690308332443));
#9658=CARTESIAN_POINT('Ctrl Pts',(78.1309692263603,2.,15.8690308332443));
#9659=CARTESIAN_POINT('',(79.7899047732353,0.,16.3601623773575));
#9660=CARTESIAN_POINT('Ctrl Pts',(79.7899047732353,0.,16.3601623773575));
#9661=CARTESIAN_POINT('Ctrl Pts',(79.5496626828895,0.,16.2170455989537));
#9662=CARTESIAN_POINT('Ctrl Pts',(79.0396385506601,0.,15.9132145316842));
#9663=CARTESIAN_POINT('Ctrl Pts',(78.4453328129084,0.,15.8843166424348));
#9664=CARTESIAN_POINT('Ctrl Pts',(78.1309692263603,0.,15.8690308332443));
#9665=CARTESIAN_POINT('',(79.7899047732353,2.,16.3601623773575));
#9666=CARTESIAN_POINT('',(79.7899047732353,0.,16.3601623773575));
#9667=CARTESIAN_POINT('Ctrl Pts',(79.7899047732353,2.,16.3601623773575));
#9668=CARTESIAN_POINT('Ctrl Pts',(79.5496626828895,2.,16.2170455989537));
#9669=CARTESIAN_POINT('Ctrl Pts',(79.0396385506601,2.,15.9132145316842));
#9670=CARTESIAN_POINT('Ctrl Pts',(78.4453328129084,2.,15.8843166424348));
#9671=CARTESIAN_POINT('Ctrl Pts',(78.1309692263603,2.,15.8690308332443));
#9672=CARTESIAN_POINT('Ctrl Pts',(80.679401576519,0.,17.7407907247543));
#9673=CARTESIAN_POINT('Ctrl Pts',(80.679401576519,2.,17.7407907247543));
#9674=CARTESIAN_POINT('Ctrl Pts',(80.586147560017,0.,17.4638610529711));
#9675=CARTESIAN_POINT('Ctrl Pts',(80.586147560017,2.,17.4638610529711));
#9676=CARTESIAN_POINT('Ctrl Pts',(80.4056840421198,0.,16.9279516663866));
#9677=CARTESIAN_POINT('Ctrl Pts',(80.4056840421198,2.,16.9279516663866));
#9678=CARTESIAN_POINT('Ctrl Pts',(79.9905294127709,0.,16.5451515889137));
#9679=CARTESIAN_POINT('Ctrl Pts',(79.9905294127709,2.,16.5451515889137));
#9680=CARTESIAN_POINT('Ctrl Pts',(79.7899047732353,0.,16.3601623773575));
#9681=CARTESIAN_POINT('Ctrl Pts',(79.7899047732353,2.,16.3601623773575));
#9682=CARTESIAN_POINT('',(80.679401576519,0.,17.7407907247543));
#9683=CARTESIAN_POINT('Ctrl Pts',(80.679401576519,0.,17.7407907247543));
#9684=CARTESIAN_POINT('Ctrl Pts',(80.586147560017,0.,17.4638610529711));
#9685=CARTESIAN_POINT('Ctrl Pts',(80.4056840421198,0.,16.9279516663866));
#9686=CARTESIAN_POINT('Ctrl Pts',(79.9905294127709,0.,16.5451515889137));
#9687=CARTESIAN_POINT('Ctrl Pts',(79.7899047732353,0.,16.3601623773575));
#9688=CARTESIAN_POINT('',(80.679401576519,2.,17.7407907247543));
#9689=CARTESIAN_POINT('',(80.679401576519,0.,17.7407907247543));
#9690=CARTESIAN_POINT('Ctrl Pts',(80.679401576519,2.,17.7407907247543));
#9691=CARTESIAN_POINT('Ctrl Pts',(80.586147560017,2.,17.4638610529711));
#9692=CARTESIAN_POINT('Ctrl Pts',(80.4056840421198,2.,16.9279516663866));
#9693=CARTESIAN_POINT('Ctrl Pts',(79.9905294127709,2.,16.5451515889137));
#9694=CARTESIAN_POINT('Ctrl Pts',(79.7899047732353,2.,16.3601623773575));
#9695=CARTESIAN_POINT('Origin',(79.6643964648247,0.,17.8663014173508));
#9696=CARTESIAN_POINT('',(79.6643964648247,0.,17.8663014173508));
#9697=CARTESIAN_POINT('',(41.5200791797862,0.,22.5830458217919));
#9698=CARTESIAN_POINT('',(79.6643964648247,2.,17.8663014173508));
#9699=CARTESIAN_POINT('',(79.6643964648247,0.,17.8663014173508));
#9700=CARTESIAN_POINT('',(79.6643964648247,2.,17.8663014173508));
#9701=CARTESIAN_POINT('Ctrl Pts',(79.0586654543877,0.,16.9604359865189));
#9702=CARTESIAN_POINT('Ctrl Pts',(79.0586654543877,2.,16.9604359865189));
#9703=CARTESIAN_POINT('Ctrl Pts',(79.1820295647803,0.,17.0768795433151));
#9704=CARTESIAN_POINT('Ctrl Pts',(79.1820295647803,2.,17.0768795433151));
#9705=CARTESIAN_POINT('Ctrl Pts',(79.4522114948355,0.,17.3319046459773));
#9706=CARTESIAN_POINT('Ctrl Pts',(79.4522114948355,2.,17.3319046459773));
#9707=CARTESIAN_POINT('Ctrl Pts',(79.5896901018591,0.,17.6781503000878));
#9708=CARTESIAN_POINT('Ctrl Pts',(79.5896901018591,2.,17.6781503000878));
#9709=CARTESIAN_POINT('Ctrl Pts',(79.6643964648247,0.,17.8663014173508));
#9710=CARTESIAN_POINT('Ctrl Pts',(79.6643964648247,2.,17.8663014173508));
#9711=CARTESIAN_POINT('Ctrl Pts',(79.0586654543877,0.,16.9604359865189));
#9712=CARTESIAN_POINT('Ctrl Pts',(79.1820295647803,0.,17.0768795433151));
#9713=CARTESIAN_POINT('Ctrl Pts',(79.4522114948355,0.,17.3319046459773));
#9714=CARTESIAN_POINT('Ctrl Pts',(79.5896901018591,0.,17.6781503000878));
#9715=CARTESIAN_POINT('Ctrl Pts',(79.6643964648247,0.,17.8663014173508));
#9716=CARTESIAN_POINT('Ctrl Pts',(79.0586654543877,2.,16.9604359865189));
#9717=CARTESIAN_POINT('Ctrl Pts',(79.1820295647803,2.,17.0768795433151));
#9718=CARTESIAN_POINT('Ctrl Pts',(79.4522114948355,2.,17.3319046459773));
#9719=CARTESIAN_POINT('Ctrl Pts',(79.5896901018591,2.,17.6781503000878));
#9720=CARTESIAN_POINT('Ctrl Pts',(79.6643964648247,2.,17.8663014173508));
#9721=CARTESIAN_POINT('Origin',(50.0000004172325,2.,18.8894941210747));
#9722=CARTESIAN_POINT('Ctrl Pts',(69.9181453585625,0.,17.566165804863));
#9723=CARTESIAN_POINT('Ctrl Pts',(69.9181453585625,2.,17.566165804863));
#9724=CARTESIAN_POINT('Ctrl Pts',(69.9640648487633,0.,17.7023775627023));
#9725=CARTESIAN_POINT('Ctrl Pts',(69.9640648487633,2.,17.7023775627023));
#9726=CARTESIAN_POINT('Ctrl Pts',(70.0712051212587,0.,18.02018955905));
#9727=CARTESIAN_POINT('Ctrl Pts',(70.0712051212587,2.,18.02018955905));
#9728=CARTESIAN_POINT('Ctrl Pts',(70.0745097717292,0.,18.3563470747149));
#9729=CARTESIAN_POINT('Ctrl Pts',(70.0745097717292,2.,18.3563470747149));
#9730=CARTESIAN_POINT('Ctrl Pts',(70.0763980746269,0.,18.5484300851822));
#9731=CARTESIAN_POINT('Ctrl Pts',(70.0763980746269,2.,18.5484300851822));
#9732=CARTESIAN_POINT('',(69.9181453585625,0.,17.566165804863));
#9733=CARTESIAN_POINT('',(70.0763980746269,0.,18.5484300851822));
#9734=CARTESIAN_POINT('Ctrl Pts',(69.9181453585625,0.,17.566165804863));
#9735=CARTESIAN_POINT('Ctrl Pts',(69.9640648487633,0.,17.7023775627023));
#9736=CARTESIAN_POINT('Ctrl Pts',(70.0712051212587,0.,18.02018955905));
#9737=CARTESIAN_POINT('Ctrl Pts',(70.0745097717292,0.,18.3563470747149));
#9738=CARTESIAN_POINT('Ctrl Pts',(70.0763980746269,0.,18.5484300851822));
#9739=CARTESIAN_POINT('',(69.9181453585625,2.,17.566165804863));
#9740=CARTESIAN_POINT('',(69.9181453585625,0.,17.566165804863));
#9741=CARTESIAN_POINT('',(70.0763980746269,2.,18.5484300851822));
#9742=CARTESIAN_POINT('Ctrl Pts',(69.9181453585625,2.,17.566165804863));
#9743=CARTESIAN_POINT('Ctrl Pts',(69.9640648487633,2.,17.7023775627023));
#9744=CARTESIAN_POINT('Ctrl Pts',(70.0712051212587,2.,18.02018955905));
#9745=CARTESIAN_POINT('Ctrl Pts',(70.0745097717292,2.,18.3563470747149));
#9746=CARTESIAN_POINT('Ctrl Pts',(70.0763980746269,2.,18.5484300851822));
#9747=CARTESIAN_POINT('',(70.0763980746269,0.,18.5484300851822));
#9748=CARTESIAN_POINT('Ctrl Pts',(69.268759906292,0.,16.8867658376694));
#9749=CARTESIAN_POINT('Ctrl Pts',(69.268759906292,2.,16.8867658376694));
#9750=CARTESIAN_POINT('Ctrl Pts',(69.4057635733184,0.,16.9759977104854));
#9751=CARTESIAN_POINT('Ctrl Pts',(69.4057635733184,2.,16.9759977104854));
#9752=CARTESIAN_POINT('Ctrl Pts',(69.6755704658347,0.,17.1517256660975));
#9753=CARTESIAN_POINT('Ctrl Pts',(69.6755704658347,2.,17.1517256660975));
#9754=CARTESIAN_POINT('Ctrl Pts',(69.8381306576487,0.,17.4294603800885));
#9755=CARTESIAN_POINT('Ctrl Pts',(69.8381306576487,2.,17.4294603800885));
#9756=CARTESIAN_POINT('Ctrl Pts',(69.9181453585625,0.,17.566165804863));
#9757=CARTESIAN_POINT('Ctrl Pts',(69.9181453585625,2.,17.566165804863));
#9758=CARTESIAN_POINT('',(69.268759906292,0.,16.8867658376694));
#9759=CARTESIAN_POINT('Ctrl Pts',(69.268759906292,0.,16.8867658376694));
#9760=CARTESIAN_POINT('Ctrl Pts',(69.4057635733184,0.,16.9759977104854));
#9761=CARTESIAN_POINT('Ctrl Pts',(69.6755704658347,0.,17.1517256660975));
#9762=CARTESIAN_POINT('Ctrl Pts',(69.8381306576487,0.,17.4294603800885));
#9763=CARTESIAN_POINT('Ctrl Pts',(69.9181453585625,0.,17.566165804863));
#9764=CARTESIAN_POINT('',(69.268759906292,2.,16.8867658376694));
#9765=CARTESIAN_POINT('',(69.268759906292,0.,16.8867658376694));
#9766=CARTESIAN_POINT('Ctrl Pts',(69.268759906292,2.,16.8867658376694));
#9767=CARTESIAN_POINT('Ctrl Pts',(69.4057635733184,2.,16.9759977104854));
#9768=CARTESIAN_POINT('Ctrl Pts',(69.6755704658347,2.,17.1517256660975));
#9769=CARTESIAN_POINT('Ctrl Pts',(69.8381306576487,2.,17.4294603800885));
#9770=CARTESIAN_POINT('Ctrl Pts',(69.9181453585625,2.,17.566165804863));
#9771=CARTESIAN_POINT('Ctrl Pts',(68.2592098116875,0.,16.6384707689285));
#9772=CARTESIAN_POINT('Ctrl Pts',(68.2592098116875,2.,16.6384707689285));
#9773=CARTESIAN_POINT('Ctrl Pts',(68.4408338545383,0.,16.647535750889));
#9774=CARTESIAN_POINT('Ctrl Pts',(68.4408338545383,2.,16.647535750889));
#9775=CARTESIAN_POINT('Ctrl Pts',(68.7936425017327,0.,16.665144675193));
#9776=CARTESIAN_POINT('Ctrl Pts',(68.7936425017327,2.,16.665144675193));
#9777=CARTESIAN_POINT('Ctrl Pts',(69.1135426688991,0.,16.8143638918402));
#9778=CARTESIAN_POINT('Ctrl Pts',(69.1135426688991,2.,16.8143638918402));
#9779=CARTESIAN_POINT('Ctrl Pts',(69.268759906292,0.,16.8867658376694));
#9780=CARTESIAN_POINT('Ctrl Pts',(69.268759906292,2.,16.8867658376694));
#9781=CARTESIAN_POINT('',(68.2592098116875,0.,16.6384707689285));
#9782=CARTESIAN_POINT('Ctrl Pts',(68.2592098116875,0.,16.6384707689285));
#9783=CARTESIAN_POINT('Ctrl Pts',(68.4408338545383,0.,16.647535750889));
#9784=CARTESIAN_POINT('Ctrl Pts',(68.7936425017327,0.,16.665144675193));
#9785=CARTESIAN_POINT('Ctrl Pts',(69.1135426688991,0.,16.8143638918402));
#9786=CARTESIAN_POINT('Ctrl Pts',(69.268759906292,0.,16.8867658376694));
#9787=CARTESIAN_POINT('',(68.2592098116875,2.,16.6384707689285));
#9788=CARTESIAN_POINT('',(68.2592098116875,0.,16.6384707689285));
#9789=CARTESIAN_POINT('Ctrl Pts',(68.2592098116875,2.,16.6384707689285));
#9790=CARTESIAN_POINT('Ctrl Pts',(68.4408338545383,2.,16.647535750889));
#9791=CARTESIAN_POINT('Ctrl Pts',(68.7936425017327,2.,16.665144675193));
#9792=CARTESIAN_POINT('Ctrl Pts',(69.1135426688991,2.,16.8143638918402));
#9793=CARTESIAN_POINT('Ctrl Pts',(69.268759906292,2.,16.8867658376694));
#9794=CARTESIAN_POINT('Ctrl Pts',(67.3888151049614,0.,16.9004081487656));
#9795=CARTESIAN_POINT('Ctrl Pts',(67.3888151049614,2.,16.9004081487656));
#9796=CARTESIAN_POINT('Ctrl Pts',(67.5074748426364,0.,16.8242091651731));
#9797=CARTESIAN_POINT('Ctrl Pts',(67.5074748426364,2.,16.8242091651731));
#9798=CARTESIAN_POINT('Ctrl Pts',(67.7712497946773,0.,16.65482244954));
#9799=CARTESIAN_POINT('Ctrl Pts',(67.7712497946773,2.,16.65482244954));
#9800=CARTESIAN_POINT('Ctrl Pts',(68.0860326891054,0.,16.644273984149));
#9801=CARTESIAN_POINT('Ctrl Pts',(68.0860326891054,2.,16.644273984149));
#9802=CARTESIAN_POINT('Ctrl Pts',(68.2592098116875,0.,16.6384707689285));
#9803=CARTESIAN_POINT('Ctrl Pts',(68.2592098116875,2.,16.6384707689285));
#9804=CARTESIAN_POINT('',(67.3888151049614,0.,16.9004081487656));
#9805=CARTESIAN_POINT('Ctrl Pts',(67.3888151049614,0.,16.9004081487656));
#9806=CARTESIAN_POINT('Ctrl Pts',(67.5074748426364,0.,16.8242091651731));
#9807=CARTESIAN_POINT('Ctrl Pts',(67.7712497946773,0.,16.65482244954));
#9808=CARTESIAN_POINT('Ctrl Pts',(68.0860326891054,0.,16.644273984149));
#9809=CARTESIAN_POINT('Ctrl Pts',(68.2592098116875,0.,16.6384707689285));
#9810=CARTESIAN_POINT('',(67.3888151049614,2.,16.9004081487656));
#9811=CARTESIAN_POINT('',(67.3888151049614,0.,16.9004081487656));
#9812=CARTESIAN_POINT('Ctrl Pts',(67.3888151049614,2.,16.9004081487656));
#9813=CARTESIAN_POINT('Ctrl Pts',(67.5074748426364,2.,16.8242091651731));
#9814=CARTESIAN_POINT('Ctrl Pts',(67.7712497946773,2.,16.65482244954));
#9815=CARTESIAN_POINT('Ctrl Pts',(68.0860326891054,2.,16.644273984149));
#9816=CARTESIAN_POINT('Ctrl Pts',(68.2592098116875,2.,16.6384707689285));
#9817=CARTESIAN_POINT('Ctrl Pts',(67.0914070010185,0.,17.5552510023117));
#9818=CARTESIAN_POINT('Ctrl Pts',(67.0914070010185,2.,17.5552510023117));
#9819=CARTESIAN_POINT('Ctrl Pts',(67.1039217640548,0.,17.4296327162664));
#9820=CARTESIAN_POINT('Ctrl Pts',(67.1039217640548,2.,17.4296327162664));
#9821=CARTESIAN_POINT('Ctrl Pts',(67.1290133597619,0.,17.1777731135143));
#9822=CARTESIAN_POINT('Ctrl Pts',(67.1290133597619,2.,17.1777731135143));
#9823=CARTESIAN_POINT('Ctrl Pts',(67.3020718237135,0.,16.9930154833585));
#9824=CARTESIAN_POINT('Ctrl Pts',(67.3020718237135,2.,16.9930154833585));
#9825=CARTESIAN_POINT('Ctrl Pts',(67.3888151049614,0.,16.9004081487656));
#9826=CARTESIAN_POINT('Ctrl Pts',(67.3888151049614,2.,16.9004081487656));
#9827=CARTESIAN_POINT('',(67.0914070010185,0.,17.5552510023117));
#9828=CARTESIAN_POINT('Ctrl Pts',(67.0914070010185,0.,17.5552510023117));
#9829=CARTESIAN_POINT('Ctrl Pts',(67.1039217640548,0.,17.4296327162664));
#9830=CARTESIAN_POINT('Ctrl Pts',(67.1290133597619,0.,17.1777731135143));
#9831=CARTESIAN_POINT('Ctrl Pts',(67.3020718237135,0.,16.9930154833585));
#9832=CARTESIAN_POINT('Ctrl Pts',(67.3888151049614,0.,16.9004081487656));
#9833=CARTESIAN_POINT('',(67.0914070010185,2.,17.5552510023117));
#9834=CARTESIAN_POINT('',(67.0914070010185,0.,17.5552510023117));
#9835=CARTESIAN_POINT('Ctrl Pts',(67.0914070010185,2.,17.5552510023117));
#9836=CARTESIAN_POINT('Ctrl Pts',(67.1039217640548,2.,17.4296327162664));
#9837=CARTESIAN_POINT('Ctrl Pts',(67.1290133597619,2.,17.1777731135143));
#9838=CARTESIAN_POINT('Ctrl Pts',(67.3020718237135,2.,16.9930154833585));
#9839=CARTESIAN_POINT('Ctrl Pts',(67.3888151049614,2.,16.9004081487656));
#9840=CARTESIAN_POINT('Ctrl Pts',(67.2278301119804,0.,18.0218266248703));
#9841=CARTESIAN_POINT('Ctrl Pts',(67.2278301119804,2.,18.0218266248703));
#9842=CARTESIAN_POINT('Ctrl Pts',(67.1880416706151,0.,17.9495971184282));
#9843=CARTESIAN_POINT('Ctrl Pts',(67.1880416706151,2.,17.9495971184282));
#9844=CARTESIAN_POINT('Ctrl Pts',(67.1079619033967,0.,17.8042251997579));
#9845=CARTESIAN_POINT('Ctrl Pts',(67.1079619033967,2.,17.8042251997579));
#9846=CARTESIAN_POINT('Ctrl Pts',(67.0969483560828,0.,17.638589121642));
#9847=CARTESIAN_POINT('Ctrl Pts',(67.0969483560828,2.,17.638589121642));
#9848=CARTESIAN_POINT('Ctrl Pts',(67.0914070010185,0.,17.5552510023117));
#9849=CARTESIAN_POINT('Ctrl Pts',(67.0914070010185,2.,17.5552510023117));
#9850=CARTESIAN_POINT('',(67.2278301119804,0.,18.0218266248703));
#9851=CARTESIAN_POINT('Ctrl Pts',(67.2278301119804,0.,18.0218266248703));
#9852=CARTESIAN_POINT('Ctrl Pts',(67.1880416706151,0.,17.9495971184282));
#9853=CARTESIAN_POINT('Ctrl Pts',(67.1079619033967,0.,17.8042251997579));
#9854=CARTESIAN_POINT('Ctrl Pts',(67.0969483560828,0.,17.638589121642));
#9855=CARTESIAN_POINT('Ctrl Pts',(67.0914070010185,0.,17.5552510023117));
#9856=CARTESIAN_POINT('',(67.2278301119804,2.,18.0218266248703));
#9857=CARTESIAN_POINT('',(67.2278301119804,0.,18.0218266248703));
#9858=CARTESIAN_POINT('Ctrl Pts',(67.2278301119804,2.,18.0218266248703));
#9859=CARTESIAN_POINT('Ctrl Pts',(67.1880416706151,2.,17.9495971184282));
#9860=CARTESIAN_POINT('Ctrl Pts',(67.1079619033967,2.,17.8042251997579));
#9861=CARTESIAN_POINT('Ctrl Pts',(67.0969483560828,2.,17.638589121642));
#9862=CARTESIAN_POINT('Ctrl Pts',(67.0914070010185,2.,17.5552510023117));
#9863=CARTESIAN_POINT('Ctrl Pts',(67.6152793765068,0.,18.3410631418228));
#9864=CARTESIAN_POINT('Ctrl Pts',(67.6152793765068,2.,18.3410631418228));
#9865=CARTESIAN_POINT('Ctrl Pts',(67.5369507156973,0.,18.3013377430649));
#9866=CARTESIAN_POINT('Ctrl Pts',(67.5369507156973,2.,18.3013377430649));
#9867=CARTESIAN_POINT('Ctrl Pts',(67.3839051385563,0.,18.2237186887209));
#9868=CARTESIAN_POINT('Ctrl Pts',(67.3839051385563,2.,18.2237186887209));
#9869=CARTESIAN_POINT('Ctrl Pts',(67.2790301340926,0.,18.0880568114683));
#9870=CARTESIAN_POINT('Ctrl Pts',(67.2790301340926,2.,18.0880568114683));
#9871=CARTESIAN_POINT('Ctrl Pts',(67.2278301119804,0.,18.0218266248703));
#9872=CARTESIAN_POINT('Ctrl Pts',(67.2278301119804,2.,18.0218266248703));
#9873=CARTESIAN_POINT('',(67.6152793765068,0.,18.3410631418228));
#9874=CARTESIAN_POINT('Ctrl Pts',(67.6152793765068,0.,18.3410631418228));
#9875=CARTESIAN_POINT('Ctrl Pts',(67.5369507156973,0.,18.3013377430649));
#9876=CARTESIAN_POINT('Ctrl Pts',(67.3839051385563,0.,18.2237186887209));
#9877=CARTESIAN_POINT('Ctrl Pts',(67.2790301340926,0.,18.0880568114683));
#9878=CARTESIAN_POINT('Ctrl Pts',(67.2278301119804,0.,18.0218266248703));
#9879=CARTESIAN_POINT('',(67.6152793765068,2.,18.3410631418228));
#9880=CARTESIAN_POINT('',(67.6152793765068,0.,18.3410631418228));
#9881=CARTESIAN_POINT('Ctrl Pts',(67.6152793765068,2.,18.3410631418228));
#9882=CARTESIAN_POINT('Ctrl Pts',(67.5369507156973,2.,18.3013377430649));
#9883=CARTESIAN_POINT('Ctrl Pts',(67.3839051385563,2.,18.2237186887209));
#9884=CARTESIAN_POINT('Ctrl Pts',(67.2790301340926,2.,18.0880568114683));
#9885=CARTESIAN_POINT('Ctrl Pts',(67.2278301119804,2.,18.0218266248703));
#9886=CARTESIAN_POINT('Ctrl Pts',(68.4720317721367,0.,18.5375164747238));
#9887=CARTESIAN_POINT('Ctrl Pts',(68.4720317721367,2.,18.5375164747238));
#9888=CARTESIAN_POINT('Ctrl Pts',(68.2982279400177,0.,18.5126168640973));
#9889=CARTESIAN_POINT('Ctrl Pts',(68.2982279400177,2.,18.5126168640973));
#9890=CARTESIAN_POINT('Ctrl Pts',(68.0069102705786,0.,18.4708819008965));
#9891=CARTESIAN_POINT('Ctrl Pts',(68.0069102705786,2.,18.4708819008965));
#9892=CARTESIAN_POINT('Ctrl Pts',(67.7278490987875,0.,18.378378026519));
#9893=CARTESIAN_POINT('Ctrl Pts',(67.7278490987875,2.,18.378378026519));
#9894=CARTESIAN_POINT('Ctrl Pts',(67.6152793765068,0.,18.3410631418228));
#9895=CARTESIAN_POINT('Ctrl Pts',(67.6152793765068,2.,18.3410631418228));
#9896=CARTESIAN_POINT('',(68.4720317721367,0.,18.5375164747238));
#9897=CARTESIAN_POINT('Ctrl Pts',(68.4720317721367,0.,18.5375164747238));
#9898=CARTESIAN_POINT('Ctrl Pts',(68.2982279400177,0.,18.5126168640973));
#9899=CARTESIAN_POINT('Ctrl Pts',(68.0069102705786,0.,18.4708819008965));
#9900=CARTESIAN_POINT('Ctrl Pts',(67.7278490987875,0.,18.378378026519));
#9901=CARTESIAN_POINT('Ctrl Pts',(67.6152793765068,0.,18.3410631418228));
#9902=CARTESIAN_POINT('',(68.4720317721367,2.,18.5375164747238));
#9903=CARTESIAN_POINT('',(68.4720317721367,0.,18.5375164747238));
#9904=CARTESIAN_POINT('Ctrl Pts',(68.4720317721367,2.,18.5375164747238));
#9905=CARTESIAN_POINT('Ctrl Pts',(68.2982279400177,2.,18.5126168640973));
#9906=CARTESIAN_POINT('Ctrl Pts',(68.0069102705786,2.,18.4708819008965));
#9907=CARTESIAN_POINT('Ctrl Pts',(67.7278490987875,2.,18.378378026519));
#9908=CARTESIAN_POINT('Ctrl Pts',(67.6152793765068,2.,18.3410631418228));
#9909=CARTESIAN_POINT('Ctrl Pts',(70.0763980746269,0.,18.9085935354233));
#9910=CARTESIAN_POINT('Ctrl Pts',(70.0763980746269,2.,18.9085935354233));
#9911=CARTESIAN_POINT('Ctrl Pts',(69.8548877994499,0.,18.8358077572983));
#9912=CARTESIAN_POINT('Ctrl Pts',(69.8548877994499,2.,18.8358077572983));
#9913=CARTESIAN_POINT('Ctrl Pts',(69.3316993157778,0.,18.6638939223322));
#9914=CARTESIAN_POINT('Ctrl Pts',(69.3316993157778,2.,18.6638939223322));
#9915=CARTESIAN_POINT('Ctrl Pts',(68.78643768394,0.,18.5837364546924));
#9916=CARTESIAN_POINT('Ctrl Pts',(68.78643768394,2.,18.5837364546924));
#9917=CARTESIAN_POINT('Ctrl Pts',(68.4720317721367,0.,18.5375164747238));
#9918=CARTESIAN_POINT('Ctrl Pts',(68.4720317721367,2.,18.5375164747238));
#9919=CARTESIAN_POINT('',(70.0763980746269,0.,18.9085935354233));
#9920=CARTESIAN_POINT('Ctrl Pts',(70.0763980746269,0.,18.9085935354233));
#9921=CARTESIAN_POINT('Ctrl Pts',(69.8548877994499,0.,18.8358077572983));
#9922=CARTESIAN_POINT('Ctrl Pts',(69.3316993157778,0.,18.6638939223322));
#9923=CARTESIAN_POINT('Ctrl Pts',(68.78643768394,0.,18.5837364546924));
#9924=CARTESIAN_POINT('Ctrl Pts',(68.4720317721367,0.,18.5375164747238));
#9925=CARTESIAN_POINT('',(70.0763980746269,2.,18.9085935354233));
#9926=CARTESIAN_POINT('',(70.0763980746269,0.,18.9085935354233));
#9927=CARTESIAN_POINT('Ctrl Pts',(70.0763980746269,2.,18.9085935354233));
#9928=CARTESIAN_POINT('Ctrl Pts',(69.8548877994499,2.,18.8358077572983));
#9929=CARTESIAN_POINT('Ctrl Pts',(69.3316993157778,2.,18.6638939223322));
#9930=CARTESIAN_POINT('Ctrl Pts',(68.78643768394,2.,18.5837364546924));
#9931=CARTESIAN_POINT('Ctrl Pts',(68.4720317721367,2.,18.5375164747238));
#9932=CARTESIAN_POINT('Origin',(70.0763980746269,0.,18.5484300851822));
#9933=CARTESIAN_POINT('',(70.0763980746269,0.,9.27421504259109));
#9934=CARTESIAN_POINT('',(70.0763980746269,2.,18.5484300851822));
#9935=CARTESIAN_POINT('Origin',(71.3806287646294,0.,15.9999989271164));
#9936=CARTESIAN_POINT('',(71.3806287646294,0.,15.9999989271164));
#9937=CARTESIAN_POINT('',(70.3547088503838,0.,15.9999989271164));
#9938=CARTESIAN_POINT('',(35.6903143823147,0.,15.9999989271164));
#9939=CARTESIAN_POINT('',(71.3806287646294,2.,15.9999989271164));
#9940=CARTESIAN_POINT('',(71.3806287646294,0.,15.9999989271164));
#9941=CARTESIAN_POINT('',(70.3547088503838,2.,15.9999989271164));
#9942=CARTESIAN_POINT('',(71.3806287646294,2.,15.9999989271164));
#9943=CARTESIAN_POINT('',(70.3547088503838,0.,15.9999989271164));
#9944=CARTESIAN_POINT('Ctrl Pts',(71.1323348879814,0.,16.695769906044));
#9945=CARTESIAN_POINT('Ctrl Pts',(71.1323348879814,2.,16.695769906044));
#9946=CARTESIAN_POINT('Ctrl Pts',(71.1586352272099,0.,16.5755802079537));
#9947=CARTESIAN_POINT('Ctrl Pts',(71.1586352272099,2.,16.5755802079537));
#9948=CARTESIAN_POINT('Ctrl Pts',(71.2116994421902,0.,16.3330825001302));
#9949=CARTESIAN_POINT('Ctrl Pts',(71.2116994421902,2.,16.3330825001302));
#9950=CARTESIAN_POINT('Ctrl Pts',(71.3239920173999,0.,16.1116714885088));
#9951=CARTESIAN_POINT('Ctrl Pts',(71.3239920173999,2.,16.1116714885088));
#9952=CARTESIAN_POINT('Ctrl Pts',(71.3806287646294,0.,15.9999989271164));
#9953=CARTESIAN_POINT('Ctrl Pts',(71.3806287646294,2.,15.9999989271164));
#9954=CARTESIAN_POINT('',(71.1323348879814,0.,16.695769906044));
#9955=CARTESIAN_POINT('Ctrl Pts',(71.1323348879814,0.,16.695769906044));
#9956=CARTESIAN_POINT('Ctrl Pts',(71.1586352272099,0.,16.5755802079537));
#9957=CARTESIAN_POINT('Ctrl Pts',(71.2116994421902,0.,16.3330825001302));
#9958=CARTESIAN_POINT('Ctrl Pts',(71.3239920173999,0.,16.1116714885088));
#9959=CARTESIAN_POINT('Ctrl Pts',(71.3806287646294,0.,15.9999989271164));
#9960=CARTESIAN_POINT('',(71.1323348879814,2.,16.695769906044));
#9961=CARTESIAN_POINT('',(71.1323348879814,0.,16.695769906044));
#9962=CARTESIAN_POINT('Ctrl Pts',(71.1323348879814,2.,16.695769906044));
#9963=CARTESIAN_POINT('Ctrl Pts',(71.1586352272099,2.,16.5755802079537));
#9964=CARTESIAN_POINT('Ctrl Pts',(71.2116994421902,2.,16.3330825001302));
#9965=CARTESIAN_POINT('Ctrl Pts',(71.3239920173999,2.,16.1116714885088));
#9966=CARTESIAN_POINT('Ctrl Pts',(71.3806287646294,2.,15.9999989271164));
#9967=CARTESIAN_POINT('Ctrl Pts',(71.0695783495903,0.,18.4283756017685));
#9968=CARTESIAN_POINT('Ctrl Pts',(71.0695783495903,2.,18.4283756017685));
#9969=CARTESIAN_POINT('Ctrl Pts',(71.0673200450165,0.,18.0553673825101));
#9970=CARTESIAN_POINT('Ctrl Pts',(71.0673200450165,2.,18.0553673825101));
#9971=CARTESIAN_POINT('Ctrl Pts',(71.0638167793621,0.,17.4767267073511));
#9972=CARTESIAN_POINT('Ctrl Pts',(71.0638167793621,2.,17.4767267073511));
#9973=CARTESIAN_POINT('Ctrl Pts',(71.1143697857854,0.,16.9005328370246));
#9974=CARTESIAN_POINT('Ctrl Pts',(71.1143697857854,2.,16.9005328370246));
#9975=CARTESIAN_POINT('Ctrl Pts',(71.1323348879814,0.,16.695769906044));
#9976=CARTESIAN_POINT('Ctrl Pts',(71.1323348879814,2.,16.695769906044));
#9977=CARTESIAN_POINT('',(71.0695783495903,0.,18.4283756017685));
#9978=CARTESIAN_POINT('Ctrl Pts',(71.0695783495903,0.,18.4283756017685));
#9979=CARTESIAN_POINT('Ctrl Pts',(71.0673200450165,0.,18.0553673825101));
#9980=CARTESIAN_POINT('Ctrl Pts',(71.0638167793621,0.,17.4767267073511));
#9981=CARTESIAN_POINT('Ctrl Pts',(71.1143697857854,0.,16.9005328370246));
#9982=CARTESIAN_POINT('Ctrl Pts',(71.1323348879814,0.,16.695769906044));
#9983=CARTESIAN_POINT('',(71.0695783495903,2.,18.4283756017685));
#9984=CARTESIAN_POINT('',(71.0695783495903,0.,18.4283756017685));
#9985=CARTESIAN_POINT('Ctrl Pts',(71.0695783495903,2.,18.4283756017685));
#9986=CARTESIAN_POINT('Ctrl Pts',(71.0673200450165,2.,18.0553673825101));
#9987=CARTESIAN_POINT('Ctrl Pts',(71.0638167793621,2.,17.4767267073511));
#9988=CARTESIAN_POINT('Ctrl Pts',(71.1143697857854,2.,16.9005328370246));
#9989=CARTESIAN_POINT('Ctrl Pts',(71.1323348879814,2.,16.695769906044));
#9990=CARTESIAN_POINT('Origin',(71.0695783495903,0.,19.7380613088608));
#9991=CARTESIAN_POINT('',(71.0695783495903,0.,19.7380613088608));
#9992=CARTESIAN_POINT('',(71.0695783495903,0.,9.86903065443039));
#9993=CARTESIAN_POINT('',(71.0695783495903,2.,19.7380613088608));
#9994=CARTESIAN_POINT('',(71.0695783495903,0.,19.7380613088608));
#9995=CARTESIAN_POINT('',(71.0695783495903,2.,19.7380613088608));
#9996=CARTESIAN_POINT('Ctrl Pts',(71.0204641222954,0.,20.6439279317856));
#9997=CARTESIAN_POINT('Ctrl Pts',(71.0204641222954,2.,20.6439279317856));
#9998=CARTESIAN_POINT('Ctrl Pts',(71.0346261707374,0.,20.5267209828978));
#9999=CARTESIAN_POINT('Ctrl Pts',(71.0346261707374,2.,20.5267209828978));
#10000=CARTESIAN_POINT('Ctrl Pts',(71.0709586057069,0.,20.2260290409172));
#10001=CARTESIAN_POINT('Ctrl Pts',(71.0709586057069,2.,20.2260290409172));
#10002=CARTESIAN_POINT('Ctrl Pts',(71.0701014151593,0.,19.9229828725704));
#10003=CARTESIAN_POINT('Ctrl Pts',(71.0701014151593,2.,19.9229828725704));
#10004=CARTESIAN_POINT('Ctrl Pts',(71.0695783495903,0.,19.7380613088608));
#10005=CARTESIAN_POINT('Ctrl Pts',(71.0695783495903,2.,19.7380613088608));
#10006=CARTESIAN_POINT('',(71.0204641222954,0.,20.6439279317856));
#10007=CARTESIAN_POINT('Ctrl Pts',(71.0204641222954,0.,20.6439279317856));
#10008=CARTESIAN_POINT('Ctrl Pts',(71.0346261707374,0.,20.5267209828978));
#10009=CARTESIAN_POINT('Ctrl Pts',(71.0709586057069,0.,20.2260290409172));
#10010=CARTESIAN_POINT('Ctrl Pts',(71.0701014151593,0.,19.9229828725704));
#10011=CARTESIAN_POINT('Ctrl Pts',(71.0695783495903,0.,19.7380613088608));
#10012=CARTESIAN_POINT('',(71.0204641222954,2.,20.6439279317856));
#10013=CARTESIAN_POINT('',(71.0204641222954,0.,20.6439279317856));
#10014=CARTESIAN_POINT('Ctrl Pts',(71.0204641222954,2.,20.6439279317856));
#10015=CARTESIAN_POINT('Ctrl Pts',(71.0346261707374,2.,20.5267209828978));
#10016=CARTESIAN_POINT('Ctrl Pts',(71.0709586057069,2.,20.2260290409172));
#10017=CARTESIAN_POINT('Ctrl Pts',(71.0701014151593,2.,19.9229828725704));
#10018=CARTESIAN_POINT('Ctrl Pts',(71.0695783495903,2.,19.7380613088608));
#10019=CARTESIAN_POINT('Ctrl Pts',(70.7148734927177,0.,21.3124130964279));
#10020=CARTESIAN_POINT('Ctrl Pts',(70.7148734927177,2.,21.3124130964279));
#10021=CARTESIAN_POINT('Ctrl Pts',(70.7827906118918,0.,21.2154135687729));
#10022=CARTESIAN_POINT('Ctrl Pts',(70.7827906118918,2.,21.2154135687729));
#10023=CARTESIAN_POINT('Ctrl Pts',(70.9255259529203,0.,21.0115583283294));
#10024=CARTESIAN_POINT('Ctrl Pts',(70.9255259529203,2.,21.0115583283294));
#10025=CARTESIAN_POINT('Ctrl Pts',(70.9878142087539,0.,20.7703586470751));
#10026=CARTESIAN_POINT('Ctrl Pts',(70.9878142087539,2.,20.7703586470751));
#10027=CARTESIAN_POINT('Ctrl Pts',(71.0204641222954,0.,20.6439279317856));
#10028=CARTESIAN_POINT('Ctrl Pts',(71.0204641222954,2.,20.6439279317856));
#10029=CARTESIAN_POINT('',(70.7148734927177,0.,21.3124130964279));
#10030=CARTESIAN_POINT('Ctrl Pts',(70.7148734927177,0.,21.3124130964279));
#10031=CARTESIAN_POINT('Ctrl Pts',(70.7827906118918,0.,21.2154135687729));
#10032=CARTESIAN_POINT('Ctrl Pts',(70.9255259529203,0.,21.0115583283294));
#10033=CARTESIAN_POINT('Ctrl Pts',(70.9878142087539,0.,20.7703586470751));
#10034=CARTESIAN_POINT('Ctrl Pts',(71.0204641222954,0.,20.6439279317856));
#10035=CARTESIAN_POINT('',(70.7148734927177,2.,21.3124130964279));
#10036=CARTESIAN_POINT('',(70.7148734927177,0.,21.3124130964279));
#10037=CARTESIAN_POINT('Ctrl Pts',(70.7148734927177,2.,21.3124130964279));
#10038=CARTESIAN_POINT('Ctrl Pts',(70.7827906118918,2.,21.2154135687729));
#10039=CARTESIAN_POINT('Ctrl Pts',(70.9255259529203,2.,21.0115583283294));
#10040=CARTESIAN_POINT('Ctrl Pts',(70.9878142087539,2.,20.7703586470751));
#10041=CARTESIAN_POINT('Ctrl Pts',(71.0204641222954,2.,20.6439279317856));
#10042=CARTESIAN_POINT('Ctrl Pts',(70.0327436327934,0.,21.7517040967941));
#10043=CARTESIAN_POINT('Ctrl Pts',(70.0327436327934,2.,21.7517040967941));
#10044=CARTESIAN_POINT('Ctrl Pts',(70.1727076129636,0.,21.6947761959352));
#10045=CARTESIAN_POINT('Ctrl Pts',(70.1727076129636,2.,21.6947761959352));
#10046=CARTESIAN_POINT('Ctrl Pts',(70.4282117976566,0.,21.5908543377715));
#10047=CARTESIAN_POINT('Ctrl Pts',(70.4282117976566,2.,21.5908543377715));
#10048=CARTESIAN_POINT('Ctrl Pts',(70.6256093727394,0.,21.3991174339883));
#10049=CARTESIAN_POINT('Ctrl Pts',(70.6256093727394,2.,21.3991174339883));
#10050=CARTESIAN_POINT('Ctrl Pts',(70.7148734927177,0.,21.3124130964279));
#10051=CARTESIAN_POINT('Ctrl Pts',(70.7148734927177,2.,21.3124130964279));
#10052=CARTESIAN_POINT('',(70.0327436327934,0.,21.7517040967941));
#10053=CARTESIAN_POINT('Ctrl Pts',(70.0327436327934,0.,21.7517040967941));
#10054=CARTESIAN_POINT('Ctrl Pts',(70.1727076129636,0.,21.6947761959352));
#10055=CARTESIAN_POINT('Ctrl Pts',(70.4282117976566,0.,21.5908543377715));
#10056=CARTESIAN_POINT('Ctrl Pts',(70.6256093727394,0.,21.3991174339883));
#10057=CARTESIAN_POINT('Ctrl Pts',(70.7148734927177,0.,21.3124130964279));
#10058=CARTESIAN_POINT('',(70.0327436327934,2.,21.7517040967941));
#10059=CARTESIAN_POINT('',(70.0327436327934,0.,21.7517040967941));
#10060=CARTESIAN_POINT('Ctrl Pts',(70.0327436327934,2.,21.7517040967941));
#10061=CARTESIAN_POINT('Ctrl Pts',(70.1727076129636,2.,21.6947761959352));
#10062=CARTESIAN_POINT('Ctrl Pts',(70.4282117976566,2.,21.5908543377715));
#10063=CARTESIAN_POINT('Ctrl Pts',(70.6256093727394,2.,21.3991174339883));
#10064=CARTESIAN_POINT('Ctrl Pts',(70.7148734927177,2.,21.3124130964279));
#10065=CARTESIAN_POINT('Ctrl Pts',(68.8267413973808,0.,21.9263290166855));
#10066=CARTESIAN_POINT('Ctrl Pts',(68.8267413973808,2.,21.9263290166855));
#10067=CARTESIAN_POINT('Ctrl Pts',(69.0525895580507,0.,21.9225256348298));
#10068=CARTESIAN_POINT('Ctrl Pts',(69.0525895580507,2.,21.9225256348298));
#10069=CARTESIAN_POINT('Ctrl Pts',(69.4624908266084,0.,21.9156227180966));
#10070=CARTESIAN_POINT('Ctrl Pts',(69.4624908266084,2.,21.9156227180966));
#10071=CARTESIAN_POINT('Ctrl Pts',(69.8560351086671,0.,21.8024987922924));
#10072=CARTESIAN_POINT('Ctrl Pts',(69.8560351086671,2.,21.8024987922924));
#10073=CARTESIAN_POINT('Ctrl Pts',(70.0327436327934,0.,21.7517040967941));
#10074=CARTESIAN_POINT('Ctrl Pts',(70.0327436327934,2.,21.7517040967941));
#10075=CARTESIAN_POINT('',(68.8267413973808,0.,21.9263290166855));
#10076=CARTESIAN_POINT('Ctrl Pts',(68.8267413973808,0.,21.9263290166855));
#10077=CARTESIAN_POINT('Ctrl Pts',(69.0525895580507,0.,21.9225256348298));
#10078=CARTESIAN_POINT('Ctrl Pts',(69.4624908266084,0.,21.9156227180966));
#10079=CARTESIAN_POINT('Ctrl Pts',(69.8560351086671,0.,21.8024987922924));
#10080=CARTESIAN_POINT('Ctrl Pts',(70.0327436327934,0.,21.7517040967941));
#10081=CARTESIAN_POINT('',(68.8267413973808,2.,21.9263290166855));
#10082=CARTESIAN_POINT('',(68.8267413973808,0.,21.9263290166855));
#10083=CARTESIAN_POINT('Ctrl Pts',(68.8267413973808,2.,21.9263290166855));
#10084=CARTESIAN_POINT('Ctrl Pts',(69.0525895580507,2.,21.9225256348298));
#10085=CARTESIAN_POINT('Ctrl Pts',(69.4624908266084,2.,21.9156227180966));
#10086=CARTESIAN_POINT('Ctrl Pts',(69.8560351086671,2.,21.8024987922924));
#10087=CARTESIAN_POINT('Ctrl Pts',(70.0327436327934,2.,21.7517040967941));
#10088=CARTESIAN_POINT('Ctrl Pts',(67.5115959048271,0.,21.721689581871));
#10089=CARTESIAN_POINT('Ctrl Pts',(67.5115959048271,2.,21.721689581871));
#10090=CARTESIAN_POINT('Ctrl Pts',(67.7144203843452,0.,21.7813278524764));
#10091=CARTESIAN_POINT('Ctrl Pts',(67.7144203843452,2.,21.7813278524764));
#10092=CARTESIAN_POINT('Ctrl Pts',(68.1435034430172,0.,21.9074949286896));
#10093=CARTESIAN_POINT('Ctrl Pts',(68.1435034430172,2.,21.9074949286896));
#10094=CARTESIAN_POINT('Ctrl Pts',(68.5908515349708,0.,21.9198264938125));
#10095=CARTESIAN_POINT('Ctrl Pts',(68.5908515349708,2.,21.9198264938125));
#10096=CARTESIAN_POINT('Ctrl Pts',(68.8267413973808,0.,21.9263290166855));
#10097=CARTESIAN_POINT('Ctrl Pts',(68.8267413973808,2.,21.9263290166855));
#10098=CARTESIAN_POINT('',(67.5115959048271,0.,21.721689581871));
#10099=CARTESIAN_POINT('Ctrl Pts',(67.5115959048271,0.,21.721689581871));
#10100=CARTESIAN_POINT('Ctrl Pts',(67.7144203843452,0.,21.7813278524764));
#10101=CARTESIAN_POINT('Ctrl Pts',(68.1435034430172,0.,21.9074949286896));
#10102=CARTESIAN_POINT('Ctrl Pts',(68.5908515349708,0.,21.9198264938125));
#10103=CARTESIAN_POINT('Ctrl Pts',(68.8267413973808,0.,21.9263290166855));
#10104=CARTESIAN_POINT('',(67.5115959048271,2.,21.721689581871));
#10105=CARTESIAN_POINT('',(67.5115959048271,0.,21.721689581871));
#10106=CARTESIAN_POINT('Ctrl Pts',(67.5115959048271,2.,21.721689581871));
#10107=CARTESIAN_POINT('Ctrl Pts',(67.7144203843452,2.,21.7813278524764));
#10108=CARTESIAN_POINT('Ctrl Pts',(68.1435034430172,2.,21.9074949286896));
#10109=CARTESIAN_POINT('Ctrl Pts',(68.5908515349708,2.,21.9198264938125));
#10110=CARTESIAN_POINT('Ctrl Pts',(68.8267413973808,2.,21.9263290166855));
#10111=CARTESIAN_POINT('Ctrl Pts',(66.643928706646,0.,21.1377881765366));
#10112=CARTESIAN_POINT('Ctrl Pts',(66.643928706646,2.,21.1377881765366));
#10113=CARTESIAN_POINT('Ctrl Pts',(66.7600944896754,0.,21.2586556903729));
#10114=CARTESIAN_POINT('Ctrl Pts',(66.7600944896754,2.,21.2586556903729));
#10115=CARTESIAN_POINT('Ctrl Pts',(67.0068056094039,0.,21.5153522743386));
#10116=CARTESIAN_POINT('Ctrl Pts',(67.0068056094039,2.,21.5153522743386));
#10117=CARTESIAN_POINT('Ctrl Pts',(67.3369189232787,0.,21.6502888865974));
#10118=CARTESIAN_POINT('Ctrl Pts',(67.3369189232787,2.,21.6502888865974));
#10119=CARTESIAN_POINT('Ctrl Pts',(67.5115959048271,0.,21.721689581871));
#10120=CARTESIAN_POINT('Ctrl Pts',(67.5115959048271,2.,21.721689581871));
#10121=CARTESIAN_POINT('',(66.643928706646,0.,21.1377881765366));
#10122=CARTESIAN_POINT('Ctrl Pts',(66.643928706646,0.,21.1377881765366));
#10123=CARTESIAN_POINT('Ctrl Pts',(66.7600944896754,0.,21.2586556903729));
#10124=CARTESIAN_POINT('Ctrl Pts',(67.0068056094039,0.,21.5153522743386));
#10125=CARTESIAN_POINT('Ctrl Pts',(67.3369189232787,0.,21.6502888865974));
#10126=CARTESIAN_POINT('Ctrl Pts',(67.5115959048271,0.,21.721689581871));
#10127=CARTESIAN_POINT('',(66.643928706646,2.,21.1377881765366));
#10128=CARTESIAN_POINT('',(66.643928706646,0.,21.1377881765366));
#10129=CARTESIAN_POINT('Ctrl Pts',(66.643928706646,2.,21.1377881765366));
#10130=CARTESIAN_POINT('Ctrl Pts',(66.7600944896754,2.,21.2586556903729));
#10131=CARTESIAN_POINT('Ctrl Pts',(67.0068056094039,2.,21.5153522743386));
#10132=CARTESIAN_POINT('Ctrl Pts',(67.3369189232787,2.,21.6502888865974));
#10133=CARTESIAN_POINT('Ctrl Pts',(67.5115959048271,2.,21.721689581871));
#10134=CARTESIAN_POINT('Ctrl Pts',(66.2128250002861,0.,20.1418815851212));
#10135=CARTESIAN_POINT('Ctrl Pts',(66.2128250002861,2.,20.1418815851212));
#10136=CARTESIAN_POINT('Ctrl Pts',(66.2596698525435,0.,20.3324720902315));
#10137=CARTESIAN_POINT('Ctrl Pts',(66.2596698525435,2.,20.3324720902315));
#10138=CARTESIAN_POINT('Ctrl Pts',(66.3473536265464,0.,20.6892176870659));
#10139=CARTESIAN_POINT('Ctrl Pts',(66.3473536265464,2.,20.6892176870659));
#10140=CARTESIAN_POINT('Ctrl Pts',(66.549690047728,0.,20.9952519885882));
#10141=CARTESIAN_POINT('Ctrl Pts',(66.549690047728,2.,20.9952519885882));
#10142=CARTESIAN_POINT('Ctrl Pts',(66.643928706646,0.,21.1377881765366));
#10143=CARTESIAN_POINT('Ctrl Pts',(66.643928706646,2.,21.1377881765366));
#10144=CARTESIAN_POINT('',(66.2128250002861,0.,20.1418815851212));
#10145=CARTESIAN_POINT('Ctrl Pts',(66.2128250002861,0.,20.1418815851212));
#10146=CARTESIAN_POINT('Ctrl Pts',(66.2596698525435,0.,20.3324720902315));
#10147=CARTESIAN_POINT('Ctrl Pts',(66.3473536265464,0.,20.6892176870659));
#10148=CARTESIAN_POINT('Ctrl Pts',(66.549690047728,0.,20.9952519885882));
#10149=CARTESIAN_POINT('Ctrl Pts',(66.643928706646,0.,21.1377881765366));
#10150=CARTESIAN_POINT('',(66.2128250002861,2.,20.1418815851212));
#10151=CARTESIAN_POINT('',(66.2128250002861,0.,20.1418815851212));
#10152=CARTESIAN_POINT('Ctrl Pts',(66.2128250002861,2.,20.1418815851212));
#10153=CARTESIAN_POINT('Ctrl Pts',(66.2596698525435,2.,20.3324720902315));
#10154=CARTESIAN_POINT('Ctrl Pts',(66.3473536265464,2.,20.6892176870659));
#10155=CARTESIAN_POINT('Ctrl Pts',(66.549690047728,2.,20.9952519885882));
#10156=CARTESIAN_POINT('Ctrl Pts',(66.643928706646,2.,21.1377881765366));
#10157=CARTESIAN_POINT('Origin',(67.1732608675957,0.,20.0109122991562));
#10158=CARTESIAN_POINT('',(67.1732608675957,0.,20.0109122991562));
#10159=CARTESIAN_POINT('',(35.5392610685914,0.,24.3246645307313));
#10160=CARTESIAN_POINT('',(67.1732608675957,2.,20.0109122991562));
#10161=CARTESIAN_POINT('',(67.1732608675957,0.,20.0109122991562));
#10162=CARTESIAN_POINT('',(67.1732608675957,2.,20.0109122991562));
#10163=CARTESIAN_POINT('Ctrl Pts',(67.6616660952568,0.,20.8703945875168));
#10164=CARTESIAN_POINT('Ctrl Pts',(67.6616660952568,2.,20.8703945875168));
#10165=CARTESIAN_POINT('Ctrl Pts',(67.5564996952508,0.,20.7639179144953));
#10166=CARTESIAN_POINT('Ctrl Pts',(67.5564996952508,2.,20.7639179144953));
#10167=CARTESIAN_POINT('Ctrl Pts',(67.3180264768858,0.,20.5224735473326));
#10168=CARTESIAN_POINT('Ctrl Pts',(67.3180264768858,2.,20.5224735473326));
#10169=CARTESIAN_POINT('Ctrl Pts',(67.2251685572939,0.,20.1943395831789));
#10170=CARTESIAN_POINT('Ctrl Pts',(67.2251685572939,2.,20.1943395831789));
#10171=CARTESIAN_POINT('Ctrl Pts',(67.1732608675957,0.,20.0109122991562));
#10172=CARTESIAN_POINT('Ctrl Pts',(67.1732608675957,2.,20.0109122991562));
#10173=CARTESIAN_POINT('',(67.6616660952568,0.,20.8703945875168));
#10174=CARTESIAN_POINT('Ctrl Pts',(67.6616660952568,0.,20.8703945875168));
#10175=CARTESIAN_POINT('Ctrl Pts',(67.5564996952508,0.,20.7639179144953));
#10176=CARTESIAN_POINT('Ctrl Pts',(67.3180264768858,0.,20.5224735473326));
#10177=CARTESIAN_POINT('Ctrl Pts',(67.2251685572939,0.,20.1943395831789));
#10178=CARTESIAN_POINT('Ctrl Pts',(67.1732608675957,0.,20.0109122991562));
#10179=CARTESIAN_POINT('',(67.6616660952568,2.,20.8703945875168));
#10180=CARTESIAN_POINT('',(67.6616660952568,0.,20.8703945875168));
#10181=CARTESIAN_POINT('Ctrl Pts',(67.6616660952568,2.,20.8703945875168));
#10182=CARTESIAN_POINT('Ctrl Pts',(67.5564996952508,2.,20.7639179144953));
#10183=CARTESIAN_POINT('Ctrl Pts',(67.3180264768858,2.,20.5224735473326));
#10184=CARTESIAN_POINT('Ctrl Pts',(67.2251685572939,2.,20.1943395831789));
#10185=CARTESIAN_POINT('Ctrl Pts',(67.1732608675957,2.,20.0109122991562));
#10186=CARTESIAN_POINT('Ctrl Pts',(68.6848585009575,0.,21.113232254982));
#10187=CARTESIAN_POINT('Ctrl Pts',(68.6848585009575,2.,21.113232254982));
#10188=CARTESIAN_POINT('Ctrl Pts',(68.4796524769756,0.,21.1100379903671));
#10189=CARTESIAN_POINT('Ctrl Pts',(68.4796524769756,2.,21.1100379903671));
#10190=CARTESIAN_POINT('Ctrl Pts',(68.118996973754,0.,21.104423978216));
#10191=CARTESIAN_POINT('Ctrl Pts',(68.118996973754,2.,21.104423978216));
#10192=CARTESIAN_POINT('Ctrl Pts',(67.7994129671502,0.,20.9408836316982));
#10193=CARTESIAN_POINT('Ctrl Pts',(67.7994129671502,2.,20.9408836316982));
#10194=CARTESIAN_POINT('Ctrl Pts',(67.6616660952568,0.,20.8703945875168));
#10195=CARTESIAN_POINT('Ctrl Pts',(67.6616660952568,2.,20.8703945875168));
#10196=CARTESIAN_POINT('',(68.6848585009575,0.,21.113232254982));
#10197=CARTESIAN_POINT('Ctrl Pts',(68.6848585009575,0.,21.113232254982));
#10198=CARTESIAN_POINT('Ctrl Pts',(68.4796524769756,0.,21.1100379903671));
#10199=CARTESIAN_POINT('Ctrl Pts',(68.118996973754,0.,21.104423978216));
#10200=CARTESIAN_POINT('Ctrl Pts',(67.7994129671502,0.,20.9408836316982));
#10201=CARTESIAN_POINT('Ctrl Pts',(67.6616660952568,0.,20.8703945875168));
#10202=CARTESIAN_POINT('',(68.6848585009575,2.,21.113232254982));
#10203=CARTESIAN_POINT('',(68.6848585009575,0.,21.113232254982));
#10204=CARTESIAN_POINT('Ctrl Pts',(68.6848585009575,2.,21.113232254982));
#10205=CARTESIAN_POINT('Ctrl Pts',(68.4796524769756,2.,21.1100379903671));
#10206=CARTESIAN_POINT('Ctrl Pts',(68.118996973754,2.,21.104423978216));
#10207=CARTESIAN_POINT('Ctrl Pts',(67.7994129671502,2.,20.9408836316982));
#10208=CARTESIAN_POINT('Ctrl Pts',(67.6616660952568,2.,20.8703945875168));
#10209=CARTESIAN_POINT('Ctrl Pts',(69.8035470843315,0.,20.7803534269333));
#10210=CARTESIAN_POINT('Ctrl Pts',(69.8035470843315,2.,20.7803534269333));
#10211=CARTESIAN_POINT('Ctrl Pts',(69.6518998479946,0.,20.8771614999312));
#10212=CARTESIAN_POINT('Ctrl Pts',(69.6518998479946,2.,20.8771614999312));
#10213=CARTESIAN_POINT('Ctrl Pts',(69.3126718501957,0.,21.0937167736513));
#10214=CARTESIAN_POINT('Ctrl Pts',(69.3126718501957,2.,21.0937167736513));
#10215=CARTESIAN_POINT('Ctrl Pts',(68.9084039603597,0.,21.1062833787837));
#10216=CARTESIAN_POINT('Ctrl Pts',(68.9084039603597,2.,21.1062833787837));
#10217=CARTESIAN_POINT('Ctrl Pts',(68.6848585009575,0.,21.113232254982));
#10218=CARTESIAN_POINT('Ctrl Pts',(68.6848585009575,2.,21.113232254982));
#10219=CARTESIAN_POINT('',(69.8035470843315,0.,20.7803534269333));
#10220=CARTESIAN_POINT('Ctrl Pts',(69.8035470843315,0.,20.7803534269333));
#10221=CARTESIAN_POINT('Ctrl Pts',(69.6518998479946,0.,20.8771614999312));
#10222=CARTESIAN_POINT('Ctrl Pts',(69.3126718501957,0.,21.0937167736513));
#10223=CARTESIAN_POINT('Ctrl Pts',(68.9084039603597,0.,21.1062833787837));
#10224=CARTESIAN_POINT('Ctrl Pts',(68.6848585009575,0.,21.113232254982));
#10225=CARTESIAN_POINT('',(69.8035470843315,2.,20.7803534269333));
#10226=CARTESIAN_POINT('',(69.8035470843315,0.,20.7803534269333));
#10227=CARTESIAN_POINT('Ctrl Pts',(69.8035470843315,2.,20.7803534269333));
#10228=CARTESIAN_POINT('Ctrl Pts',(69.6518998479946,2.,20.8771614999312));
#10229=CARTESIAN_POINT('Ctrl Pts',(69.3126718501957,2.,21.0937167736513));
#10230=CARTESIAN_POINT('Ctrl Pts',(68.9084039603597,2.,21.1062833787837));
#10231=CARTESIAN_POINT('Ctrl Pts',(68.6848585009575,2.,21.113232254982));
#10232=CARTESIAN_POINT('Ctrl Pts',(70.0818578600883,0.,19.9345146417618));
#10233=CARTESIAN_POINT('Ctrl Pts',(70.0818578600883,2.,19.9345146417618));
#10234=CARTESIAN_POINT('Ctrl Pts',(70.0779378163171,0.,20.1120101153219));
#10235=CARTESIAN_POINT('Ctrl Pts',(70.0779378163171,2.,20.1120101153219));
#10236=CARTESIAN_POINT('Ctrl Pts',(70.0710258482367,0.,20.42497678592));
#10237=CARTESIAN_POINT('Ctrl Pts',(70.0710258482367,2.,20.42497678592));
#10238=CARTESIAN_POINT('Ctrl Pts',(69.8843512958926,0.,20.6729956357388));
#10239=CARTESIAN_POINT('Ctrl Pts',(69.8843512958926,2.,20.6729956357388));
#10240=CARTESIAN_POINT('Ctrl Pts',(69.8035470843315,0.,20.7803534269333));
#10241=CARTESIAN_POINT('Ctrl Pts',(69.8035470843315,2.,20.7803534269333));
#10242=CARTESIAN_POINT('',(70.0818578600883,0.,19.9345146417618));
#10243=CARTESIAN_POINT('Ctrl Pts',(70.0818578600883,0.,19.9345146417618));
#10244=CARTESIAN_POINT('Ctrl Pts',(70.0779378163171,0.,20.1120101153219));
#10245=CARTESIAN_POINT('Ctrl Pts',(70.0710258482367,0.,20.42497678592));
#10246=CARTESIAN_POINT('Ctrl Pts',(69.8843512958926,0.,20.6729956357388));
#10247=CARTESIAN_POINT('Ctrl Pts',(69.8035470843315,0.,20.7803534269333));
#10248=CARTESIAN_POINT('',(70.0818578600883,2.,19.9345146417618));
#10249=CARTESIAN_POINT('',(70.0818578600883,0.,19.9345146417618));
#10250=CARTESIAN_POINT('Ctrl Pts',(70.0818578600883,2.,19.9345146417618));
#10251=CARTESIAN_POINT('Ctrl Pts',(70.0779378163171,2.,20.1120101153219));
#10252=CARTESIAN_POINT('Ctrl Pts',(70.0710258482367,2.,20.42497678592));
#10253=CARTESIAN_POINT('Ctrl Pts',(69.8843512958926,2.,20.6729956357388));
#10254=CARTESIAN_POINT('Ctrl Pts',(69.8035470843315,2.,20.7803534269333));
#10255=CARTESIAN_POINT('Ctrl Pts',(70.0763980746269,0.,19.6780346632004));
#10256=CARTESIAN_POINT('Ctrl Pts',(70.0763980746269,2.,19.6780346632004));
#10257=CARTESIAN_POINT('Ctrl Pts',(70.077938563303,0.,19.7330562049978));
#10258=CARTESIAN_POINT('Ctrl Pts',(70.077938563303,2.,19.7330562049978));
#10259=CARTESIAN_POINT('Ctrl Pts',(70.0803318796105,0.,19.8185381402355));
#10260=CARTESIAN_POINT('Ctrl Pts',(70.0803318796105,2.,19.8185381402355));
#10261=CARTESIAN_POINT('Ctrl Pts',(70.0814569541701,0.,19.9040452704234));
#10262=CARTESIAN_POINT('Ctrl Pts',(70.0814569541701,2.,19.9040452704234));
#10263=CARTESIAN_POINT('Ctrl Pts',(70.0818578600883,0.,19.9345146417618));
#10264=CARTESIAN_POINT('Ctrl Pts',(70.0818578600883,2.,19.9345146417618));
#10265=CARTESIAN_POINT('',(70.0763980746269,0.,19.6780346632004));
#10266=CARTESIAN_POINT('Ctrl Pts',(70.0763980746269,0.,19.6780346632004));
#10267=CARTESIAN_POINT('Ctrl Pts',(70.077938563303,0.,19.7330562049978));
#10268=CARTESIAN_POINT('Ctrl Pts',(70.0803318796105,0.,19.8185381402355));
#10269=CARTESIAN_POINT('Ctrl Pts',(70.0814569541701,0.,19.9040452704234));
#10270=CARTESIAN_POINT('Ctrl Pts',(70.0818578600883,0.,19.9345146417618));
#10271=CARTESIAN_POINT('',(70.0763980746269,2.,19.6780346632004));
#10272=CARTESIAN_POINT('',(70.0763980746269,0.,19.6780346632004));
#10273=CARTESIAN_POINT('Ctrl Pts',(70.0763980746269,2.,19.6780346632004));
#10274=CARTESIAN_POINT('Ctrl Pts',(70.077938563303,2.,19.7330562049978));
#10275=CARTESIAN_POINT('Ctrl Pts',(70.0803318796105,2.,19.8185381402355));
#10276=CARTESIAN_POINT('Ctrl Pts',(70.0814569541701,2.,19.9040452704234));
#10277=CARTESIAN_POINT('Ctrl Pts',(70.0818578600883,2.,19.9345146417618));
#10278=CARTESIAN_POINT('Ctrl Pts',(68.3246938586235,0.,19.339698433876));
#10279=CARTESIAN_POINT('Ctrl Pts',(68.3246938586235,2.,19.339698433876));
#10280=CARTESIAN_POINT('Ctrl Pts',(68.6709438753754,0.,19.3816160522869));
#10281=CARTESIAN_POINT('Ctrl Pts',(68.6709438753754,2.,19.3816160522869));
#10282=CARTESIAN_POINT('Ctrl Pts',(69.2631410636453,0.,19.4533084553508));
#10283=CARTESIAN_POINT('Ctrl Pts',(69.2631410636453,2.,19.4533084553508));
#10284=CARTESIAN_POINT('Ctrl Pts',(69.8377539088191,0.,19.6120904442349));
#10285=CARTESIAN_POINT('Ctrl Pts',(69.8377539088191,2.,19.6120904442349));
#10286=CARTESIAN_POINT('Ctrl Pts',(70.0763980746269,0.,19.6780346632004));
#10287=CARTESIAN_POINT('Ctrl Pts',(70.0763980746269,2.,19.6780346632004));
#10288=CARTESIAN_POINT('',(68.3246938586235,0.,19.339698433876));
#10289=CARTESIAN_POINT('Ctrl Pts',(68.3246938586235,0.,19.339698433876));
#10290=CARTESIAN_POINT('Ctrl Pts',(68.6709438753754,0.,19.3816160522869));
#10291=CARTESIAN_POINT('Ctrl Pts',(69.2631410636453,0.,19.4533084553508));
#10292=CARTESIAN_POINT('Ctrl Pts',(69.8377539088191,0.,19.6120904442349));
#10293=CARTESIAN_POINT('Ctrl Pts',(70.0763980746269,0.,19.6780346632004));
#10294=CARTESIAN_POINT('',(68.3246938586235,2.,19.339698433876));
#10295=CARTESIAN_POINT('',(68.3246938586235,0.,19.339698433876));
#10296=CARTESIAN_POINT('Ctrl Pts',(68.3246938586235,2.,19.339698433876));
#10297=CARTESIAN_POINT('Ctrl Pts',(68.6709438753754,2.,19.3816160522869));
#10298=CARTESIAN_POINT('Ctrl Pts',(69.2631410636453,2.,19.4533084553508));
#10299=CARTESIAN_POINT('Ctrl Pts',(69.8377539088191,2.,19.6120904442349));
#10300=CARTESIAN_POINT('Ctrl Pts',(70.0763980746269,2.,19.6780346632004));
#10301=CARTESIAN_POINT('Ctrl Pts',(67.4515716433525,0.,19.19235932827));
#10302=CARTESIAN_POINT('Ctrl Pts',(67.4515716433525,2.,19.19235932827));
#10303=CARTESIAN_POINT('Ctrl Pts',(67.5722561100814,0.,19.2189768780244));
#10304=CARTESIAN_POINT('Ctrl Pts',(67.5722561100814,2.,19.2189768780244));
#10305=CARTESIAN_POINT('Ctrl Pts',(67.8607694973411,0.,19.2826099175395));
#10306=CARTESIAN_POINT('Ctrl Pts',(67.8607694973411,2.,19.2826099175395));
#10307=CARTESIAN_POINT('Ctrl Pts',(68.1540764877754,0.,19.3187030014826));
#10308=CARTESIAN_POINT('Ctrl Pts',(68.1540764877754,2.,19.3187030014826));
#10309=CARTESIAN_POINT('Ctrl Pts',(68.3246938586235,0.,19.339698433876));
#10310=CARTESIAN_POINT('Ctrl Pts',(68.3246938586235,2.,19.339698433876));
#10311=CARTESIAN_POINT('',(67.4515716433525,0.,19.19235932827));
#10312=CARTESIAN_POINT('Ctrl Pts',(67.4515716433525,0.,19.19235932827));
#10313=CARTESIAN_POINT('Ctrl Pts',(67.5722561100814,0.,19.2189768780244));
#10314=CARTESIAN_POINT('Ctrl Pts',(67.8607694973411,0.,19.2826099175395));
#10315=CARTESIAN_POINT('Ctrl Pts',(68.1540764877754,0.,19.3187030014826));
#10316=CARTESIAN_POINT('Ctrl Pts',(68.3246938586235,0.,19.339698433876));
#10317=CARTESIAN_POINT('',(67.4515716433525,2.,19.19235932827));
#10318=CARTESIAN_POINT('',(67.4515716433525,0.,19.19235932827));
#10319=CARTESIAN_POINT('Ctrl Pts',(67.4515716433525,2.,19.19235932827));
#10320=CARTESIAN_POINT('Ctrl Pts',(67.5722561100814,2.,19.2189768780244));
#10321=CARTESIAN_POINT('Ctrl Pts',(67.8607694973411,2.,19.2826099175395));
#10322=CARTESIAN_POINT('Ctrl Pts',(68.1540764877754,2.,19.3187030014826));
#10323=CARTESIAN_POINT('Ctrl Pts',(68.3246938586235,2.,19.339698433876));
#10324=CARTESIAN_POINT('Ctrl Pts',(66.7448846697807,0.,18.8703941106796));
#10325=CARTESIAN_POINT('Ctrl Pts',(66.7448846697807,2.,18.8703941106796));
#10326=CARTESIAN_POINT('Ctrl Pts',(66.853948320445,0.,18.9373377853313));
#10327=CARTESIAN_POINT('Ctrl Pts',(66.853948320445,2.,18.9373377853313));
#10328=CARTESIAN_POINT('Ctrl Pts',(67.0762004577943,0.,19.0737569743344));
#10329=CARTESIAN_POINT('Ctrl Pts',(67.0762004577943,2.,19.0737569743344));
#10330=CARTESIAN_POINT('Ctrl Pts',(67.3249092971898,0.,19.1523390683569));
#10331=CARTESIAN_POINT('Ctrl Pts',(67.3249092971898,2.,19.1523390683569));
#10332=CARTESIAN_POINT('Ctrl Pts',(67.4515716433525,0.,19.19235932827));
#10333=CARTESIAN_POINT('Ctrl Pts',(67.4515716433525,2.,19.19235932827));
#10334=CARTESIAN_POINT('',(66.7448846697807,0.,18.8703941106796));
#10335=CARTESIAN_POINT('Ctrl Pts',(66.7448846697807,0.,18.8703941106796));
#10336=CARTESIAN_POINT('Ctrl Pts',(66.853948320445,0.,18.9373377853313));
#10337=CARTESIAN_POINT('Ctrl Pts',(67.0762004577943,0.,19.0737569743344));
#10338=CARTESIAN_POINT('Ctrl Pts',(67.3249092971898,0.,19.1523390683569));
#10339=CARTESIAN_POINT('Ctrl Pts',(67.4515716433525,0.,19.19235932827));
#10340=CARTESIAN_POINT('',(66.7448846697807,2.,18.8703941106796));
#10341=CARTESIAN_POINT('',(66.7448846697807,0.,18.8703941106796));
#10342=CARTESIAN_POINT('Ctrl Pts',(66.7448846697807,2.,18.8703941106796));
#10343=CARTESIAN_POINT('Ctrl Pts',(66.853948320445,2.,18.9373377853313));
#10344=CARTESIAN_POINT('Ctrl Pts',(67.0762004577943,2.,19.0737569743344));
#10345=CARTESIAN_POINT('Ctrl Pts',(67.3249092971898,2.,19.1523390683569));
#10346=CARTESIAN_POINT('Ctrl Pts',(67.4515716433525,2.,19.19235932827));
#10347=CARTESIAN_POINT('Ctrl Pts',(66.2373821139336,0.,18.305592417717));
#10348=CARTESIAN_POINT('Ctrl Pts',(66.2373821139336,2.,18.305592417717));
#10349=CARTESIAN_POINT('Ctrl Pts',(66.3061469278287,0.,18.4165656683577));
#10350=CARTESIAN_POINT('Ctrl Pts',(66.3061469278287,2.,18.4165656683577));
#10351=CARTESIAN_POINT('Ctrl Pts',(66.4416304847386,0.,18.6352102027788));
#10352=CARTESIAN_POINT('Ctrl Pts',(66.4416304847386,2.,18.6352102027788));
#10353=CARTESIAN_POINT('Ctrl Pts',(66.6448228107044,0.,18.7927927445315));
#10354=CARTESIAN_POINT('Ctrl Pts',(66.6448228107044,2.,18.7927927445315));
#10355=CARTESIAN_POINT('Ctrl Pts',(66.7448846697807,0.,18.8703941106796));
#10356=CARTESIAN_POINT('Ctrl Pts',(66.7448846697807,2.,18.8703941106796));
#10357=CARTESIAN_POINT('',(66.2373821139336,0.,18.305592417717));
#10358=CARTESIAN_POINT('Ctrl Pts',(66.2373821139336,0.,18.305592417717));
#10359=CARTESIAN_POINT('Ctrl Pts',(66.3061469278287,0.,18.4165656683577));
#10360=CARTESIAN_POINT('Ctrl Pts',(66.4416304847386,0.,18.6352102027788));
#10361=CARTESIAN_POINT('Ctrl Pts',(66.6448228107044,0.,18.7927927445315));
#10362=CARTESIAN_POINT('Ctrl Pts',(66.7448846697807,0.,18.8703941106796));
#10363=CARTESIAN_POINT('',(66.2373821139336,2.,18.305592417717));
#10364=CARTESIAN_POINT('',(66.2373821139336,0.,18.305592417717));
#10365=CARTESIAN_POINT('Ctrl Pts',(66.2373821139336,2.,18.305592417717));
#10366=CARTESIAN_POINT('Ctrl Pts',(66.3061469278287,2.,18.4165656683577));
#10367=CARTESIAN_POINT('Ctrl Pts',(66.4416304847386,2.,18.6352102027788));
#10368=CARTESIAN_POINT('Ctrl Pts',(66.6448228107044,2.,18.7927927445315));
#10369=CARTESIAN_POINT('Ctrl Pts',(66.7448846697807,2.,18.8703941106796));
#10370=CARTESIAN_POINT('Ctrl Pts',(66.0436574816704,0.,17.5279663801193));
#10371=CARTESIAN_POINT('Ctrl Pts',(66.0436574816704,2.,17.5279663801193));
#10372=CARTESIAN_POINT('Ctrl Pts',(66.0512300199234,0.,17.6658630788921));
#10373=CARTESIAN_POINT('Ctrl Pts',(66.0512300199234,2.,17.6658630788921));
#10374=CARTESIAN_POINT('Ctrl Pts',(66.0661492981586,0.,17.9375446667526));
#10375=CARTESIAN_POINT('Ctrl Pts',(66.0661492981586,2.,17.9375446667526));
#10376=CARTESIAN_POINT('Ctrl Pts',(66.1808833290302,0.,18.1841539503192));
#10377=CARTESIAN_POINT('Ctrl Pts',(66.1808833290302,2.,18.1841539503192));
#10378=CARTESIAN_POINT('Ctrl Pts',(66.2373821139336,0.,18.305592417717));
#10379=CARTESIAN_POINT('Ctrl Pts',(66.2373821139336,2.,18.305592417717));
#10380=CARTESIAN_POINT('',(66.0436574816704,0.,17.5279663801193));
#10381=CARTESIAN_POINT('Ctrl Pts',(66.0436574816704,0.,17.5279663801193));
#10382=CARTESIAN_POINT('Ctrl Pts',(66.0512300199234,0.,17.6658630788921));
#10383=CARTESIAN_POINT('Ctrl Pts',(66.0661492981586,0.,17.9375446667526));
#10384=CARTESIAN_POINT('Ctrl Pts',(66.1808833290302,0.,18.1841539503192));
#10385=CARTESIAN_POINT('Ctrl Pts',(66.2373821139336,0.,18.305592417717));
#10386=CARTESIAN_POINT('',(66.0436574816704,2.,17.5279663801193));
#10387=CARTESIAN_POINT('',(66.0436574816704,0.,17.5279663801193));
#10388=CARTESIAN_POINT('Ctrl Pts',(66.0436574816704,2.,17.5279663801193));
#10389=CARTESIAN_POINT('Ctrl Pts',(66.0512300199234,2.,17.6658630788921));
#10390=CARTESIAN_POINT('Ctrl Pts',(66.0661492981586,2.,17.9375446667526));
#10391=CARTESIAN_POINT('Ctrl Pts',(66.1808833290302,2.,18.1841539503192));
#10392=CARTESIAN_POINT('Ctrl Pts',(66.2373821139336,2.,18.305592417717));
#10393=CARTESIAN_POINT('Ctrl Pts',(66.556619822979,0.,16.3356064558029));
#10394=CARTESIAN_POINT('Ctrl Pts',(66.556619822979,2.,16.3356064558029));
#10395=CARTESIAN_POINT('Ctrl Pts',(66.4070129364843,0.,16.5034676107475));
#10396=CARTESIAN_POINT('Ctrl Pts',(66.4070129364843,2.,16.5034676107475));
#10397=CARTESIAN_POINT('Ctrl Pts',(66.1038586555827,0.,16.8436112292056));
#10398=CARTESIAN_POINT('Ctrl Pts',(66.1038586555827,2.,16.8436112292056));
#10399=CARTESIAN_POINT('Ctrl Pts',(66.0638976819898,0.,17.2978797481823));
#10400=CARTESIAN_POINT('Ctrl Pts',(66.0638976819898,2.,17.2978797481823));
#10401=CARTESIAN_POINT('Ctrl Pts',(66.0436574816704,0.,17.5279663801193));
#10402=CARTESIAN_POINT('Ctrl Pts',(66.0436574816704,2.,17.5279663801193));
#10403=CARTESIAN_POINT('',(66.556619822979,0.,16.3356064558029));
#10404=CARTESIAN_POINT('Ctrl Pts',(66.556619822979,0.,16.3356064558029));
#10405=CARTESIAN_POINT('Ctrl Pts',(66.4070129364843,0.,16.5034676107475));
#10406=CARTESIAN_POINT('Ctrl Pts',(66.1038586555827,0.,16.8436112292056));
#10407=CARTESIAN_POINT('Ctrl Pts',(66.0638976819898,0.,17.2978797481823));
#10408=CARTESIAN_POINT('Ctrl Pts',(66.0436574816704,0.,17.5279663801193));
#10409=CARTESIAN_POINT('',(66.556619822979,2.,16.3356064558029));
#10410=CARTESIAN_POINT('',(66.556619822979,0.,16.3356064558029));
#10411=CARTESIAN_POINT('Ctrl Pts',(66.556619822979,2.,16.3356064558029));
#10412=CARTESIAN_POINT('Ctrl Pts',(66.4070129364843,2.,16.5034676107475));
#10413=CARTESIAN_POINT('Ctrl Pts',(66.1038586555827,2.,16.8436112292056));
#10414=CARTESIAN_POINT('Ctrl Pts',(66.0638976819898,2.,17.2978797481823));
#10415=CARTESIAN_POINT('Ctrl Pts',(66.0436574816704,2.,17.5279663801193));
#10416=CARTESIAN_POINT('Ctrl Pts',(68.0245582461357,0.,15.8690308332443));
#10417=CARTESIAN_POINT('Ctrl Pts',(68.0245582461357,2.,15.8690308332443));
#10418=CARTESIAN_POINT('Ctrl Pts',(67.7339051984482,0.,15.8806636816663));
#10419=CARTESIAN_POINT('Ctrl Pts',(67.7339051984482,2.,15.8806636816663));
#10420=CARTESIAN_POINT('Ctrl Pts',(67.1994916421282,0.,15.9020525917252));
#10421=CARTESIAN_POINT('Ctrl Pts',(67.1994916421282,2.,15.9020525917252));
#10422=CARTESIAN_POINT('Ctrl Pts',(66.7579973407852,0.,16.1997971103274));
#10423=CARTESIAN_POINT('Ctrl Pts',(66.7579973407852,2.,16.1997971103274));
#10424=CARTESIAN_POINT('Ctrl Pts',(66.556619822979,0.,16.3356064558029));
#10425=CARTESIAN_POINT('Ctrl Pts',(66.556619822979,2.,16.3356064558029));
#10426=CARTESIAN_POINT('',(68.0245582461357,0.,15.8690308332443));
#10427=CARTESIAN_POINT('Ctrl Pts',(68.0245582461357,0.,15.8690308332443));
#10428=CARTESIAN_POINT('Ctrl Pts',(67.7339051984482,0.,15.8806636816663));
#10429=CARTESIAN_POINT('Ctrl Pts',(67.1994916421282,0.,15.9020525917252));
#10430=CARTESIAN_POINT('Ctrl Pts',(66.7579973407852,0.,16.1997971103274));
#10431=CARTESIAN_POINT('Ctrl Pts',(66.556619822979,0.,16.3356064558029));
#10432=CARTESIAN_POINT('',(68.0245582461357,2.,15.8690308332443));
#10433=CARTESIAN_POINT('',(68.0245582461357,0.,15.8690308332443));
#10434=CARTESIAN_POINT('Ctrl Pts',(68.0245582461357,2.,15.8690308332443));
#10435=CARTESIAN_POINT('Ctrl Pts',(67.7339051984482,2.,15.8806636816663));
#10436=CARTESIAN_POINT('Ctrl Pts',(67.1994916421282,2.,15.9020525917252));
#10437=CARTESIAN_POINT('Ctrl Pts',(66.7579973407852,2.,16.1997971103274));
#10438=CARTESIAN_POINT('Ctrl Pts',(66.556619822979,2.,16.3356064558029));
#10439=CARTESIAN_POINT('Ctrl Pts',(69.1077796816826,0.,16.0600267648697));
#10440=CARTESIAN_POINT('Ctrl Pts',(69.1077796816826,2.,16.0600267648697));
#10441=CARTESIAN_POINT('Ctrl Pts',(68.9347984791879,0.,16.004324698382));
#10442=CARTESIAN_POINT('Ctrl Pts',(68.9347984791879,2.,16.004324698382));
#10443=CARTESIAN_POINT('Ctrl Pts',(68.5825805084775,0.,15.890906196604));
#10444=CARTESIAN_POINT('Ctrl Pts',(68.5825805084775,2.,15.890906196604));
#10445=CARTESIAN_POINT('Ctrl Pts',(68.2127550944632,0.,15.8764084500853));
#10446=CARTESIAN_POINT('Ctrl Pts',(68.2127550944632,2.,15.8764084500853));
#10447=CARTESIAN_POINT('Ctrl Pts',(68.0245582461357,0.,15.8690308332443));
#10448=CARTESIAN_POINT('Ctrl Pts',(68.0245582461357,2.,15.8690308332443));
#10449=CARTESIAN_POINT('',(69.1077796816826,0.,16.0600267648697));
#10450=CARTESIAN_POINT('Ctrl Pts',(69.1077796816826,0.,16.0600267648697));
#10451=CARTESIAN_POINT('Ctrl Pts',(68.9347984791879,0.,16.004324698382));
#10452=CARTESIAN_POINT('Ctrl Pts',(68.5825805084775,0.,15.890906196604));
#10453=CARTESIAN_POINT('Ctrl Pts',(68.2127550944632,0.,15.8764084500853));
#10454=CARTESIAN_POINT('Ctrl Pts',(68.0245582461357,0.,15.8690308332443));
#10455=CARTESIAN_POINT('',(69.1077796816826,2.,16.0600267648697));
#10456=CARTESIAN_POINT('',(69.1077796816826,0.,16.0600267648697));
#10457=CARTESIAN_POINT('Ctrl Pts',(69.1077796816826,2.,16.0600267648697));
#10458=CARTESIAN_POINT('Ctrl Pts',(68.9347984791879,2.,16.004324698382));
#10459=CARTESIAN_POINT('Ctrl Pts',(68.5825805084775,2.,15.890906196604));
#10460=CARTESIAN_POINT('Ctrl Pts',(68.2127550944632,2.,15.8764084500853));
#10461=CARTESIAN_POINT('Ctrl Pts',(68.0245582461357,2.,15.8690308332443));
#10462=CARTESIAN_POINT('Ctrl Pts',(70.1582567095757,0.,16.7148696184158));
#10463=CARTESIAN_POINT('Ctrl Pts',(70.1582567095757,2.,16.7148696184158));
#10464=CARTESIAN_POINT('Ctrl Pts',(69.9850552409233,0.,16.5743889964471));
#10465=CARTESIAN_POINT('Ctrl Pts',(69.9850552409233,2.,16.5743889964471));
#10466=CARTESIAN_POINT('Ctrl Pts',(69.6618628838211,0.,16.3122534401233));
#10467=CARTESIAN_POINT('Ctrl Pts',(69.6618628838211,2.,16.3122534401233));
#10468=CARTESIAN_POINT('Ctrl Pts',(69.2834144543528,0.,16.1399782497704));
#10469=CARTESIAN_POINT('Ctrl Pts',(69.2834144543528,2.,16.1399782497704));
#10470=CARTESIAN_POINT('Ctrl Pts',(69.1077796816826,0.,16.0600267648697));
#10471=CARTESIAN_POINT('Ctrl Pts',(69.1077796816826,2.,16.0600267648697));
#10472=CARTESIAN_POINT('',(70.1582567095757,0.,16.7148696184158));
#10473=CARTESIAN_POINT('Ctrl Pts',(70.1582567095757,0.,16.7148696184158));
#10474=CARTESIAN_POINT('Ctrl Pts',(69.9850552409233,0.,16.5743889964471));
#10475=CARTESIAN_POINT('Ctrl Pts',(69.6618628838211,0.,16.3122534401233));
#10476=CARTESIAN_POINT('Ctrl Pts',(69.2834144543528,0.,16.1399782497704));
#10477=CARTESIAN_POINT('Ctrl Pts',(69.1077796816826,0.,16.0600267648697));
#10478=CARTESIAN_POINT('',(70.1582567095757,2.,16.7148696184158));
#10479=CARTESIAN_POINT('',(70.1582567095757,0.,16.7148696184158));
#10480=CARTESIAN_POINT('Ctrl Pts',(70.1582567095757,2.,16.7148696184158));
#10481=CARTESIAN_POINT('Ctrl Pts',(69.9850552409233,2.,16.5743889964471));
#10482=CARTESIAN_POINT('Ctrl Pts',(69.6618628838211,2.,16.3122534401233));
#10483=CARTESIAN_POINT('Ctrl Pts',(69.2834144543528,2.,16.1399782497704));
#10484=CARTESIAN_POINT('Ctrl Pts',(69.1077796816826,2.,16.0600267648697));
#10485=CARTESIAN_POINT('Ctrl Pts',(70.3547088503838,0.,15.9999989271164));
#10486=CARTESIAN_POINT('Ctrl Pts',(70.3547088503838,2.,15.9999989271164));
#10487=CARTESIAN_POINT('Ctrl Pts',(70.3080284668615,0.,16.1091505038189));
#10488=CARTESIAN_POINT('Ctrl Pts',(70.3080284668615,2.,16.1091505038189));
#10489=CARTESIAN_POINT('Ctrl Pts',(70.2100077234037,0.,16.3383499638637));
#10490=CARTESIAN_POINT('Ctrl Pts',(70.2100077234037,2.,16.3383499638637));
#10491=CARTESIAN_POINT('Ctrl Pts',(70.1760452476662,0.,16.5854473381276));
#10492=CARTESIAN_POINT('Ctrl Pts',(70.1760452476662,2.,16.5854473381276));
#10493=CARTESIAN_POINT('Ctrl Pts',(70.1582567095757,0.,16.7148696184158));
#10494=CARTESIAN_POINT('Ctrl Pts',(70.1582567095757,2.,16.7148696184158));
#10495=CARTESIAN_POINT('Ctrl Pts',(70.3547088503838,0.,15.9999989271164));
#10496=CARTESIAN_POINT('Ctrl Pts',(70.3080284668615,0.,16.1091505038189));
#10497=CARTESIAN_POINT('Ctrl Pts',(70.2100077234037,0.,16.3383499638637));
#10498=CARTESIAN_POINT('Ctrl Pts',(70.1760452476662,0.,16.5854473381276));
#10499=CARTESIAN_POINT('Ctrl Pts',(70.1582567095757,0.,16.7148696184158));
#10500=CARTESIAN_POINT('Ctrl Pts',(70.3547088503838,2.,15.9999989271164));
#10501=CARTESIAN_POINT('Ctrl Pts',(70.3080284668615,2.,16.1091505038189));
#10502=CARTESIAN_POINT('Ctrl Pts',(70.2100077234037,2.,16.3383499638637));
#10503=CARTESIAN_POINT('Ctrl Pts',(70.1760452476662,2.,16.5854473381276));
#10504=CARTESIAN_POINT('Ctrl Pts',(70.1582567095757,2.,16.7148696184158));
#10505=CARTESIAN_POINT('Origin',(50.0000004172325,2.,18.8894941210747));
#10506=CARTESIAN_POINT('Ctrl Pts',(56.4283792376518,0.,21.1568878889084));
#10507=CARTESIAN_POINT('Ctrl Pts',(56.4283792376518,2.,21.1568878889084));
#10508=CARTESIAN_POINT('Ctrl Pts',(56.2212767742158,0.,21.1274745298139));
#10509=CARTESIAN_POINT('Ctrl Pts',(56.2212767742158,2.,21.1274745298139));
#10510=CARTESIAN_POINT('Ctrl Pts',(55.7828882587781,0.,21.0652131804628));
#10511=CARTESIAN_POINT('Ctrl Pts',(55.7828882587781,2.,21.0652131804628));
#10512=CARTESIAN_POINT('Ctrl Pts',(55.4784758172851,0.,20.7412009326044));
#10513=CARTESIAN_POINT('Ctrl Pts',(55.4784758172851,2.,20.7412009326044));
#10514=CARTESIAN_POINT('Ctrl Pts',(55.3178731799126,0.,20.5702577829361));
#10515=CARTESIAN_POINT('Ctrl Pts',(55.3178731799126,2.,20.5702577829361));
#10516=CARTESIAN_POINT('',(56.4283792376518,0.,21.1568878889084));
#10517=CARTESIAN_POINT('',(55.3178731799126,0.,20.5702577829361));
#10518=CARTESIAN_POINT('Ctrl Pts',(56.4283792376518,0.,21.1568878889084));
#10519=CARTESIAN_POINT('Ctrl Pts',(56.2212767742158,0.,21.1274745298139));
#10520=CARTESIAN_POINT('Ctrl Pts',(55.7828882587781,0.,21.0652131804628));
#10521=CARTESIAN_POINT('Ctrl Pts',(55.4784758172851,0.,20.7412009326044));
#10522=CARTESIAN_POINT('Ctrl Pts',(55.3178731799126,0.,20.5702577829361));
#10523=CARTESIAN_POINT('',(56.4283792376518,2.,21.1568878889084));
#10524=CARTESIAN_POINT('',(56.4283792376518,0.,21.1568878889084));
#10525=CARTESIAN_POINT('',(55.3178731799126,2.,20.5702577829361));
#10526=CARTESIAN_POINT('Ctrl Pts',(56.4283792376518,2.,21.1568878889084));
#10527=CARTESIAN_POINT('Ctrl Pts',(56.2212767742158,2.,21.1274745298139));
#10528=CARTESIAN_POINT('Ctrl Pts',(55.7828882587781,2.,21.0652131804628));
#10529=CARTESIAN_POINT('Ctrl Pts',(55.4784758172851,2.,20.7412009326044));
#10530=CARTESIAN_POINT('Ctrl Pts',(55.3178731799126,2.,20.5702577829361));
#10531=CARTESIAN_POINT('',(55.3178731799126,0.,20.5702577829361));
#10532=CARTESIAN_POINT('Ctrl Pts',(57.5170556902885,0.,20.6057285070419));
#10533=CARTESIAN_POINT('Ctrl Pts',(57.5170556902885,2.,20.6057285070419));
#10534=CARTESIAN_POINT('Ctrl Pts',(57.3617479683998,0.,20.7664245179199));
#10535=CARTESIAN_POINT('Ctrl Pts',(57.3617479683998,2.,20.7664245179199));
#10536=CARTESIAN_POINT('Ctrl Pts',(57.0617053419009,0.,21.076876906155));
#10537=CARTESIAN_POINT('Ctrl Pts',(57.0617053419009,2.,21.076876906155));
#10538=CARTESIAN_POINT('Ctrl Pts',(56.634469669102,0.,21.1308515423157));
#10539=CARTESIAN_POINT('Ctrl Pts',(56.634469669102,2.,21.1308515423157));
#10540=CARTESIAN_POINT('Ctrl Pts',(56.4283792376518,0.,21.1568878889084));
#10541=CARTESIAN_POINT('Ctrl Pts',(56.4283792376518,2.,21.1568878889084));
#10542=CARTESIAN_POINT('',(57.5170556902885,0.,20.6057285070419));
#10543=CARTESIAN_POINT('Ctrl Pts',(57.5170556902885,0.,20.6057285070419));
#10544=CARTESIAN_POINT('Ctrl Pts',(57.3617479683998,0.,20.7664245179199));
#10545=CARTESIAN_POINT('Ctrl Pts',(57.0617053419009,0.,21.076876906155));
#10546=CARTESIAN_POINT('Ctrl Pts',(56.634469669102,0.,21.1308515423157));
#10547=CARTESIAN_POINT('Ctrl Pts',(56.4283792376518,0.,21.1568878889084));
#10548=CARTESIAN_POINT('',(57.5170556902885,2.,20.6057285070419));
#10549=CARTESIAN_POINT('',(57.5170556902885,0.,20.6057285070419));
#10550=CARTESIAN_POINT('Ctrl Pts',(57.5170556902885,2.,20.6057285070419));
#10551=CARTESIAN_POINT('Ctrl Pts',(57.3617479683998,2.,20.7664245179199));
#10552=CARTESIAN_POINT('Ctrl Pts',(57.0617053419009,2.,21.076876906155));
#10553=CARTESIAN_POINT('Ctrl Pts',(56.634469669102,2.,21.1308515423157));
#10554=CARTESIAN_POINT('Ctrl Pts',(56.4283792376518,2.,21.1568878889084));
#10555=CARTESIAN_POINT('Ctrl Pts',(57.9727165102959,0.,18.9467929601669));
#10556=CARTESIAN_POINT('Ctrl Pts',(57.9727165102959,2.,18.9467929601669));
#10557=CARTESIAN_POINT('Ctrl Pts',(57.9644304656719,0.,19.278473214449));
#10558=CARTESIAN_POINT('Ctrl Pts',(57.9644304656719,2.,19.278473214449));
#10559=CARTESIAN_POINT('Ctrl Pts',(57.9496002392286,0.,19.8721090806572));
#10560=CARTESIAN_POINT('Ctrl Pts',(57.9496002392286,2.,19.8721090806572));
#10561=CARTESIAN_POINT('Ctrl Pts',(57.6494874347584,0.,20.381116959743));
#10562=CARTESIAN_POINT('Ctrl Pts',(57.6494874347584,2.,20.381116959743));
#10563=CARTESIAN_POINT('Ctrl Pts',(57.5170556902885,0.,20.6057285070419));
#10564=CARTESIAN_POINT('Ctrl Pts',(57.5170556902885,2.,20.6057285070419));
#10565=CARTESIAN_POINT('',(57.9727165102959,0.,18.9467929601669));
#10566=CARTESIAN_POINT('Ctrl Pts',(57.9727165102959,0.,18.9467929601669));
#10567=CARTESIAN_POINT('Ctrl Pts',(57.9644304656719,0.,19.278473214449));
#10568=CARTESIAN_POINT('Ctrl Pts',(57.9496002392286,0.,19.8721090806572));
#10569=CARTESIAN_POINT('Ctrl Pts',(57.6494874347584,0.,20.381116959743));
#10570=CARTESIAN_POINT('Ctrl Pts',(57.5170556902885,0.,20.6057285070419));
#10571=CARTESIAN_POINT('',(57.9727165102959,2.,18.9467929601669));
#10572=CARTESIAN_POINT('',(57.9727165102959,0.,18.9467929601669));
#10573=CARTESIAN_POINT('Ctrl Pts',(57.9727165102959,2.,18.9467929601669));
#10574=CARTESIAN_POINT('Ctrl Pts',(57.9644304656719,2.,19.278473214449));
#10575=CARTESIAN_POINT('Ctrl Pts',(57.9496002392286,2.,19.8721090806572));
#10576=CARTESIAN_POINT('Ctrl Pts',(57.6494874347584,2.,20.381116959743));
#10577=CARTESIAN_POINT('Ctrl Pts',(57.5170556902885,2.,20.6057285070419));
#10578=CARTESIAN_POINT('Ctrl Pts',(57.5061408877373,0.,17.2305582761765));
#10579=CARTESIAN_POINT('Ctrl Pts',(57.5061408877373,2.,17.2305582761765));
#10580=CARTESIAN_POINT('Ctrl Pts',(57.6416701278302,0.,17.46030706951));
#10581=CARTESIAN_POINT('Ctrl Pts',(57.6416701278302,2.,17.46030706951));
#10582=CARTESIAN_POINT('Ctrl Pts',(57.9521122750111,0.,17.9865677396485));
#10583=CARTESIAN_POINT('Ctrl Pts',(57.9521122750111,2.,17.9865677396485));
#10584=CARTESIAN_POINT('Ctrl Pts',(57.9652911282785,0.,18.6007457040339));
#10585=CARTESIAN_POINT('Ctrl Pts',(57.9652911282785,2.,18.6007457040339));
#10586=CARTESIAN_POINT('Ctrl Pts',(57.9727165102959,0.,18.9467929601669));
#10587=CARTESIAN_POINT('Ctrl Pts',(57.9727165102959,2.,18.9467929601669));
#10588=CARTESIAN_POINT('',(57.5061408877373,0.,17.2305582761765));
#10589=CARTESIAN_POINT('Ctrl Pts',(57.5061408877373,0.,17.2305582761765));
#10590=CARTESIAN_POINT('Ctrl Pts',(57.6416701278302,0.,17.46030706951));
#10591=CARTESIAN_POINT('Ctrl Pts',(57.9521122750111,0.,17.9865677396485));
#10592=CARTESIAN_POINT('Ctrl Pts',(57.9652911282785,0.,18.6007457040339));
#10593=CARTESIAN_POINT('Ctrl Pts',(57.9727165102959,0.,18.9467929601669));
#10594=CARTESIAN_POINT('',(57.5061408877373,2.,17.2305582761765));
#10595=CARTESIAN_POINT('',(57.5061408877373,0.,17.2305582761765));
#10596=CARTESIAN_POINT('Ctrl Pts',(57.5061408877373,2.,17.2305582761765));
#10597=CARTESIAN_POINT('Ctrl Pts',(57.6416701278302,2.,17.46030706951));
#10598=CARTESIAN_POINT('Ctrl Pts',(57.9521122750111,2.,17.9865677396485));
#10599=CARTESIAN_POINT('Ctrl Pts',(57.9652911282785,2.,18.6007457040339));
#10600=CARTESIAN_POINT('Ctrl Pts',(57.9727165102959,2.,18.9467929601669));
#10601=CARTESIAN_POINT('Ctrl Pts',(56.3847200274467,0.,16.6766701936722));
#10602=CARTESIAN_POINT('Ctrl Pts',(56.3847200274467,2.,16.6766701936722));
#10603=CARTESIAN_POINT('Ctrl Pts',(56.5972728689092,0.,16.7023142837324));
#10604=CARTESIAN_POINT('Ctrl Pts',(56.5972728689092,2.,16.7023142837324));
#10605=CARTESIAN_POINT('Ctrl Pts',(57.0350818468347,0.,16.7551350918753));
#10606=CARTESIAN_POINT('Ctrl Pts',(57.0350818468347,2.,16.7551350918753));
#10607=CARTESIAN_POINT('Ctrl Pts',(57.3461129548886,0.,17.0690477587978));
#10608=CARTESIAN_POINT('Ctrl Pts',(57.3461129548886,2.,17.0690477587978));
#10609=CARTESIAN_POINT('Ctrl Pts',(57.5061408877373,0.,17.2305582761765));
#10610=CARTESIAN_POINT('Ctrl Pts',(57.5061408877373,2.,17.2305582761765));
#10611=CARTESIAN_POINT('',(56.3847200274467,0.,16.6766701936722));
#10612=CARTESIAN_POINT('Ctrl Pts',(56.3847200274467,0.,16.6766701936722));
#10613=CARTESIAN_POINT('Ctrl Pts',(56.5972728689092,0.,16.7023142837324));
#10614=CARTESIAN_POINT('Ctrl Pts',(57.0350818468347,0.,16.7551350918753));
#10615=CARTESIAN_POINT('Ctrl Pts',(57.3461129548886,0.,17.0690477587978));
#10616=CARTESIAN_POINT('Ctrl Pts',(57.5061408877373,0.,17.2305582761765));
#10617=CARTESIAN_POINT('',(56.3847200274467,2.,16.6766701936722));
#10618=CARTESIAN_POINT('',(56.3847200274467,0.,16.6766701936722));
#10619=CARTESIAN_POINT('Ctrl Pts',(56.3847200274467,2.,16.6766701936722));
#10620=CARTESIAN_POINT('Ctrl Pts',(56.5972728689092,2.,16.7023142837324));
#10621=CARTESIAN_POINT('Ctrl Pts',(57.0350818468347,2.,16.7551350918753));
#10622=CARTESIAN_POINT('Ctrl Pts',(57.3461129548886,2.,17.0690477587978));
#10623=CARTESIAN_POINT('Ctrl Pts',(57.5061408877373,2.,17.2305582761765));
#10624=CARTESIAN_POINT('Ctrl Pts',(55.2878610491753,0.,17.2114585638046));
#10625=CARTESIAN_POINT('Ctrl Pts',(55.2878610491753,2.,17.2114585638046));
#10626=CARTESIAN_POINT('Ctrl Pts',(55.4440579510681,0.,17.0555056243412));
#10627=CARTESIAN_POINT('Ctrl Pts',(55.4440579510681,2.,17.0555056243412));
#10628=CARTESIAN_POINT('Ctrl Pts',(55.7490165636595,0.,16.7510233236552));
#10629=CARTESIAN_POINT('Ctrl Pts',(55.7490165636595,2.,16.7510233236552));
#10630=CARTESIAN_POINT('Ctrl Pts',(56.1762913326854,0.,16.7010484245873));
#10631=CARTESIAN_POINT('Ctrl Pts',(56.1762913326854,2.,16.7010484245873));
#10632=CARTESIAN_POINT('Ctrl Pts',(56.3847200274467,0.,16.6766701936722));
#10633=CARTESIAN_POINT('Ctrl Pts',(56.3847200274467,2.,16.6766701936722));
#10634=CARTESIAN_POINT('',(55.2878610491753,0.,17.2114585638046));
#10635=CARTESIAN_POINT('Ctrl Pts',(55.2878610491753,0.,17.2114585638046));
#10636=CARTESIAN_POINT('Ctrl Pts',(55.4440579510681,0.,17.0555056243412));
#10637=CARTESIAN_POINT('Ctrl Pts',(55.7490165636595,0.,16.7510233236552));
#10638=CARTESIAN_POINT('Ctrl Pts',(56.1762913326854,0.,16.7010484245873));
#10639=CARTESIAN_POINT('Ctrl Pts',(56.3847200274467,0.,16.6766701936722));
#10640=CARTESIAN_POINT('',(55.2878610491753,2.,17.2114585638046));
#10641=CARTESIAN_POINT('',(55.2878610491753,0.,17.2114585638046));
#10642=CARTESIAN_POINT('Ctrl Pts',(55.2878610491753,2.,17.2114585638046));
#10643=CARTESIAN_POINT('Ctrl Pts',(55.4440579510681,2.,17.0555056243412));
#10644=CARTESIAN_POINT('Ctrl Pts',(55.7490165636595,2.,16.7510233236552));
#10645=CARTESIAN_POINT('Ctrl Pts',(56.1762913326854,2.,16.7010484245873));
#10646=CARTESIAN_POINT('Ctrl Pts',(56.3847200274467,2.,16.6766701936722));
#10647=CARTESIAN_POINT('Ctrl Pts',(54.8349277377129,0.,18.864936709404));
#10648=CARTESIAN_POINT('Ctrl Pts',(54.8349277377129,2.,18.864936709404));
#10649=CARTESIAN_POINT('Ctrl Pts',(54.8422816873381,0.,18.5316504872575));
#10650=CARTESIAN_POINT('Ctrl Pts',(54.8422816873381,2.,18.5316504872575));
#10651=CARTESIAN_POINT('Ctrl Pts',(54.8553489707338,0.,17.939431919193));
#10652=CARTESIAN_POINT('Ctrl Pts',(54.8553489707338,2.,17.939431919193));
#10653=CARTESIAN_POINT('Ctrl Pts',(55.156284656236,0.,17.4329185253461));
#10654=CARTESIAN_POINT('Ctrl Pts',(55.156284656236,2.,17.4329185253461));
#10655=CARTESIAN_POINT('Ctrl Pts',(55.2878610491753,0.,17.2114585638046));
#10656=CARTESIAN_POINT('Ctrl Pts',(55.2878610491753,2.,17.2114585638046));
#10657=CARTESIAN_POINT('',(54.8349277377129,0.,18.864936709404));
#10658=CARTESIAN_POINT('Ctrl Pts',(54.8349277377129,0.,18.864936709404));
#10659=CARTESIAN_POINT('Ctrl Pts',(54.8422816873381,0.,18.5316504872575));
#10660=CARTESIAN_POINT('Ctrl Pts',(54.8553489707338,0.,17.939431919193));
#10661=CARTESIAN_POINT('Ctrl Pts',(55.156284656236,0.,17.4329185253461));
#10662=CARTESIAN_POINT('Ctrl Pts',(55.2878610491753,0.,17.2114585638046));
#10663=CARTESIAN_POINT('',(54.8349277377129,2.,18.864936709404));
#10664=CARTESIAN_POINT('',(54.8349277377129,0.,18.864936709404));
#10665=CARTESIAN_POINT('Ctrl Pts',(54.8349277377129,2.,18.864936709404));
#10666=CARTESIAN_POINT('Ctrl Pts',(54.8422816873381,2.,18.5316504872575));
#10667=CARTESIAN_POINT('Ctrl Pts',(54.8553489707338,2.,17.939431919193));
#10668=CARTESIAN_POINT('Ctrl Pts',(55.156284656236,2.,17.4329185253461));
#10669=CARTESIAN_POINT('Ctrl Pts',(55.2878610491753,2.,17.2114585638046));
#10670=CARTESIAN_POINT('Ctrl Pts',(55.3178731799126,0.,20.5702577829361));
#10671=CARTESIAN_POINT('Ctrl Pts',(55.3178731799126,2.,20.5702577829361));
#10672=CARTESIAN_POINT('Ctrl Pts',(55.177409108161,0.,20.3363509797649));
#10673=CARTESIAN_POINT('Ctrl Pts',(55.177409108161,2.,20.3363509797649));
#10674=CARTESIAN_POINT('Ctrl Pts',(54.8638110180224,0.,19.8141339755858));
#10675=CARTESIAN_POINT('Ctrl Pts',(54.8638110180224,2.,19.8141339755858));
#10676=CARTESIAN_POINT('Ctrl Pts',(54.8452017227173,0.,19.2025728218721));
#10677=CARTESIAN_POINT('Ctrl Pts',(54.8452017227173,2.,19.2025728218721));
#10678=CARTESIAN_POINT('Ctrl Pts',(54.8349277377129,0.,18.864936709404));
#10679=CARTESIAN_POINT('Ctrl Pts',(54.8349277377129,2.,18.864936709404));
#10680=CARTESIAN_POINT('Ctrl Pts',(55.3178731799126,0.,20.5702577829361));
#10681=CARTESIAN_POINT('Ctrl Pts',(55.177409108161,0.,20.3363509797649));
#10682=CARTESIAN_POINT('Ctrl Pts',(54.8638110180224,0.,19.8141339755858));
#10683=CARTESIAN_POINT('Ctrl Pts',(54.8452017227173,0.,19.2025728218721));
#10684=CARTESIAN_POINT('Ctrl Pts',(54.8349277377129,0.,18.864936709404));
#10685=CARTESIAN_POINT('Ctrl Pts',(55.3178731799126,2.,20.5702577829361));
#10686=CARTESIAN_POINT('Ctrl Pts',(55.177409108161,2.,20.3363509797649));
#10687=CARTESIAN_POINT('Ctrl Pts',(54.8638110180224,2.,19.8141339755858));
#10688=CARTESIAN_POINT('Ctrl Pts',(54.8452017227173,2.,19.2025728218721));
#10689=CARTESIAN_POINT('Ctrl Pts',(54.8349277377129,2.,18.864936709404));
#10690=CARTESIAN_POINT('Origin',(54.9276964068413,0.,16.6002713441849));
#10691=CARTESIAN_POINT('',(54.9276964068413,0.,16.6002713441849));
#10692=CARTESIAN_POINT('',(54.9276964068413,0.,13.7789891958237));
#10693=CARTESIAN_POINT('',(54.9276964068413,0.,8.30013567209244));
#10694=CARTESIAN_POINT('',(54.9276964068413,2.,16.6002713441849));
#10695=CARTESIAN_POINT('',(54.9276964068413,0.,16.6002713441849));
#10696=CARTESIAN_POINT('',(54.9276964068413,2.,13.7789891958237));
#10697=CARTESIAN_POINT('',(54.9276964068413,2.,16.6002713441849));
#10698=CARTESIAN_POINT('',(54.9276964068413,0.,13.7789891958237));
#10699=CARTESIAN_POINT('Ctrl Pts',(55.5688945651054,0.,16.0763977766037));
#10700=CARTESIAN_POINT('Ctrl Pts',(55.5688945651054,2.,16.0763977766037));
#10701=CARTESIAN_POINT('Ctrl Pts',(55.4456538385335,0.,16.1487950043096));
#10702=CARTESIAN_POINT('Ctrl Pts',(55.4456538385335,2.,16.1487950043096));
#10703=CARTESIAN_POINT('Ctrl Pts',(55.2047425234905,0.,16.2903173063703));
#10704=CARTESIAN_POINT('Ctrl Pts',(55.2047425234905,2.,16.2903173063703));
#10705=CARTESIAN_POINT('Ctrl Pts',(55.0186105864478,0.,16.4985582525001));
#10706=CARTESIAN_POINT('Ctrl Pts',(55.0186105864478,2.,16.4985582525001));
#10707=CARTESIAN_POINT('Ctrl Pts',(54.9276964068413,0.,16.6002713441849));
#10708=CARTESIAN_POINT('Ctrl Pts',(54.9276964068413,2.,16.6002713441849));
#10709=CARTESIAN_POINT('',(55.5688945651054,0.,16.0763977766037));
#10710=CARTESIAN_POINT('Ctrl Pts',(55.5688945651054,0.,16.0763977766037));
#10711=CARTESIAN_POINT('Ctrl Pts',(55.4456538385335,0.,16.1487950043096));
#10712=CARTESIAN_POINT('Ctrl Pts',(55.2047425234905,0.,16.2903173063703));
#10713=CARTESIAN_POINT('Ctrl Pts',(55.0186105864478,0.,16.4985582525001));
#10714=CARTESIAN_POINT('Ctrl Pts',(54.9276964068413,0.,16.6002713441849));
#10715=CARTESIAN_POINT('',(55.5688945651054,2.,16.0763977766037));
#10716=CARTESIAN_POINT('',(55.5688945651054,0.,16.0763977766037));
#10717=CARTESIAN_POINT('Ctrl Pts',(55.5688945651054,2.,16.0763977766037));
#10718=CARTESIAN_POINT('Ctrl Pts',(55.4456538385335,2.,16.1487950043096));
#10719=CARTESIAN_POINT('Ctrl Pts',(55.2047425234905,2.,16.2903173063703));
#10720=CARTESIAN_POINT('Ctrl Pts',(55.0186105864478,2.,16.4985582525001));
#10721=CARTESIAN_POINT('Ctrl Pts',(54.9276964068413,2.,16.6002713441849));
#10722=CARTESIAN_POINT('Ctrl Pts',(56.4502040743828,0.,15.8690308332443));
#10723=CARTESIAN_POINT('Ctrl Pts',(56.4502040743828,2.,15.8690308332443));
#10724=CARTESIAN_POINT('Ctrl Pts',(56.2926040694215,0.,15.876676047163));
#10725=CARTESIAN_POINT('Ctrl Pts',(56.2926040694215,2.,15.876676047163));
#10726=CARTESIAN_POINT('Ctrl Pts',(55.9858744979207,0.,15.8915555720076));
#10727=CARTESIAN_POINT('Ctrl Pts',(55.9858744979207,2.,15.8915555720076));
#10728=CARTESIAN_POINT('Ctrl Pts',(55.7053052048126,0.,16.0159285755954));
#10729=CARTESIAN_POINT('Ctrl Pts',(55.7053052048126,2.,16.0159285755954));
#10730=CARTESIAN_POINT('Ctrl Pts',(55.5688945651054,0.,16.0763977766037));
#10731=CARTESIAN_POINT('Ctrl Pts',(55.5688945651054,2.,16.0763977766037));
#10732=CARTESIAN_POINT('',(56.4502040743828,0.,15.8690308332443));
#10733=CARTESIAN_POINT('Ctrl Pts',(56.4502040743828,0.,15.8690308332443));
#10734=CARTESIAN_POINT('Ctrl Pts',(56.2926040694215,0.,15.876676047163));
#10735=CARTESIAN_POINT('Ctrl Pts',(55.9858744979207,0.,15.8915555720076));
#10736=CARTESIAN_POINT('Ctrl Pts',(55.7053052048126,0.,16.0159285755954));
#10737=CARTESIAN_POINT('Ctrl Pts',(55.5688945651054,0.,16.0763977766037));
#10738=CARTESIAN_POINT('',(56.4502040743828,2.,15.8690308332443));
#10739=CARTESIAN_POINT('',(56.4502040743828,0.,15.8690308332443));
#10740=CARTESIAN_POINT('Ctrl Pts',(56.4502040743828,2.,15.8690308332443));
#10741=CARTESIAN_POINT('Ctrl Pts',(56.2926040694215,2.,15.876676047163));
#10742=CARTESIAN_POINT('Ctrl Pts',(55.9858744979207,2.,15.8915555720076));
#10743=CARTESIAN_POINT('Ctrl Pts',(55.7053052048126,2.,16.0159285755954));
#10744=CARTESIAN_POINT('Ctrl Pts',(55.5688945651054,2.,16.0763977766037));
#10745=CARTESIAN_POINT('Ctrl Pts',(57.7298776507378,0.,16.2482939958572));
#10746=CARTESIAN_POINT('Ctrl Pts',(57.7298776507378,2.,16.2482939958572));
#10747=CARTESIAN_POINT('Ctrl Pts',(57.5264665574306,0.,16.1376852442499));
#10748=CARTESIAN_POINT('Ctrl Pts',(57.5264665574306,2.,16.1376852442499));
#10749=CARTESIAN_POINT('Ctrl Pts',(57.1266309562245,0.,15.920266833196));
#10750=CARTESIAN_POINT('Ctrl Pts',(57.1266309562245,2.,15.920266833196));
#10751=CARTESIAN_POINT('Ctrl Pts',(56.6730377259493,0.,15.8859093832656));
#10752=CARTESIAN_POINT('Ctrl Pts',(56.6730377259493,2.,15.8859093832656));
#10753=CARTESIAN_POINT('Ctrl Pts',(56.4502040743828,0.,15.8690308332443));
#10754=CARTESIAN_POINT('Ctrl Pts',(56.4502040743828,2.,15.8690308332443));
#10755=CARTESIAN_POINT('',(57.7298776507378,0.,16.2482939958572));
#10756=CARTESIAN_POINT('Ctrl Pts',(57.7298776507378,0.,16.2482939958572));
#10757=CARTESIAN_POINT('Ctrl Pts',(57.5264665574306,0.,16.1376852442499));
#10758=CARTESIAN_POINT('Ctrl Pts',(57.1266309562245,0.,15.920266833196));
#10759=CARTESIAN_POINT('Ctrl Pts',(56.6730377259493,0.,15.8859093832656));
#10760=CARTESIAN_POINT('Ctrl Pts',(56.4502040743828,0.,15.8690308332443));
#10761=CARTESIAN_POINT('',(57.7298776507378,2.,16.2482939958572));
#10762=CARTESIAN_POINT('',(57.7298776507378,0.,16.2482939958572));
#10763=CARTESIAN_POINT('Ctrl Pts',(57.7298776507378,2.,16.2482939958572));
#10764=CARTESIAN_POINT('Ctrl Pts',(57.5264665574306,2.,16.1376852442499));
#10765=CARTESIAN_POINT('Ctrl Pts',(57.1266309562245,2.,15.920266833196));
#10766=CARTESIAN_POINT('Ctrl Pts',(56.6730377259493,2.,15.8859093832656));
#10767=CARTESIAN_POINT('Ctrl Pts',(56.4502040743828,2.,15.8690308332443));
#10768=CARTESIAN_POINT('Ctrl Pts',(58.6575738787651,0.,17.3396991491318));
#10769=CARTESIAN_POINT('Ctrl Pts',(58.6575738787651,2.,17.3396991491318));
#10770=CARTESIAN_POINT('Ctrl Pts',(58.5414976198411,0.,17.1176991121205));
#10771=CARTESIAN_POINT('Ctrl Pts',(58.5414976198411,2.,17.1176991121205));
#10772=CARTESIAN_POINT('Ctrl Pts',(58.3144821358199,0.,16.6835238008033));
#10773=CARTESIAN_POINT('Ctrl Pts',(58.3144821358199,2.,16.6835238008033));
#10774=CARTESIAN_POINT('Ctrl Pts',(57.9217837458845,0.,16.3911653806824));
#10775=CARTESIAN_POINT('Ctrl Pts',(57.9217837458845,2.,16.3911653806824));
#10776=CARTESIAN_POINT('Ctrl Pts',(57.7298776507378,0.,16.2482939958572));
#10777=CARTESIAN_POINT('Ctrl Pts',(57.7298776507378,2.,16.2482939958572));
#10778=CARTESIAN_POINT('',(58.6575738787651,0.,17.3396991491318));
#10779=CARTESIAN_POINT('Ctrl Pts',(58.6575738787651,0.,17.3396991491318));
#10780=CARTESIAN_POINT('Ctrl Pts',(58.5414976198411,0.,17.1176991121205));
#10781=CARTESIAN_POINT('Ctrl Pts',(58.3144821358199,0.,16.6835238008033));
#10782=CARTESIAN_POINT('Ctrl Pts',(57.9217837458845,0.,16.3911653806824));
#10783=CARTESIAN_POINT('Ctrl Pts',(57.7298776507378,0.,16.2482939958572));
#10784=CARTESIAN_POINT('',(58.6575738787651,2.,17.3396991491318));
#10785=CARTESIAN_POINT('',(58.6575738787651,0.,17.3396991491318));
#10786=CARTESIAN_POINT('Ctrl Pts',(58.6575738787651,2.,17.3396991491318));
#10787=CARTESIAN_POINT('Ctrl Pts',(58.5414976198411,2.,17.1176991121205));
#10788=CARTESIAN_POINT('Ctrl Pts',(58.3144821358199,2.,16.6835238008033));
#10789=CARTESIAN_POINT('Ctrl Pts',(57.9217837458845,2.,16.3911653806824));
#10790=CARTESIAN_POINT('Ctrl Pts',(57.7298776507378,2.,16.2482939958572));
#10791=CARTESIAN_POINT('Ctrl Pts',(58.9768068194389,0.,18.9413355588913));
#10792=CARTESIAN_POINT('Ctrl Pts',(58.9768068194389,2.,18.9413355588913));
#10793=CARTESIAN_POINT('Ctrl Pts',(58.9653959247267,0.,18.656532114903));
#10794=CARTESIAN_POINT('Ctrl Pts',(58.9653959247267,2.,18.656532114903));
#10795=CARTESIAN_POINT('Ctrl Pts',(58.943319481725,0.,18.1055282579367));
#10796=CARTESIAN_POINT('Ctrl Pts',(58.943319481725,2.,18.1055282579367));
#10797=CARTESIAN_POINT('Ctrl Pts',(58.7506541529538,0.,17.589164347164));
#10798=CARTESIAN_POINT('Ctrl Pts',(58.7506541529538,2.,17.589164347164));
#10799=CARTESIAN_POINT('Ctrl Pts',(58.6575738787651,0.,17.3396991491318));
#10800=CARTESIAN_POINT('Ctrl Pts',(58.6575738787651,2.,17.3396991491318));
#10801=CARTESIAN_POINT('',(58.9768068194389,0.,18.9413355588913));
#10802=CARTESIAN_POINT('Ctrl Pts',(58.9768068194389,0.,18.9413355588913));
#10803=CARTESIAN_POINT('Ctrl Pts',(58.9653959247267,0.,18.656532114903));
#10804=CARTESIAN_POINT('Ctrl Pts',(58.943319481725,0.,18.1055282579367));
#10805=CARTESIAN_POINT('Ctrl Pts',(58.7506541529538,0.,17.589164347164));
#10806=CARTESIAN_POINT('Ctrl Pts',(58.6575738787651,0.,17.3396991491318));
#10807=CARTESIAN_POINT('',(58.9768068194389,2.,18.9413355588913));
#10808=CARTESIAN_POINT('',(58.9768068194389,0.,18.9413355588913));
#10809=CARTESIAN_POINT('Ctrl Pts',(58.9768068194389,2.,18.9413355588913));
#10810=CARTESIAN_POINT('Ctrl Pts',(58.9653959247267,2.,18.656532114903));
#10811=CARTESIAN_POINT('Ctrl Pts',(58.943319481725,2.,18.1055282579367));
#10812=CARTESIAN_POINT('Ctrl Pts',(58.7506541529538,2.,17.589164347164));
#10813=CARTESIAN_POINT('Ctrl Pts',(58.6575738787651,2.,17.3396991491318));
#10814=CARTESIAN_POINT('Ctrl Pts',(58.6875860095024,0.,20.4665743112564));
#10815=CARTESIAN_POINT('Ctrl Pts',(58.6875860095024,2.,20.4665743112564));
#10816=CARTESIAN_POINT('Ctrl Pts',(58.7719265466825,0.,20.2258223823506));
#10817=CARTESIAN_POINT('Ctrl Pts',(58.7719265466825,2.,20.2258223823506));
#10818=CARTESIAN_POINT('Ctrl Pts',(58.9448810537225,0.,19.7321199164302));
#10819=CARTESIAN_POINT('Ctrl Pts',(58.9448810537225,2.,19.7321199164302));
#10820=CARTESIAN_POINT('Ctrl Pts',(58.9659910327873,0.,19.2092368826869));
#10821=CARTESIAN_POINT('Ctrl Pts',(58.9659910327873,2.,19.2092368826869));
#10822=CARTESIAN_POINT('Ctrl Pts',(58.9768068194389,0.,18.9413355588913));
#10823=CARTESIAN_POINT('Ctrl Pts',(58.9768068194389,2.,18.9413355588913));
#10824=CARTESIAN_POINT('',(58.6875860095024,0.,20.4665743112564));
#10825=CARTESIAN_POINT('Ctrl Pts',(58.6875860095024,0.,20.4665743112564));
#10826=CARTESIAN_POINT('Ctrl Pts',(58.7719265466825,0.,20.2258223823506));
#10827=CARTESIAN_POINT('Ctrl Pts',(58.9448810537225,0.,19.7321199164302));
#10828=CARTESIAN_POINT('Ctrl Pts',(58.9659910327873,0.,19.2092368826869));
#10829=CARTESIAN_POINT('Ctrl Pts',(58.9768068194389,0.,18.9413355588913));
#10830=CARTESIAN_POINT('',(58.6875860095024,2.,20.4665743112564));
#10831=CARTESIAN_POINT('',(58.6875860095024,0.,20.4665743112564));
#10832=CARTESIAN_POINT('Ctrl Pts',(58.6875860095024,2.,20.4665743112564));
#10833=CARTESIAN_POINT('Ctrl Pts',(58.7719265466825,2.,20.2258223823506));
#10834=CARTESIAN_POINT('Ctrl Pts',(58.9448810537225,2.,19.7321199164302));
#10835=CARTESIAN_POINT('Ctrl Pts',(58.9659910327873,2.,19.2092368826869));
#10836=CARTESIAN_POINT('Ctrl Pts',(58.9768068194389,2.,18.9413355588913));
#10837=CARTESIAN_POINT('Ctrl Pts',(57.8308336138725,0.,21.5443371534348));
#10838=CARTESIAN_POINT('Ctrl Pts',(57.8308336138725,2.,21.5443371534348));
#10839=CARTESIAN_POINT('Ctrl Pts',(58.009578612697,0.,21.4010820863795));
#10840=CARTESIAN_POINT('Ctrl Pts',(58.009578612697,2.,21.4010820863795));
#10841=CARTESIAN_POINT('Ctrl Pts',(58.3765082443951,0.,21.1070065634886));
#10842=CARTESIAN_POINT('Ctrl Pts',(58.3765082443951,2.,21.1070065634886));
#10843=CARTESIAN_POINT('Ctrl Pts',(58.5821301443626,0.,20.6836818798391));
#10844=CARTESIAN_POINT('Ctrl Pts',(58.5821301443626,2.,20.6836818798391));
#10845=CARTESIAN_POINT('Ctrl Pts',(58.6875860095024,0.,20.4665743112564));
#10846=CARTESIAN_POINT('Ctrl Pts',(58.6875860095024,2.,20.4665743112564));
#10847=CARTESIAN_POINT('',(57.8308336138725,0.,21.5443371534348));
#10848=CARTESIAN_POINT('Ctrl Pts',(57.8308336138725,0.,21.5443371534348));
#10849=CARTESIAN_POINT('Ctrl Pts',(58.009578612697,0.,21.4010820863795));
#10850=CARTESIAN_POINT('Ctrl Pts',(58.3765082443951,0.,21.1070065634886));
#10851=CARTESIAN_POINT('Ctrl Pts',(58.5821301443626,0.,20.6836818798391));
#10852=CARTESIAN_POINT('Ctrl Pts',(58.6875860095024,0.,20.4665743112564));
#10853=CARTESIAN_POINT('',(57.8308336138725,2.,21.5443371534348));
#10854=CARTESIAN_POINT('',(57.8308336138725,0.,21.5443371534348));
#10855=CARTESIAN_POINT('Ctrl Pts',(57.8308336138725,2.,21.5443371534348));
#10856=CARTESIAN_POINT('Ctrl Pts',(58.009578612697,2.,21.4010820863795));
#10857=CARTESIAN_POINT('Ctrl Pts',(58.3765082443951,2.,21.1070065634886));
#10858=CARTESIAN_POINT('Ctrl Pts',(58.5821301443626,2.,20.6836818798391));
#10859=CARTESIAN_POINT('Ctrl Pts',(58.6875860095024,2.,20.4665743112564));
#10860=CARTESIAN_POINT('Ctrl Pts',(56.5211479067802,0.,21.9263290166855));
#10861=CARTESIAN_POINT('Ctrl Pts',(56.5211479067802,2.,21.9263290166855));
#10862=CARTESIAN_POINT('Ctrl Pts',(56.7591028549869,0.,21.9118423732507));
#10863=CARTESIAN_POINT('Ctrl Pts',(56.7591028549869,2.,21.9118423732507));
#10864=CARTESIAN_POINT('Ctrl Pts',(57.2248881904921,0.,21.8834854673595));
#10865=CARTESIAN_POINT('Ctrl Pts',(57.2248881904921,2.,21.8834854673595));
#10866=CARTESIAN_POINT('Ctrl Pts',(57.6318000914885,0.,21.6557364328525));
#10867=CARTESIAN_POINT('Ctrl Pts',(57.6318000914885,2.,21.6557364328525));
#10868=CARTESIAN_POINT('Ctrl Pts',(57.8308336138725,0.,21.5443371534348));
#10869=CARTESIAN_POINT('Ctrl Pts',(57.8308336138725,2.,21.5443371534348));
#10870=CARTESIAN_POINT('',(56.5211479067802,0.,21.9263290166855));
#10871=CARTESIAN_POINT('Ctrl Pts',(56.5211479067802,0.,21.9263290166855));
#10872=CARTESIAN_POINT('Ctrl Pts',(56.7591028549869,0.,21.9118423732507));
#10873=CARTESIAN_POINT('Ctrl Pts',(57.2248881904921,0.,21.8834854673595));
#10874=CARTESIAN_POINT('Ctrl Pts',(57.6318000914885,0.,21.6557364328525));
#10875=CARTESIAN_POINT('Ctrl Pts',(57.8308336138725,0.,21.5443371534348));
#10876=CARTESIAN_POINT('',(56.5211479067802,2.,21.9263290166855));
#10877=CARTESIAN_POINT('',(56.5211479067802,0.,21.9263290166855));
#10878=CARTESIAN_POINT('Ctrl Pts',(56.5211479067802,2.,21.9263290166855));
#10879=CARTESIAN_POINT('Ctrl Pts',(56.7591028549869,2.,21.9118423732507));
#10880=CARTESIAN_POINT('Ctrl Pts',(57.2248881904921,2.,21.8834854673595));
#10881=CARTESIAN_POINT('Ctrl Pts',(57.6318000914885,2.,21.6557364328525));
#10882=CARTESIAN_POINT('Ctrl Pts',(57.8308336138725,2.,21.5443371534348));
#10883=CARTESIAN_POINT('Ctrl Pts',(55.5552522540092,0.,21.7053197622299));
#10884=CARTESIAN_POINT('Ctrl Pts',(55.5552522540092,2.,21.7053197622299));
#10885=CARTESIAN_POINT('Ctrl Pts',(55.6999722516766,0.,21.7697234064697));
#10886=CARTESIAN_POINT('Ctrl Pts',(55.6999722516766,2.,21.7697234064697));
#10887=CARTESIAN_POINT('Ctrl Pts',(56.0070380256246,0.,21.906374561682));
#10888=CARTESIAN_POINT('Ctrl Pts',(56.0070380256246,2.,21.906374561682));
#10889=CARTESIAN_POINT('Ctrl Pts',(56.3433432325896,0.,21.9194277772801));
#10890=CARTESIAN_POINT('Ctrl Pts',(56.3433432325896,2.,21.9194277772801));
#10891=CARTESIAN_POINT('Ctrl Pts',(56.5211479067802,0.,21.9263290166855));
#10892=CARTESIAN_POINT('Ctrl Pts',(56.5211479067802,2.,21.9263290166855));
#10893=CARTESIAN_POINT('',(55.5552522540092,0.,21.7053197622299));
#10894=CARTESIAN_POINT('Ctrl Pts',(55.5552522540092,0.,21.7053197622299));
#10895=CARTESIAN_POINT('Ctrl Pts',(55.6999722516766,0.,21.7697234064697));
#10896=CARTESIAN_POINT('Ctrl Pts',(56.0070380256246,0.,21.906374561682));
#10897=CARTESIAN_POINT('Ctrl Pts',(56.3433432325896,0.,21.9194277772801));
#10898=CARTESIAN_POINT('Ctrl Pts',(56.5211479067802,0.,21.9263290166855));
#10899=CARTESIAN_POINT('',(55.5552522540092,2.,21.7053197622299));
#10900=CARTESIAN_POINT('',(55.5552522540092,0.,21.7053197622299));
#10901=CARTESIAN_POINT('Ctrl Pts',(55.5552522540092,2.,21.7053197622299));
#10902=CARTESIAN_POINT('Ctrl Pts',(55.6999722516766,2.,21.7697234064697));
#10903=CARTESIAN_POINT('Ctrl Pts',(56.0070380256246,2.,21.906374561682));
#10904=CARTESIAN_POINT('Ctrl Pts',(56.3433432325896,2.,21.9194277772801));
#10905=CARTESIAN_POINT('Ctrl Pts',(56.5211479067802,2.,21.9263290166855));
#10906=CARTESIAN_POINT('Ctrl Pts',(54.8403827548027,0.,21.0422908067703));
#10907=CARTESIAN_POINT('Ctrl Pts',(54.8403827548027,2.,21.0422908067703));
#10908=CARTESIAN_POINT('Ctrl Pts',(54.9459842384282,0.,21.1785355216281));
#10909=CARTESIAN_POINT('Ctrl Pts',(54.9459842384282,2.,21.1785355216281));
#10910=CARTESIAN_POINT('Ctrl Pts',(55.1479525499991,0.,21.4391106014053));
#10911=CARTESIAN_POINT('Ctrl Pts',(55.1479525499991,2.,21.4391106014053));
#10912=CARTESIAN_POINT('Ctrl Pts',(55.423688199697,0.,21.6193301183674));
#10913=CARTESIAN_POINT('Ctrl Pts',(55.423688199697,2.,21.6193301183674));
#10914=CARTESIAN_POINT('Ctrl Pts',(55.5552522540092,0.,21.7053197622299));
#10915=CARTESIAN_POINT('Ctrl Pts',(55.5552522540092,2.,21.7053197622299));
#10916=CARTESIAN_POINT('',(54.8403827548027,0.,21.0422908067703));
#10917=CARTESIAN_POINT('Ctrl Pts',(54.8403827548027,0.,21.0422908067703));
#10918=CARTESIAN_POINT('Ctrl Pts',(54.9459842384282,0.,21.1785355216281));
#10919=CARTESIAN_POINT('Ctrl Pts',(55.1479525499991,0.,21.4391106014053));
#10920=CARTESIAN_POINT('Ctrl Pts',(55.423688199697,0.,21.6193301183674));
#10921=CARTESIAN_POINT('Ctrl Pts',(55.5552522540092,0.,21.7053197622299));
#10922=CARTESIAN_POINT('',(54.8403827548027,2.,21.0422908067703));
#10923=CARTESIAN_POINT('',(54.8403827548027,0.,21.0422908067703));
#10924=CARTESIAN_POINT('Ctrl Pts',(54.8403827548027,2.,21.0422908067703));
#10925=CARTESIAN_POINT('Ctrl Pts',(54.9459842384282,2.,21.1785355216281));
#10926=CARTESIAN_POINT('Ctrl Pts',(55.1479525499991,2.,21.4391106014053));
#10927=CARTESIAN_POINT('Ctrl Pts',(55.423688199697,2.,21.6193301183674));
#10928=CARTESIAN_POINT('Ctrl Pts',(55.5552522540092,2.,21.7053197622299));
#10929=CARTESIAN_POINT('Origin',(54.8403827548027,0.,21.7953609228134));
#10930=CARTESIAN_POINT('',(54.8403827548027,0.,21.7953609228134));
#10931=CARTESIAN_POINT('',(54.8403827548027,0.,10.8976804614067));
#10932=CARTESIAN_POINT('',(54.8403827548027,2.,21.7953609228134));
#10933=CARTESIAN_POINT('',(54.8403827548027,0.,21.7953609228134));
#10934=CARTESIAN_POINT('',(54.8403827548027,2.,21.7953609228134));
#10935=CARTESIAN_POINT('Origin',(53.9454309344292,0.,21.7953609228134));
#10936=CARTESIAN_POINT('',(53.9454309344292,0.,21.7953609228134));
#10937=CARTESIAN_POINT('',(26.9727154672146,0.,21.7953609228134));
#10938=CARTESIAN_POINT('',(53.9454309344292,2.,21.7953609228134));
#10939=CARTESIAN_POINT('',(53.9454309344292,0.,21.7953609228134));
#10940=CARTESIAN_POINT('',(53.9454309344292,2.,21.7953609228134));
#10941=CARTESIAN_POINT('Origin',(53.9454309344292,0.,13.7789891958237));
#10942=CARTESIAN_POINT('',(53.9454309344292,0.,13.7789891958237));
#10943=CARTESIAN_POINT('',(53.9454309344292,0.,6.88949459791183));
#10944=CARTESIAN_POINT('',(53.9454309344292,2.,13.7789891958237));
#10945=CARTESIAN_POINT('',(53.9454309344292,0.,13.7789891958237));
#10946=CARTESIAN_POINT('',(53.9454309344292,2.,13.7789891958237));
#10947=CARTESIAN_POINT('Origin',(54.9276964068413,0.,13.7789891958237));
#10948=CARTESIAN_POINT('',(27.4638482034206,0.,13.7789891958237));
#10949=CARTESIAN_POINT('',(54.9276964068413,2.,13.7789891958237));
#10950=CARTESIAN_POINT('Origin',(50.0000004172325,2.,18.8894941210747));
#10951=CARTESIAN_POINT('Ctrl Pts',(50.120057284832,0.,21.1186884641647));
#10952=CARTESIAN_POINT('Ctrl Pts',(50.120057284832,2.,21.1186884641647));
#10953=CARTESIAN_POINT('Ctrl Pts',(49.9044949752508,0.,21.1008044150941));
#10954=CARTESIAN_POINT('Ctrl Pts',(49.9044949752508,2.,21.1008044150941));
#10955=CARTESIAN_POINT('Ctrl Pts',(49.4788362861663,0.,21.0654897958652));
#10956=CARTESIAN_POINT('Ctrl Pts',(49.4788362861663,2.,21.0654897958652));
#10957=CARTESIAN_POINT('Ctrl Pts',(49.1463667393072,0.,20.7978552536135));
#10958=CARTESIAN_POINT('Ctrl Pts',(49.1463667393072,2.,20.7978552536135));
#10959=CARTESIAN_POINT('Ctrl Pts',(48.9822666049004,0.,20.6657563447952));
#10960=CARTESIAN_POINT('Ctrl Pts',(48.9822666049004,2.,20.6657563447952));
#10961=CARTESIAN_POINT('',(50.120057284832,0.,21.1186884641647));
#10962=CARTESIAN_POINT('',(48.9822666049004,0.,20.6657563447952));
#10963=CARTESIAN_POINT('Ctrl Pts',(50.120057284832,0.,21.1186884641647));
#10964=CARTESIAN_POINT('Ctrl Pts',(49.9044949752508,0.,21.1008044150941));
#10965=CARTESIAN_POINT('Ctrl Pts',(49.4788362861663,0.,21.0654897958652));
#10966=CARTESIAN_POINT('Ctrl Pts',(49.1463667393072,0.,20.7978552536135));
#10967=CARTESIAN_POINT('Ctrl Pts',(48.9822666049004,0.,20.6657563447952));
#10968=CARTESIAN_POINT('',(50.120057284832,2.,21.1186884641647));
#10969=CARTESIAN_POINT('',(50.120057284832,0.,21.1186884641647));
#10970=CARTESIAN_POINT('',(48.9822666049004,2.,20.6657563447952));
#10971=CARTESIAN_POINT('Ctrl Pts',(50.120057284832,2.,21.1186884641647));
#10972=CARTESIAN_POINT('Ctrl Pts',(49.9044949752508,2.,21.1008044150941));
#10973=CARTESIAN_POINT('Ctrl Pts',(49.4788362861663,2.,21.0654897958652));
#10974=CARTESIAN_POINT('Ctrl Pts',(49.1463667393072,2.,20.7978552536135));
#10975=CARTESIAN_POINT('Ctrl Pts',(48.9822666049004,2.,20.6657563447952));
#10976=CARTESIAN_POINT('',(48.9822666049004,0.,20.6657563447952));
#10977=CARTESIAN_POINT('Ctrl Pts',(51.3369695544243,0.,20.5511580705643));
#10978=CARTESIAN_POINT('Ctrl Pts',(51.3369695544243,2.,20.5511580705643));
#10979=CARTESIAN_POINT('Ctrl Pts',(51.1684007944977,0.,20.7166867252814));
#10980=CARTESIAN_POINT('Ctrl Pts',(51.1684007944977,2.,20.7166867252814));
#10981=CARTESIAN_POINT('Ctrl Pts',(50.8297871714402,0.,21.0491935166824));
#10982=CARTESIAN_POINT('Ctrl Pts',(50.8297871714402,2.,21.0491935166824));
#10983=CARTESIAN_POINT('Ctrl Pts',(50.3573204480451,0.,21.0954562579718));
#10984=CARTESIAN_POINT('Ctrl Pts',(50.3573204480451,2.,21.0954562579718));
#10985=CARTESIAN_POINT('Ctrl Pts',(50.120057284832,0.,21.1186884641647));
#10986=CARTESIAN_POINT('Ctrl Pts',(50.120057284832,2.,21.1186884641647));
#10987=CARTESIAN_POINT('',(51.3369695544243,0.,20.5511580705643));
#10988=CARTESIAN_POINT('Ctrl Pts',(51.3369695544243,0.,20.5511580705643));
#10989=CARTESIAN_POINT('Ctrl Pts',(51.1684007944977,0.,20.7166867252814));
#10990=CARTESIAN_POINT('Ctrl Pts',(50.8297871714402,0.,21.0491935166824));
#10991=CARTESIAN_POINT('Ctrl Pts',(50.3573204480451,0.,21.0954562579718));
#10992=CARTESIAN_POINT('Ctrl Pts',(50.120057284832,0.,21.1186884641647));
#10993=CARTESIAN_POINT('',(51.3369695544243,2.,20.5511580705643));
#10994=CARTESIAN_POINT('',(51.3369695544243,0.,20.5511580705643));
#10995=CARTESIAN_POINT('Ctrl Pts',(51.3369695544243,2.,20.5511580705643));
#10996=CARTESIAN_POINT('Ctrl Pts',(51.1684007944977,2.,20.7166867252814));
#10997=CARTESIAN_POINT('Ctrl Pts',(50.8297871714402,2.,21.0491935166824));
#10998=CARTESIAN_POINT('Ctrl Pts',(50.3573204480451,2.,21.0954562579718));
#10999=CARTESIAN_POINT('Ctrl Pts',(50.120057284832,2.,21.1186884641647));
#11000=CARTESIAN_POINT('Ctrl Pts',(51.7080489993095,0.,19.4542955160141));
#11001=CARTESIAN_POINT('Ctrl Pts',(51.7080489993095,2.,19.4542955160141));
#11002=CARTESIAN_POINT('Ctrl Pts',(51.6832059547611,0.,19.6736507476529));
#11003=CARTESIAN_POINT('Ctrl Pts',(51.6832059547611,2.,19.6736507476529));
#11004=CARTESIAN_POINT('Ctrl Pts',(51.6385953014339,0.,20.067546921492));
#11005=CARTESIAN_POINT('Ctrl Pts',(51.6385953014339,2.,20.067546921492));
#11006=CARTESIAN_POINT('Ctrl Pts',(51.4295849741241,0.,20.4026632885807));
#11007=CARTESIAN_POINT('Ctrl Pts',(51.4295849741241,2.,20.4026632885807));
#11008=CARTESIAN_POINT('Ctrl Pts',(51.3369695544243,0.,20.5511580705643));
#11009=CARTESIAN_POINT('Ctrl Pts',(51.3369695544243,2.,20.5511580705643));
#11010=CARTESIAN_POINT('',(51.7080489993095,0.,19.4542955160141));
#11011=CARTESIAN_POINT('Ctrl Pts',(51.7080489993095,0.,19.4542955160141));
#11012=CARTESIAN_POINT('Ctrl Pts',(51.6832059547611,0.,19.6736507476529));
#11013=CARTESIAN_POINT('Ctrl Pts',(51.6385953014339,0.,20.067546921492));
#11014=CARTESIAN_POINT('Ctrl Pts',(51.4295849741241,0.,20.4026632885807));
#11015=CARTESIAN_POINT('Ctrl Pts',(51.3369695544243,0.,20.5511580705643));
#11016=CARTESIAN_POINT('',(51.7080489993095,2.,19.4542955160141));
#11017=CARTESIAN_POINT('',(51.7080489993095,0.,19.4542955160141));
#11018=CARTESIAN_POINT('Ctrl Pts',(51.7080489993095,2.,19.4542955160141));
#11019=CARTESIAN_POINT('Ctrl Pts',(51.6832059547611,2.,19.6736507476529));
#11020=CARTESIAN_POINT('Ctrl Pts',(51.6385953014339,2.,20.067546921492));
#11021=CARTESIAN_POINT('Ctrl Pts',(51.4295849741241,2.,20.4026632885807));
#11022=CARTESIAN_POINT('Ctrl Pts',(51.3369695544243,2.,20.5511580705643));
#11023=CARTESIAN_POINT('Origin',(48.4720317721367,0.,19.4542955160141));
#11024=CARTESIAN_POINT('',(48.4720317721367,0.,19.4542955160141));
#11025=CARTESIAN_POINT('',(24.2360158860683,0.,19.4542955160141));
#11026=CARTESIAN_POINT('',(48.4720317721367,2.,19.4542955160141));
#11027=CARTESIAN_POINT('',(48.4720317721367,0.,19.4542955160141));
#11028=CARTESIAN_POINT('',(48.4720317721367,2.,19.4542955160141));
#11029=CARTESIAN_POINT('Ctrl Pts',(48.9822666049004,0.,20.6657563447952));
#11030=CARTESIAN_POINT('Ctrl Pts',(48.9822666049004,2.,20.6657563447952));
#11031=CARTESIAN_POINT('Ctrl Pts',(48.8454577938607,0.,20.4968310542185));
#11032=CARTESIAN_POINT('Ctrl Pts',(48.8454577938607,2.,20.4968310542185));
#11033=CARTESIAN_POINT('Ctrl Pts',(48.5590407668783,0.,20.1431763506842));
#11034=CARTESIAN_POINT('Ctrl Pts',(48.5590407668783,2.,20.1431763506842));
#11035=CARTESIAN_POINT('Ctrl Pts',(48.5018861456746,0.,19.6906630987272));
#11036=CARTESIAN_POINT('Ctrl Pts',(48.5018861456746,2.,19.6906630987272));
#11037=CARTESIAN_POINT('Ctrl Pts',(48.4720317721367,0.,19.4542955160141));
#11038=CARTESIAN_POINT('Ctrl Pts',(48.4720317721367,2.,19.4542955160141));
#11039=CARTESIAN_POINT('Ctrl Pts',(48.9822666049004,0.,20.6657563447952));
#11040=CARTESIAN_POINT('Ctrl Pts',(48.8454577938607,0.,20.4968310542185));
#11041=CARTESIAN_POINT('Ctrl Pts',(48.5590407668783,0.,20.1431763506842));
#11042=CARTESIAN_POINT('Ctrl Pts',(48.5018861456746,0.,19.6906630987272));
#11043=CARTESIAN_POINT('Ctrl Pts',(48.4720317721367,0.,19.4542955160141));
#11044=CARTESIAN_POINT('Ctrl Pts',(48.9822666049004,2.,20.6657563447952));
#11045=CARTESIAN_POINT('Ctrl Pts',(48.8454577938607,2.,20.4968310542185));
#11046=CARTESIAN_POINT('Ctrl Pts',(48.5590407668783,2.,20.1431763506842));
#11047=CARTESIAN_POINT('Ctrl Pts',(48.5018861456746,2.,19.6906630987272));
#11048=CARTESIAN_POINT('Ctrl Pts',(48.4720317721367,2.,19.4542955160141));
#11049=CARTESIAN_POINT('Ctrl Pts',(50.1691667437553,0.,16.6766701936722));
#11050=CARTESIAN_POINT('Ctrl Pts',(50.1691667437553,2.,16.6766701936722));
#11051=CARTESIAN_POINT('Ctrl Pts',(50.3403073201385,0.,16.6867898368809));
#11052=CARTESIAN_POINT('Ctrl Pts',(50.3403073201385,2.,16.6867898368809));
#11053=CARTESIAN_POINT('Ctrl Pts',(50.6712661920104,0.,16.7063596301519));
#11054=CARTESIAN_POINT('Ctrl Pts',(50.6712661920104,2.,16.7063596301519));
#11055=CARTESIAN_POINT('Ctrl Pts',(50.954588389774,0.,16.8776977238223));
#11056=CARTESIAN_POINT('Ctrl Pts',(50.954588389774,2.,16.8776977238223));
#11057=CARTESIAN_POINT('Ctrl Pts',(51.0914031863213,0.,16.9604359865189));
#11058=CARTESIAN_POINT('Ctrl Pts',(51.0914031863213,2.,16.9604359865189));
#11059=CARTESIAN_POINT('',(50.1691667437553,0.,16.6766701936722));
#11060=CARTESIAN_POINT('',(51.0914031863213,0.,16.9604359865189));
#11061=CARTESIAN_POINT('Ctrl Pts',(50.1691667437553,0.,16.6766701936722));
#11062=CARTESIAN_POINT('Ctrl Pts',(50.3403073201385,0.,16.6867898368809));
#11063=CARTESIAN_POINT('Ctrl Pts',(50.6712661920104,0.,16.7063596301519));
#11064=CARTESIAN_POINT('Ctrl Pts',(50.954588389774,0.,16.8776977238223));
#11065=CARTESIAN_POINT('Ctrl Pts',(51.0914031863213,0.,16.9604359865189));
#11066=CARTESIAN_POINT('',(50.1691667437553,2.,16.6766701936722));
#11067=CARTESIAN_POINT('',(50.1691667437553,0.,16.6766701936722));
#11068=CARTESIAN_POINT('',(51.0914031863213,2.,16.9604359865189));
#11069=CARTESIAN_POINT('Ctrl Pts',(50.1691667437553,2.,16.6766701936722));
#11070=CARTESIAN_POINT('Ctrl Pts',(50.3403073201385,2.,16.6867898368809));
#11071=CARTESIAN_POINT('Ctrl Pts',(50.6712661920104,2.,16.7063596301519));
#11072=CARTESIAN_POINT('Ctrl Pts',(50.954588389774,2.,16.8776977238223));
#11073=CARTESIAN_POINT('Ctrl Pts',(51.0914031863213,2.,16.9604359865189));
#11074=CARTESIAN_POINT('',(51.0914031863213,0.,16.9604359865189));
#11075=CARTESIAN_POINT('Ctrl Pts',(48.9577094912529,0.,17.1841739416122));
#11076=CARTESIAN_POINT('Ctrl Pts',(48.9577094912529,2.,17.1841739416122));
#11077=CARTESIAN_POINT('Ctrl Pts',(49.130704099255,0.,17.036155441184));
#11078=CARTESIAN_POINT('Ctrl Pts',(49.130704099255,2.,17.036155441184));
#11079=CARTESIAN_POINT('Ctrl Pts',(49.4799184368757,0.,16.7373589458503));
#11080=CARTESIAN_POINT('Ctrl Pts',(49.4799184368757,2.,16.7373589458503));
#11081=CARTESIAN_POINT('Ctrl Pts',(49.9380071028958,0.,16.6970239472));
#11082=CARTESIAN_POINT('Ctrl Pts',(49.9380071028958,2.,16.6970239472));
#11083=CARTESIAN_POINT('Ctrl Pts',(50.1691667437553,0.,16.6766701936722));
#11084=CARTESIAN_POINT('Ctrl Pts',(50.1691667437553,2.,16.6766701936722));
#11085=CARTESIAN_POINT('',(48.9577094912529,0.,17.1841739416122));
#11086=CARTESIAN_POINT('Ctrl Pts',(48.9577094912529,0.,17.1841739416122));
#11087=CARTESIAN_POINT('Ctrl Pts',(49.130704099255,0.,17.036155441184));
#11088=CARTESIAN_POINT('Ctrl Pts',(49.4799184368757,0.,16.7373589458503));
#11089=CARTESIAN_POINT('Ctrl Pts',(49.9380071028958,0.,16.6970239472));
#11090=CARTESIAN_POINT('Ctrl Pts',(50.1691667437553,0.,16.6766701936722));
#11091=CARTESIAN_POINT('',(48.9577094912529,2.,17.1841739416122));
#11092=CARTESIAN_POINT('',(48.9577094912529,0.,17.1841739416122));
#11093=CARTESIAN_POINT('Ctrl Pts',(48.9577094912529,2.,17.1841739416122));
#11094=CARTESIAN_POINT('Ctrl Pts',(49.130704099255,2.,17.036155441184));
#11095=CARTESIAN_POINT('Ctrl Pts',(49.4799184368757,2.,16.7373589458503));
#11096=CARTESIAN_POINT('Ctrl Pts',(49.9380071028958,2.,16.6970239472));
#11097=CARTESIAN_POINT('Ctrl Pts',(50.1691667437553,2.,16.6766701936722));
#11098=CARTESIAN_POINT('Ctrl Pts',(48.4174625277519,0.,18.6466561555862));
#11099=CARTESIAN_POINT('Ctrl Pts',(48.4174625277519,2.,18.6466561555862));
#11100=CARTESIAN_POINT('Ctrl Pts',(48.4458468984133,0.,18.3556675201831));
#11101=CARTESIAN_POINT('Ctrl Pts',(48.4458468984133,2.,18.3556675201831));
#11102=CARTESIAN_POINT('Ctrl Pts',(48.4982173156367,0.,17.8187806388389));
#11103=CARTESIAN_POINT('Ctrl Pts',(48.4982173156367,2.,17.8187806388389));
#11104=CARTESIAN_POINT('Ctrl Pts',(48.8133680671899,0.,17.3835245274514));
#11105=CARTESIAN_POINT('Ctrl Pts',(48.8133680671899,2.,17.3835245274514));
#11106=CARTESIAN_POINT('Ctrl Pts',(48.9577094912529,0.,17.1841739416122));
#11107=CARTESIAN_POINT('Ctrl Pts',(48.9577094912529,2.,17.1841739416122));
#11108=CARTESIAN_POINT('',(48.4174625277519,0.,18.6466561555862));
#11109=CARTESIAN_POINT('Ctrl Pts',(48.4174625277519,0.,18.6466561555862));
#11110=CARTESIAN_POINT('Ctrl Pts',(48.4458468984133,0.,18.3556675201831));
#11111=CARTESIAN_POINT('Ctrl Pts',(48.4982173156367,0.,17.8187806388389));
#11112=CARTESIAN_POINT('Ctrl Pts',(48.8133680671899,0.,17.3835245274514));
#11113=CARTESIAN_POINT('Ctrl Pts',(48.9577094912529,0.,17.1841739416122));
#11114=CARTESIAN_POINT('',(48.4174625277519,2.,18.6466561555862));
#11115=CARTESIAN_POINT('',(48.4174625277519,0.,18.6466561555862));
#11116=CARTESIAN_POINT('Ctrl Pts',(48.4174625277519,2.,18.6466561555862));
#11117=CARTESIAN_POINT('Ctrl Pts',(48.4458468984133,2.,18.3556675201831));
#11118=CARTESIAN_POINT('Ctrl Pts',(48.4982173156367,2.,17.8187806388389));
#11119=CARTESIAN_POINT('Ctrl Pts',(48.8133680671899,2.,17.3835245274514));
#11120=CARTESIAN_POINT('Ctrl Pts',(48.9577094912529,2.,17.1841739416122));
#11121=CARTESIAN_POINT('Origin',(52.7394286990166,0.,18.6466561555862));
#11122=CARTESIAN_POINT('',(52.7394286990166,0.,18.6466561555862));
#11123=CARTESIAN_POINT('',(26.3697143495083,0.,18.6466561555862));
#11124=CARTESIAN_POINT('',(52.7394286990166,2.,18.6466561555862));
#11125=CARTESIAN_POINT('',(52.7394286990166,0.,18.6466561555862));
#11126=CARTESIAN_POINT('',(52.7394286990166,2.,18.6466561555862));
#11127=CARTESIAN_POINT('Ctrl Pts',(52.7448837161064,0.,18.9085935354233));
#11128=CARTESIAN_POINT('Ctrl Pts',(52.7448837161064,2.,18.9085935354233));
#11129=CARTESIAN_POINT('Ctrl Pts',(52.7445372925004,0.,18.8722111207346));
#11130=CARTESIAN_POINT('Ctrl Pts',(52.7445372925004,2.,18.8722111207346));
#11131=CARTESIAN_POINT('Ctrl Pts',(52.7437057421617,0.,18.7848792855635));
#11132=CARTESIAN_POINT('Ctrl Pts',(52.7437057421617,2.,18.7848792855635));
#11133=CARTESIAN_POINT('Ctrl Pts',(52.7410045660319,0.,18.6975841597928));
#11134=CARTESIAN_POINT('Ctrl Pts',(52.7410045660319,2.,18.6975841597928));
#11135=CARTESIAN_POINT('Ctrl Pts',(52.7394286990166,0.,18.6466561555862));
#11136=CARTESIAN_POINT('Ctrl Pts',(52.7394286990166,2.,18.6466561555862));
#11137=CARTESIAN_POINT('',(52.7448837161064,0.,18.9085935354233));
#11138=CARTESIAN_POINT('Ctrl Pts',(52.7448837161064,0.,18.9085935354233));
#11139=CARTESIAN_POINT('Ctrl Pts',(52.7445372925004,0.,18.8722111207346));
#11140=CARTESIAN_POINT('Ctrl Pts',(52.7437057421617,0.,18.7848792855635));
#11141=CARTESIAN_POINT('Ctrl Pts',(52.7410045660319,0.,18.6975841597928));
#11142=CARTESIAN_POINT('Ctrl Pts',(52.7394286990166,0.,18.6466561555862));
#11143=CARTESIAN_POINT('',(52.7448837161064,2.,18.9085935354233));
#11144=CARTESIAN_POINT('',(52.7448837161064,0.,18.9085935354233));
#11145=CARTESIAN_POINT('Ctrl Pts',(52.7448837161064,2.,18.9085935354233));
#11146=CARTESIAN_POINT('Ctrl Pts',(52.7445372925004,2.,18.8722111207346));
#11147=CARTESIAN_POINT('Ctrl Pts',(52.7437057421617,2.,18.7848792855635));
#11148=CARTESIAN_POINT('Ctrl Pts',(52.7410045660319,2.,18.6975841597928));
#11149=CARTESIAN_POINT('Ctrl Pts',(52.7394286990166,2.,18.6466561555862));
#11150=CARTESIAN_POINT('Ctrl Pts',(52.0081846117973,0.,21.1350606679916));
#11151=CARTESIAN_POINT('Ctrl Pts',(52.0081846117973,2.,21.1350606679916));
#11152=CARTESIAN_POINT('Ctrl Pts',(52.2227084676998,0.,20.8281968126137));
#11153=CARTESIAN_POINT('Ctrl Pts',(52.2227084676998,2.,20.8281968126137));
#11154=CARTESIAN_POINT('Ctrl Pts',(52.6881003397446,0.,20.1624809018286));
#11155=CARTESIAN_POINT('Ctrl Pts',(52.6881003397446,2.,20.1624809018286));
#11156=CARTESIAN_POINT('Ctrl Pts',(52.7249954978595,0.,19.3477640673265));
#11157=CARTESIAN_POINT('Ctrl Pts',(52.7249954978595,2.,19.3477640673265));
#11158=CARTESIAN_POINT('Ctrl Pts',(52.7448837161064,0.,18.9085935354233));
#11159=CARTESIAN_POINT('Ctrl Pts',(52.7448837161064,2.,18.9085935354233));
#11160=CARTESIAN_POINT('',(52.0081846117973,0.,21.1350606679916));
#11161=CARTESIAN_POINT('Ctrl Pts',(52.0081846117973,0.,21.1350606679916));
#11162=CARTESIAN_POINT('Ctrl Pts',(52.2227084676998,0.,20.8281968126137));
#11163=CARTESIAN_POINT('Ctrl Pts',(52.6881003397446,0.,20.1624809018286));
#11164=CARTESIAN_POINT('Ctrl Pts',(52.7249954978595,0.,19.3477640673265));
#11165=CARTESIAN_POINT('Ctrl Pts',(52.7448837161064,0.,18.9085935354233));
#11166=CARTESIAN_POINT('',(52.0081846117973,2.,21.1350606679916));
#11167=CARTESIAN_POINT('',(52.0081846117973,0.,21.1350606679916));
#11168=CARTESIAN_POINT('Ctrl Pts',(52.0081846117973,2.,21.1350606679916));
#11169=CARTESIAN_POINT('Ctrl Pts',(52.2227084676998,2.,20.8281968126137));
#11170=CARTESIAN_POINT('Ctrl Pts',(52.6881003397446,2.,20.1624809018286));
#11171=CARTESIAN_POINT('Ctrl Pts',(52.7249954978595,2.,19.3477640673265));
#11172=CARTESIAN_POINT('Ctrl Pts',(52.7448837161064,2.,18.9085935354233));
#11173=CARTESIAN_POINT('Ctrl Pts',(50.1091377139091,0.,21.9263290166855));
#11174=CARTESIAN_POINT('Ctrl Pts',(50.1091377139091,2.,21.9263290166855));
#11175=CARTESIAN_POINT('Ctrl Pts',(50.4762069833703,0.,21.8961557937933));
#11176=CARTESIAN_POINT('Ctrl Pts',(50.4762069833703,2.,21.8961557937933));
#11177=CARTESIAN_POINT('Ctrl Pts',(51.1955582074905,0.,21.8370248704801));
#11178=CARTESIAN_POINT('Ctrl Pts',(51.1955582074905,2.,21.8370248704801));
#11179=CARTESIAN_POINT('Ctrl Pts',(51.7410469160021,0.,21.3658199672092));
#11180=CARTESIAN_POINT('Ctrl Pts',(51.7410469160021,2.,21.3658199672092));
#11181=CARTESIAN_POINT('Ctrl Pts',(52.0081846117973,0.,21.1350606679916));
#11182=CARTESIAN_POINT('Ctrl Pts',(52.0081846117973,2.,21.1350606679916));
#11183=CARTESIAN_POINT('',(50.1091377139091,0.,21.9263290166855));
#11184=CARTESIAN_POINT('Ctrl Pts',(50.1091377139091,0.,21.9263290166855));
#11185=CARTESIAN_POINT('Ctrl Pts',(50.4762069833703,0.,21.8961557937933));
#11186=CARTESIAN_POINT('Ctrl Pts',(51.1955582074905,0.,21.8370248704801));
#11187=CARTESIAN_POINT('Ctrl Pts',(51.7410469160021,0.,21.3658199672092));
#11188=CARTESIAN_POINT('Ctrl Pts',(52.0081846117973,0.,21.1350606679916));
#11189=CARTESIAN_POINT('',(50.1091377139091,2.,21.9263290166855));
#11190=CARTESIAN_POINT('',(50.1091377139091,0.,21.9263290166855));
#11191=CARTESIAN_POINT('Ctrl Pts',(50.1091377139091,2.,21.9263290166855));
#11192=CARTESIAN_POINT('Ctrl Pts',(50.4762069833703,2.,21.8961557937933));
#11193=CARTESIAN_POINT('Ctrl Pts',(51.1955582074905,2.,21.8370248704801));
#11194=CARTESIAN_POINT('Ctrl Pts',(51.7410469160021,2.,21.3658199672092));
#11195=CARTESIAN_POINT('Ctrl Pts',(52.0081846117973,2.,21.1350606679916));
#11196=CARTESIAN_POINT('Ctrl Pts',(48.155523955822,0.,21.1186884641647));
#11197=CARTESIAN_POINT('Ctrl Pts',(48.155523955822,2.,21.1186884641647));
#11198=CARTESIAN_POINT('Ctrl Pts',(48.429736690531,0.,21.3542136202726));
#11199=CARTESIAN_POINT('Ctrl Pts',(48.429736690531,2.,21.3542136202726));
#11200=CARTESIAN_POINT('Ctrl Pts',(48.9914822204697,0.,21.8367047189158));
#11201=CARTESIAN_POINT('Ctrl Pts',(48.9914822204697,2.,21.8367047189158));
#11202=CARTESIAN_POINT('Ctrl Pts',(49.7307427889371,0.,21.8959856956628));
#11203=CARTESIAN_POINT('Ctrl Pts',(49.7307427889371,2.,21.8959856956628));
#11204=CARTESIAN_POINT('Ctrl Pts',(50.1091377139091,0.,21.9263290166855));
#11205=CARTESIAN_POINT('Ctrl Pts',(50.1091377139091,2.,21.9263290166855));
#11206=CARTESIAN_POINT('',(48.155523955822,0.,21.1186884641647));
#11207=CARTESIAN_POINT('Ctrl Pts',(48.155523955822,0.,21.1186884641647));
#11208=CARTESIAN_POINT('Ctrl Pts',(48.429736690531,0.,21.3542136202726));
#11209=CARTESIAN_POINT('Ctrl Pts',(48.9914822204697,0.,21.8367047189158));
#11210=CARTESIAN_POINT('Ctrl Pts',(49.7307427889371,0.,21.8959856956628));
#11211=CARTESIAN_POINT('Ctrl Pts',(50.1091377139091,0.,21.9263290166855));
#11212=CARTESIAN_POINT('',(48.155523955822,2.,21.1186884641647));
#11213=CARTESIAN_POINT('',(48.155523955822,0.,21.1186884641647));
#11214=CARTESIAN_POINT('Ctrl Pts',(48.155523955822,2.,21.1186884641647));
#11215=CARTESIAN_POINT('Ctrl Pts',(48.429736690531,2.,21.3542136202726));
#11216=CARTESIAN_POINT('Ctrl Pts',(48.9914822204697,2.,21.8367047189158));
#11217=CARTESIAN_POINT('Ctrl Pts',(49.7307427889371,2.,21.8959856956628));
#11218=CARTESIAN_POINT('Ctrl Pts',(50.1091377139091,2.,21.9263290166855));
#11219=CARTESIAN_POINT('Ctrl Pts',(47.4024550318718,0.,18.8485668897629));
#11220=CARTESIAN_POINT('Ctrl Pts',(47.4024550318718,2.,18.8485668897629));
#11221=CARTESIAN_POINT('Ctrl Pts',(47.4228840509627,0.,19.2962403246595));
#11222=CARTESIAN_POINT('Ctrl Pts',(47.4228840509627,2.,19.2962403246595));
#11223=CARTESIAN_POINT('Ctrl Pts',(47.4608042467852,0.,20.1272084803177));
#11224=CARTESIAN_POINT('Ctrl Pts',(47.4608042467852,2.,20.1272084803177));
#11225=CARTESIAN_POINT('Ctrl Pts',(47.9362284457197,0.,20.8057174832271));
#11226=CARTESIAN_POINT('Ctrl Pts',(47.9362284457197,2.,20.8057174832271));
#11227=CARTESIAN_POINT('Ctrl Pts',(48.155523955822,0.,21.1186884641647));
#11228=CARTESIAN_POINT('Ctrl Pts',(48.155523955822,2.,21.1186884641647));
#11229=CARTESIAN_POINT('',(47.4024550318718,0.,18.8485668897629));
#11230=CARTESIAN_POINT('Ctrl Pts',(47.4024550318718,0.,18.8485668897629));
#11231=CARTESIAN_POINT('Ctrl Pts',(47.4228840509627,0.,19.2962403246595));
#11232=CARTESIAN_POINT('Ctrl Pts',(47.4608042467852,0.,20.1272084803177));
#11233=CARTESIAN_POINT('Ctrl Pts',(47.9362284457197,0.,20.8057174832271));
#11234=CARTESIAN_POINT('Ctrl Pts',(48.155523955822,0.,21.1186884641647));
#11235=CARTESIAN_POINT('',(47.4024550318718,2.,18.8485668897629));
#11236=CARTESIAN_POINT('',(47.4024550318718,0.,18.8485668897629));
#11237=CARTESIAN_POINT('Ctrl Pts',(47.4024550318718,2.,18.8485668897629));
#11238=CARTESIAN_POINT('Ctrl Pts',(47.4228840509627,2.,19.2962403246595));
#11239=CARTESIAN_POINT('Ctrl Pts',(47.4608042467852,2.,20.1272084803177));
#11240=CARTESIAN_POINT('Ctrl Pts',(47.9362284457197,2.,20.8057174832271));
#11241=CARTESIAN_POINT('Ctrl Pts',(48.155523955822,2.,21.1186884641647));
#11242=CARTESIAN_POINT('Ctrl Pts',(48.1473390460014,0.,16.6521130800247));
#11243=CARTESIAN_POINT('Ctrl Pts',(48.1473390460014,2.,16.6521130800247));
#11244=CARTESIAN_POINT('Ctrl Pts',(47.9304000175762,0.,16.9547443675337));
#11245=CARTESIAN_POINT('Ctrl Pts',(47.9304000175762,2.,16.9547443675337));
#11246=CARTESIAN_POINT('Ctrl Pts',(47.4617249891844,0.,17.6085489332457));
#11247=CARTESIAN_POINT('Ctrl Pts',(47.4617249891844,2.,17.6085489332457));
#11248=CARTESIAN_POINT('Ctrl Pts',(47.4231659613062,0.,18.4152626398659));
#11249=CARTESIAN_POINT('Ctrl Pts',(47.4231659613062,2.,18.4152626398659));
#11250=CARTESIAN_POINT('Ctrl Pts',(47.4024550318718,0.,18.8485668897629));
#11251=CARTESIAN_POINT('Ctrl Pts',(47.4024550318718,2.,18.8485668897629));
#11252=CARTESIAN_POINT('',(48.1473390460014,0.,16.6521130800247));
#11253=CARTESIAN_POINT('Ctrl Pts',(48.1473390460014,0.,16.6521130800247));
#11254=CARTESIAN_POINT('Ctrl Pts',(47.9304000175762,0.,16.9547443675337));
#11255=CARTESIAN_POINT('Ctrl Pts',(47.4617249891844,0.,17.6085489332457));
#11256=CARTESIAN_POINT('Ctrl Pts',(47.4231659613062,0.,18.4152626398659));
#11257=CARTESIAN_POINT('Ctrl Pts',(47.4024550318718,0.,18.8485668897629));
#11258=CARTESIAN_POINT('',(48.1473390460014,2.,16.6521130800247));
#11259=CARTESIAN_POINT('',(48.1473390460014,0.,16.6521130800247));
#11260=CARTESIAN_POINT('Ctrl Pts',(48.1473390460014,2.,16.6521130800247));
#11261=CARTESIAN_POINT('Ctrl Pts',(47.9304000175762,2.,16.9547443675337));
#11262=CARTESIAN_POINT('Ctrl Pts',(47.4617249891844,2.,17.6085489332457));
#11263=CARTESIAN_POINT('Ctrl Pts',(47.4231659613062,2.,18.4152626398659));
#11264=CARTESIAN_POINT('Ctrl Pts',(47.4024550318718,2.,18.8485668897629));
#11265=CARTESIAN_POINT('Ctrl Pts',(50.1637069582939,0.,15.8690308332443));
#11266=CARTESIAN_POINT('Ctrl Pts',(50.1637069582939,2.,15.8690308332443));
#11267=CARTESIAN_POINT('Ctrl Pts',(49.7681566763771,0.,15.8952423922202));
#11268=CARTESIAN_POINT('Ctrl Pts',(49.7681566763771,2.,15.8952423922202));
#11269=CARTESIAN_POINT('Ctrl Pts',(49.0117443395073,0.,15.9453668580196));
#11270=CARTESIAN_POINT('Ctrl Pts',(49.0117443395073,2.,15.9453668580196));
#11271=CARTESIAN_POINT('Ctrl Pts',(48.4265283595754,0.,16.4238451667264));
#11272=CARTESIAN_POINT('Ctrl Pts',(48.4265283595754,2.,16.4238451667264));
#11273=CARTESIAN_POINT('Ctrl Pts',(48.1473390460014,0.,16.6521130800247));
#11274=CARTESIAN_POINT('Ctrl Pts',(48.1473390460014,2.,16.6521130800247));
#11275=CARTESIAN_POINT('',(50.1637069582939,0.,15.8690308332443));
#11276=CARTESIAN_POINT('Ctrl Pts',(50.1637069582939,0.,15.8690308332443));
#11277=CARTESIAN_POINT('Ctrl Pts',(49.7681566763771,0.,15.8952423922202));
#11278=CARTESIAN_POINT('Ctrl Pts',(49.0117443395073,0.,15.9453668580196));
#11279=CARTESIAN_POINT('Ctrl Pts',(48.4265283595754,0.,16.4238451667264));
#11280=CARTESIAN_POINT('Ctrl Pts',(48.1473390460014,0.,16.6521130800247));
#11281=CARTESIAN_POINT('',(50.1637069582939,2.,15.8690308332443));
#11282=CARTESIAN_POINT('',(50.1637069582939,0.,15.8690308332443));
#11283=CARTESIAN_POINT('Ctrl Pts',(50.1637069582939,2.,15.8690308332443));
#11284=CARTESIAN_POINT('Ctrl Pts',(49.7681566763771,2.,15.8952423922202));
#11285=CARTESIAN_POINT('Ctrl Pts',(49.0117443395073,2.,15.9453668580196));
#11286=CARTESIAN_POINT('Ctrl Pts',(48.4265283595754,2.,16.4238451667264));
#11287=CARTESIAN_POINT('Ctrl Pts',(48.1473390460014,2.,16.6521130800247));
#11288=CARTESIAN_POINT('Ctrl Pts',(51.8226472735405,0.,16.3601623773575));
#11289=CARTESIAN_POINT('Ctrl Pts',(51.8226472735405,2.,16.3601623773575));
#11290=CARTESIAN_POINT('Ctrl Pts',(51.5824035685511,0.,16.217045587732));
#11291=CARTESIAN_POINT('Ctrl Pts',(51.5824035685511,2.,16.217045587732));
#11292=CARTESIAN_POINT('Ctrl Pts',(51.072377402361,0.,15.9132153269837));
#11293=CARTESIAN_POINT('Ctrl Pts',(51.072377402361,2.,15.9132153269837));
#11294=CARTESIAN_POINT('Ctrl Pts',(50.4780704318566,0.,15.8843168932457));
#11295=CARTESIAN_POINT('Ctrl Pts',(50.4780704318566,2.,15.8843168932457));
#11296=CARTESIAN_POINT('Ctrl Pts',(50.1637069582939,0.,15.8690308332443));
#11297=CARTESIAN_POINT('Ctrl Pts',(50.1637069582939,2.,15.8690308332443));
#11298=CARTESIAN_POINT('',(51.8226472735405,0.,16.3601623773575));
#11299=CARTESIAN_POINT('Ctrl Pts',(51.8226472735405,0.,16.3601623773575));
#11300=CARTESIAN_POINT('Ctrl Pts',(51.5824035685511,0.,16.217045587732));
#11301=CARTESIAN_POINT('Ctrl Pts',(51.072377402361,0.,15.9132153269837));
#11302=CARTESIAN_POINT('Ctrl Pts',(50.4780704318566,0.,15.8843168932457));
#11303=CARTESIAN_POINT('Ctrl Pts',(50.1637069582939,0.,15.8690308332443));
#11304=CARTESIAN_POINT('',(51.8226472735405,2.,16.3601623773575));
#11305=CARTESIAN_POINT('',(51.8226472735405,0.,16.3601623773575));
#11306=CARTESIAN_POINT('Ctrl Pts',(51.8226472735405,2.,16.3601623773575));
#11307=CARTESIAN_POINT('Ctrl Pts',(51.5824035685511,2.,16.217045587732));
#11308=CARTESIAN_POINT('Ctrl Pts',(51.072377402361,2.,15.9132153269837));
#11309=CARTESIAN_POINT('Ctrl Pts',(50.4780704318566,2.,15.8843168932457));
#11310=CARTESIAN_POINT('Ctrl Pts',(50.1637069582939,2.,15.8690308332443));
#11311=CARTESIAN_POINT('Ctrl Pts',(52.7121440768242,0.,17.7407907247543));
#11312=CARTESIAN_POINT('Ctrl Pts',(52.7121440768242,2.,17.7407907247543));
#11313=CARTESIAN_POINT('Ctrl Pts',(52.6188900603222,0.,17.4638610529711));
#11314=CARTESIAN_POINT('Ctrl Pts',(52.6188900603222,2.,17.4638610529711));
#11315=CARTESIAN_POINT('Ctrl Pts',(52.438426542425,0.,16.9279516663866));
#11316=CARTESIAN_POINT('Ctrl Pts',(52.438426542425,2.,16.9279516663866));
#11317=CARTESIAN_POINT('Ctrl Pts',(52.023271913076,0.,16.5451515889137));
#11318=CARTESIAN_POINT('Ctrl Pts',(52.023271913076,2.,16.5451515889137));
#11319=CARTESIAN_POINT('Ctrl Pts',(51.8226472735405,0.,16.3601623773575));
#11320=CARTESIAN_POINT('Ctrl Pts',(51.8226472735405,2.,16.3601623773575));
#11321=CARTESIAN_POINT('',(52.7121440768242,0.,17.7407907247543));
#11322=CARTESIAN_POINT('Ctrl Pts',(52.7121440768242,0.,17.7407907247543));
#11323=CARTESIAN_POINT('Ctrl Pts',(52.6188900603222,0.,17.4638610529711));
#11324=CARTESIAN_POINT('Ctrl Pts',(52.438426542425,0.,16.9279516663866));
#11325=CARTESIAN_POINT('Ctrl Pts',(52.023271913076,0.,16.5451515889137));
#11326=CARTESIAN_POINT('Ctrl Pts',(51.8226472735405,0.,16.3601623773575));
#11327=CARTESIAN_POINT('',(52.7121440768242,2.,17.7407907247543));
#11328=CARTESIAN_POINT('',(52.7121440768242,0.,17.7407907247543));
#11329=CARTESIAN_POINT('Ctrl Pts',(52.7121440768242,2.,17.7407907247543));
#11330=CARTESIAN_POINT('Ctrl Pts',(52.6188900603222,2.,17.4638610529711));
#11331=CARTESIAN_POINT('Ctrl Pts',(52.438426542425,2.,16.9279516663866));
#11332=CARTESIAN_POINT('Ctrl Pts',(52.023271913076,2.,16.5451515889137));
#11333=CARTESIAN_POINT('Ctrl Pts',(51.8226472735405,2.,16.3601623773575));
#11334=CARTESIAN_POINT('Origin',(51.6971341967583,0.,17.8663014173508));
#11335=CARTESIAN_POINT('',(51.6971341967583,0.,17.8663014173508));
#11336=CARTESIAN_POINT('',(27.3258413219955,0.,20.8799251349676));
#11337=CARTESIAN_POINT('',(51.6971341967583,2.,17.8663014173508));
#11338=CARTESIAN_POINT('',(51.6971341967583,0.,17.8663014173508));
#11339=CARTESIAN_POINT('',(51.6971341967583,2.,17.8663014173508));
#11340=CARTESIAN_POINT('Ctrl Pts',(51.0914031863213,0.,16.9604359865189));
#11341=CARTESIAN_POINT('Ctrl Pts',(51.0914031863213,2.,16.9604359865189));
#11342=CARTESIAN_POINT('Ctrl Pts',(51.2147694361703,0.,17.0768791666725));
#11343=CARTESIAN_POINT('Ctrl Pts',(51.2147694361703,2.,17.0768791666725));
#11344=CARTESIAN_POINT('Ctrl Pts',(51.4849545895602,0.,17.3319020641793));
#11345=CARTESIAN_POINT('Ctrl Pts',(51.4849545895602,2.,17.3319020641793));
#11346=CARTESIAN_POINT('Ctrl Pts',(51.6224299420519,0.,17.6781499454848));
#11347=CARTESIAN_POINT('Ctrl Pts',(51.6224299420519,2.,17.6781499454848));
#11348=CARTESIAN_POINT('Ctrl Pts',(51.6971341967583,0.,17.8663014173508));
#11349=CARTESIAN_POINT('Ctrl Pts',(51.6971341967583,2.,17.8663014173508));
#11350=CARTESIAN_POINT('Ctrl Pts',(51.0914031863213,0.,16.9604359865189));
#11351=CARTESIAN_POINT('Ctrl Pts',(51.2147694361703,0.,17.0768791666725));
#11352=CARTESIAN_POINT('Ctrl Pts',(51.4849545895602,0.,17.3319020641793));
#11353=CARTESIAN_POINT('Ctrl Pts',(51.6224299420519,0.,17.6781499454848));
#11354=CARTESIAN_POINT('Ctrl Pts',(51.6971341967583,0.,17.8663014173508));
#11355=CARTESIAN_POINT('Ctrl Pts',(51.0914031863213,2.,16.9604359865189));
#11356=CARTESIAN_POINT('Ctrl Pts',(51.2147694361703,2.,17.0768791666725));
#11357=CARTESIAN_POINT('Ctrl Pts',(51.4849545895602,2.,17.3319020641793));
#11358=CARTESIAN_POINT('Ctrl Pts',(51.6224299420519,2.,17.6781499454848));
#11359=CARTESIAN_POINT('Ctrl Pts',(51.6971341967583,2.,17.8663014173508));
#11360=CARTESIAN_POINT('Origin',(50.0000004172325,2.,18.8894941210747));
#11361=CARTESIAN_POINT('Origin',(34.7967259287834,0.,18.7885390520096));
#11362=CARTESIAN_POINT('',(34.7967259287834,0.,18.7885390520096));
#11363=CARTESIAN_POINT('',(32.7885429263115,0.,15.9999989271164));
#11364=CARTESIAN_POINT('',(24.4001125962396,0.,4.35191977721658));
#11365=CARTESIAN_POINT('',(34.7967259287834,2.,18.7885390520096));
#11366=CARTESIAN_POINT('',(34.7967259287834,0.,18.7885390520096));
#11367=CARTESIAN_POINT('',(32.7885429263115,2.,15.9999989271164));
#11368=CARTESIAN_POINT('',(34.7967259287834,2.,18.7885390520096));
#11369=CARTESIAN_POINT('',(32.7885429263115,0.,15.9999989271164));
#11370=CARTESIAN_POINT('Ctrl Pts',(35.1787177920341,0.,19.3888114690781));
#11371=CARTESIAN_POINT('Ctrl Pts',(35.1787177920341,2.,19.3888114690781));
#11372=CARTESIAN_POINT('Ctrl Pts',(35.1032833224833,0.,19.2654116296894));
#11373=CARTESIAN_POINT('Ctrl Pts',(35.1032833224833,2.,19.2654116296894));
#11374=CARTESIAN_POINT('Ctrl Pts',(34.9795567374902,0.,19.0630129012676));
#11375=CARTESIAN_POINT('Ctrl Pts',(34.9795567374902,2.,19.0630129012676));
#11376=CARTESIAN_POINT('Ctrl Pts',(34.8480534094476,0.,18.8655941790435));
#11377=CARTESIAN_POINT('Ctrl Pts',(34.8480534094476,2.,18.8655941790435));
#11378=CARTESIAN_POINT('Ctrl Pts',(34.7967259287834,0.,18.7885390520096));
#11379=CARTESIAN_POINT('Ctrl Pts',(34.7967259287834,2.,18.7885390520096));
#11380=CARTESIAN_POINT('',(35.1787177920341,0.,19.3888114690781));
#11381=CARTESIAN_POINT('Ctrl Pts',(35.1787177920341,0.,19.3888114690781));
#11382=CARTESIAN_POINT('Ctrl Pts',(35.1032833224833,0.,19.2654116296894));
#11383=CARTESIAN_POINT('Ctrl Pts',(34.9795567374902,0.,19.0630129012676));
#11384=CARTESIAN_POINT('Ctrl Pts',(34.8480534094476,0.,18.8655941790435));
#11385=CARTESIAN_POINT('Ctrl Pts',(34.7967259287834,0.,18.7885390520096));
#11386=CARTESIAN_POINT('',(35.1787177920341,2.,19.3888114690781));
#11387=CARTESIAN_POINT('',(35.1787177920341,0.,19.3888114690781));
#11388=CARTESIAN_POINT('Ctrl Pts',(35.1787177920341,2.,19.3888114690781));
#11389=CARTESIAN_POINT('Ctrl Pts',(35.1032833224833,2.,19.2654116296894));
#11390=CARTESIAN_POINT('Ctrl Pts',(34.9795567374902,2.,19.0630129012676));
#11391=CARTESIAN_POINT('Ctrl Pts',(34.8480534094476,2.,18.8655941790435));
#11392=CARTESIAN_POINT('Ctrl Pts',(34.7967259287834,2.,18.7885390520096));
#11393=CARTESIAN_POINT('Ctrl Pts',(35.5279676318169,0.,18.8540230989456));
#11394=CARTESIAN_POINT('Ctrl Pts',(35.5279676318169,2.,18.8540230989456));
#11395=CARTESIAN_POINT('Ctrl Pts',(35.470188690757,0.,18.9392023010766));
#11396=CARTESIAN_POINT('Ctrl Pts',(35.470188690757,2.,18.9392023010766));
#11397=CARTESIAN_POINT('Ctrl Pts',(35.3506522772304,0.,19.1154259587453));
#11398=CARTESIAN_POINT('Ctrl Pts',(35.3506522772304,2.,19.1154259587453));
#11399=CARTESIAN_POINT('Ctrl Pts',(35.2372869995803,0.,19.2956831319879));
#11400=CARTESIAN_POINT('Ctrl Pts',(35.2372869995803,2.,19.2956831319879));
#11401=CARTESIAN_POINT('Ctrl Pts',(35.1787177920341,0.,19.3888114690781));
#11402=CARTESIAN_POINT('Ctrl Pts',(35.1787177920341,2.,19.3888114690781));
#11403=CARTESIAN_POINT('',(35.5279676318169,0.,18.8540230989456));
#11404=CARTESIAN_POINT('Ctrl Pts',(35.5279676318169,0.,18.8540230989456));
#11405=CARTESIAN_POINT('Ctrl Pts',(35.470188690757,0.,18.9392023010766));
#11406=CARTESIAN_POINT('Ctrl Pts',(35.3506522772304,0.,19.1154259587453));
#11407=CARTESIAN_POINT('Ctrl Pts',(35.2372869995803,0.,19.2956831319879));
#11408=CARTESIAN_POINT('Ctrl Pts',(35.1787177920341,0.,19.3888114690781));
#11409=CARTESIAN_POINT('',(35.5279676318169,2.,18.8540230989456));
#11410=CARTESIAN_POINT('',(35.5279676318169,0.,18.8540230989456));
#11411=CARTESIAN_POINT('Ctrl Pts',(35.5279676318169,2.,18.8540230989456));
#11412=CARTESIAN_POINT('Ctrl Pts',(35.470188690757,2.,18.9392023010766));
#11413=CARTESIAN_POINT('Ctrl Pts',(35.3506522772304,2.,19.1154259587453));
#11414=CARTESIAN_POINT('Ctrl Pts',(35.2372869995803,2.,19.2956831319879));
#11415=CARTESIAN_POINT('Ctrl Pts',(35.1787177920341,2.,19.3888114690781));
#11416=CARTESIAN_POINT('Origin',(37.5416104197502,0.,15.9999989271164));
#11417=CARTESIAN_POINT('',(37.5416104197502,0.,15.9999989271164));
#11418=CARTESIAN_POINT('',(35.0715564207438,0.,19.5009147107559));
#11419=CARTESIAN_POINT('',(37.5416104197502,2.,15.9999989271164));
#11420=CARTESIAN_POINT('',(37.5416104197502,0.,15.9999989271164));
#11421=CARTESIAN_POINT('',(37.5416104197502,2.,15.9999989271164));
#11422=CARTESIAN_POINT('Origin',(38.8512961268425,0.,15.9999989271164));
#11423=CARTESIAN_POINT('',(38.8512961268425,0.,15.9999989271164));
#11424=CARTESIAN_POINT('',(19.4256480634212,0.,15.9999989271164));
#11425=CARTESIAN_POINT('',(38.8512961268425,2.,15.9999989271164));
#11426=CARTESIAN_POINT('',(38.8512961268425,0.,15.9999989271164));
#11427=CARTESIAN_POINT('',(38.8512961268425,2.,15.9999989271164));
#11428=CARTESIAN_POINT('Origin',(35.8226482272148,0.,20.2291940450668));
#11429=CARTESIAN_POINT('',(35.8226482272148,0.,20.2291940450668));
#11430=CARTESIAN_POINT('',(34.5387747524874,0.,22.0219912309169));
#11431=CARTESIAN_POINT('',(35.8226482272148,2.,20.2291940450668));
#11432=CARTESIAN_POINT('',(35.8226482272148,0.,20.2291940450668));
#11433=CARTESIAN_POINT('',(35.8226482272148,2.,20.2291940450668));
#11434=CARTESIAN_POINT('Origin',(38.6330167651176,0.,23.9999990463257));
#11435=CARTESIAN_POINT('',(38.6330167651176,0.,23.9999990463257));
#11436=CARTESIAN_POINT('',(25.9852111677844,0.,7.02983731908008));
#11437=CARTESIAN_POINT('',(38.6330167651176,2.,23.9999990463257));
#11438=CARTESIAN_POINT('',(38.6330167651176,0.,23.9999990463257));
#11439=CARTESIAN_POINT('',(38.6330167651176,2.,23.9999990463257));
#11440=CARTESIAN_POINT('Origin',(37.4815837740898,0.,23.9999990463257));
#11441=CARTESIAN_POINT('',(37.4815837740898,0.,23.9999990463257));
#11442=CARTESIAN_POINT('',(18.7407918870449,0.,23.9999990463257));
#11443=CARTESIAN_POINT('',(37.4815837740898,2.,23.9999990463257));
#11444=CARTESIAN_POINT('',(37.4815837740898,0.,23.9999990463257));
#11445=CARTESIAN_POINT('',(37.4815837740898,2.,23.9999990463257));
#11446=CARTESIAN_POINT('Origin',(35.8717600703239,0.,21.8772159814835));
#11447=CARTESIAN_POINT('',(35.8717600703239,0.,21.8772159814835));
#11448=CARTESIAN_POINT('',(24.0564518044425,0.,6.29704019327097));
#11449=CARTESIAN_POINT('',(35.8717600703239,2.,21.8772159814835));
#11450=CARTESIAN_POINT('',(35.8717600703239,0.,21.8772159814835));
#11451=CARTESIAN_POINT('',(35.8717600703239,2.,21.8772159814835));
#11452=CARTESIAN_POINT('Ctrl Pts',(35.2387468218803,0.,20.9658931493759));
#11453=CARTESIAN_POINT('Ctrl Pts',(35.2387468218803,2.,20.9658931493759));
#11454=CARTESIAN_POINT('Ctrl Pts',(35.3342001021712,0.,21.1158884045332));
#11455=CARTESIAN_POINT('Ctrl Pts',(35.3342001021712,2.,21.1158884045332));
#11456=CARTESIAN_POINT('Ctrl Pts',(35.5329287426305,0.,21.4281705287504));
#11457=CARTESIAN_POINT('Ctrl Pts',(35.5329287426305,2.,21.4281705287504));
#11458=CARTESIAN_POINT('Ctrl Pts',(35.755890984712,0.,21.7236573174704));
#11459=CARTESIAN_POINT('Ctrl Pts',(35.755890984712,2.,21.7236573174704));
#11460=CARTESIAN_POINT('Ctrl Pts',(35.8717600703239,0.,21.8772159814835));
#11461=CARTESIAN_POINT('Ctrl Pts',(35.8717600703239,2.,21.8772159814835));
#11462=CARTESIAN_POINT('',(35.2387468218803,0.,20.9658931493759));
#11463=CARTESIAN_POINT('Ctrl Pts',(35.2387468218803,0.,20.9658931493759));
#11464=CARTESIAN_POINT('Ctrl Pts',(35.3342001021712,0.,21.1158884045332));
#11465=CARTESIAN_POINT('Ctrl Pts',(35.5329287426305,0.,21.4281705287504));
#11466=CARTESIAN_POINT('Ctrl Pts',(35.755890984712,0.,21.7236573174704));
#11467=CARTESIAN_POINT('Ctrl Pts',(35.8717600703239,0.,21.8772159814835));
#11468=CARTESIAN_POINT('',(35.2387468218803,2.,20.9658931493759));
#11469=CARTESIAN_POINT('',(35.2387468218803,0.,20.9658931493759));
#11470=CARTESIAN_POINT('Ctrl Pts',(35.2387468218803,2.,20.9658931493759));
#11471=CARTESIAN_POINT('Ctrl Pts',(35.3342001021712,2.,21.1158884045332));
#11472=CARTESIAN_POINT('Ctrl Pts',(35.5329287426305,2.,21.4281705287504));
#11473=CARTESIAN_POINT('Ctrl Pts',(35.755890984712,2.,21.7236573174704));
#11474=CARTESIAN_POINT('Ctrl Pts',(35.8717600703239,2.,21.8772159814835));
#11475=CARTESIAN_POINT('Ctrl Pts',(34.5948163866997,0.,21.9481562376022));
#11476=CARTESIAN_POINT('Ctrl Pts',(34.5948163866997,2.,21.9481562376022));
#11477=CARTESIAN_POINT('Ctrl Pts',(34.7267748646983,0.,21.7617135583739));
#11478=CARTESIAN_POINT('Ctrl Pts',(34.7267748646983,2.,21.7617135583739));
#11479=CARTESIAN_POINT('Ctrl Pts',(34.9531292433623,0.,21.4418999514481));
#11480=CARTESIAN_POINT('Ctrl Pts',(34.9531292433623,2.,21.4418999514481));
#11481=CARTESIAN_POINT('Ctrl Pts',(35.1546903757677,0.,21.1059806058806));
#11482=CARTESIAN_POINT('Ctrl Pts',(35.1546903757677,2.,21.1059806058806));
#11483=CARTESIAN_POINT('Ctrl Pts',(35.2387468218803,0.,20.9658931493759));
#11484=CARTESIAN_POINT('Ctrl Pts',(35.2387468218803,2.,20.9658931493759));
#11485=CARTESIAN_POINT('',(34.5948163866997,0.,21.9481562376022));
#11486=CARTESIAN_POINT('Ctrl Pts',(34.5948163866997,0.,21.9481562376022));
#11487=CARTESIAN_POINT('Ctrl Pts',(34.7267748646983,0.,21.7617135583739));
#11488=CARTESIAN_POINT('Ctrl Pts',(34.9531292433623,0.,21.4418999514481));
#11489=CARTESIAN_POINT('Ctrl Pts',(35.1546903757677,0.,21.1059806058806));
#11490=CARTESIAN_POINT('Ctrl Pts',(35.2387468218803,0.,20.9658931493759));
#11491=CARTESIAN_POINT('',(34.5948163866997,2.,21.9481562376022));
#11492=CARTESIAN_POINT('',(34.5948163866997,0.,21.9481562376022));
#11493=CARTESIAN_POINT('Ctrl Pts',(34.5948163866997,2.,21.9481562376022));
#11494=CARTESIAN_POINT('Ctrl Pts',(34.7267748646983,2.,21.7617135583739));
#11495=CARTESIAN_POINT('Ctrl Pts',(34.9531292433623,2.,21.4418999514481));
#11496=CARTESIAN_POINT('Ctrl Pts',(35.1546903757677,2.,21.1059806058806));
#11497=CARTESIAN_POINT('Ctrl Pts',(35.2387468218803,2.,20.9658931493759));
#11498=CARTESIAN_POINT('Origin',(33.1432477831841,0.,23.9999990463257));
#11499=CARTESIAN_POINT('',(33.1432477831841,0.,23.9999990463257));
#11500=CARTESIAN_POINT('',(33.2735957184108,0.,23.8157476972133));
#11501=CARTESIAN_POINT('',(33.1432477831841,2.,23.9999990463257));
#11502=CARTESIAN_POINT('',(33.1432477831841,0.,23.9999990463257));
#11503=CARTESIAN_POINT('',(33.1432477831841,2.,23.9999990463257));
#11504=CARTESIAN_POINT('Origin',(31.8826763033867,0.,23.9999990463257));
#11505=CARTESIAN_POINT('',(31.8826763033867,0.,23.9999990463257));
#11506=CARTESIAN_POINT('',(15.9413381516933,0.,23.9999990463257));
#11507=CARTESIAN_POINT('',(31.8826763033867,2.,23.9999990463257));
#11508=CARTESIAN_POINT('',(31.8826763033867,0.,23.9999990463257));
#11509=CARTESIAN_POINT('',(31.8826763033867,2.,23.9999990463257));
#11510=CARTESIAN_POINT('Origin',(34.6111885905266,0.,20.1691673994064));
#11511=CARTESIAN_POINT('',(34.6111885905266,0.,20.1691673994064));
#11512=CARTESIAN_POINT('',(33.5520811790437,0.,21.6561543587535));
#11513=CARTESIAN_POINT('',(34.6111885905266,2.,20.1691673994064));
#11514=CARTESIAN_POINT('',(34.6111885905266,0.,20.1691673994064));
#11515=CARTESIAN_POINT('',(34.6111885905266,2.,20.1691673994064));
#11516=CARTESIAN_POINT('Origin',(31.5170542597771,0.,15.9999989271164));
#11517=CARTESIAN_POINT('',(31.5170542597771,0.,15.9999989271164));
#11518=CARTESIAN_POINT('',(22.0916912339006,0.,3.29986306783927));
#11519=CARTESIAN_POINT('',(31.5170542597771,2.,15.9999989271164));
#11520=CARTESIAN_POINT('',(31.5170542597771,0.,15.9999989271164));
#11521=CARTESIAN_POINT('',(31.5170542597771,2.,15.9999989271164));
#11522=CARTESIAN_POINT('Origin',(32.7885429263115,0.,15.9999989271164));
#11523=CARTESIAN_POINT('',(16.3942714631557,0.,15.9999989271164));
#11524=CARTESIAN_POINT('',(32.7885429263115,2.,15.9999989271164));
#11525=CARTESIAN_POINT('Origin',(50.0000004172325,2.,18.8894941210747));
#11526=CARTESIAN_POINT('Origin',(17.6889507174492,0.,23.0559335947037));
#11527=CARTESIAN_POINT('',(17.6889507174492,0.,23.0559335947037));
#11528=CARTESIAN_POINT('',(16.0081867575645,0.,23.0559335947037));
#11529=CARTESIAN_POINT('',(8.84447535872459,0.,23.0559335947037));
#11530=CARTESIAN_POINT('',(17.6889507174492,2.,23.0559335947037));
#11531=CARTESIAN_POINT('',(17.6889507174492,0.,23.0559335947037));
#11532=CARTESIAN_POINT('',(16.0081867575645,2.,23.0559335947037));
#11533=CARTESIAN_POINT('',(17.6889507174492,2.,23.0559335947037));
#11534=CARTESIAN_POINT('',(16.0081867575645,0.,23.0559335947037));
#11535=CARTESIAN_POINT('Ctrl Pts',(19.0586642622948,0.,22.8922222852707));
#11536=CARTESIAN_POINT('Ctrl Pts',(19.0586642622948,2.,22.8922222852707));
#11537=CARTESIAN_POINT('Ctrl Pts',(18.8744497139494,0.,22.9396031208795));
#11538=CARTESIAN_POINT('Ctrl Pts',(18.8744497139494,2.,22.9396031208795));
#11539=CARTESIAN_POINT('Ctrl Pts',(18.426063967717,0.,23.0549300129322));
#11540=CARTESIAN_POINT('Ctrl Pts',(18.426063967717,2.,23.0549300129322));
#11541=CARTESIAN_POINT('Ctrl Pts',(17.962225845716,0.,23.0555615298449));
#11542=CARTESIAN_POINT('Ctrl Pts',(17.962225845716,2.,23.0555615298449));
#11543=CARTESIAN_POINT('Ctrl Pts',(17.6889507174492,0.,23.0559335947037));
#11544=CARTESIAN_POINT('Ctrl Pts',(17.6889507174492,2.,23.0559335947037));
#11545=CARTESIAN_POINT('',(19.0586642622948,0.,22.8922222852707));
#11546=CARTESIAN_POINT('Ctrl Pts',(19.0586642622948,0.,22.8922222852707));
#11547=CARTESIAN_POINT('Ctrl Pts',(18.8744497139494,0.,22.9396031208795));
#11548=CARTESIAN_POINT('Ctrl Pts',(18.426063967717,0.,23.0549300129322));
#11549=CARTESIAN_POINT('Ctrl Pts',(17.962225845716,0.,23.0555615298449));
#11550=CARTESIAN_POINT('Ctrl Pts',(17.6889507174492,0.,23.0559335947037));
#11551=CARTESIAN_POINT('',(19.0586642622948,2.,22.8922222852707));
#11552=CARTESIAN_POINT('',(19.0586642622948,0.,22.8922222852707));
#11553=CARTESIAN_POINT('Ctrl Pts',(19.0586642622948,2.,22.8922222852707));
#11554=CARTESIAN_POINT('Ctrl Pts',(18.8744497139494,2.,22.9396031208795));
#11555=CARTESIAN_POINT('Ctrl Pts',(18.426063967717,2.,23.0549300129322));
#11556=CARTESIAN_POINT('Ctrl Pts',(17.962225845716,2.,23.0555615298449));
#11557=CARTESIAN_POINT('Ctrl Pts',(17.6889507174492,2.,23.0559335947037));
#11558=CARTESIAN_POINT('Ctrl Pts',(20.0600282549858,0.,21.9890855550766));
#11559=CARTESIAN_POINT('Ctrl Pts',(20.0600282549858,2.,21.9890855550766));
#11560=CARTESIAN_POINT('Ctrl Pts',(19.9218859360463,0.,22.19247803815));
#11561=CARTESIAN_POINT('Ctrl Pts',(19.9218859360463,2.,22.19247803815));
#11562=CARTESIAN_POINT('Ctrl Pts',(19.661226510195,0.,22.5762573772216));
#11563=CARTESIAN_POINT('Ctrl Pts',(19.661226510195,2.,22.5762573772216));
#11564=CARTESIAN_POINT('Ctrl Pts',(19.2513278965071,0.,22.7911954657505));
#11565=CARTESIAN_POINT('Ctrl Pts',(19.2513278965071,2.,22.7911954657505));
#11566=CARTESIAN_POINT('Ctrl Pts',(19.0586642622948,0.,22.8922222852707));
#11567=CARTESIAN_POINT('Ctrl Pts',(19.0586642622948,2.,22.8922222852707));
#11568=CARTESIAN_POINT('',(20.0600282549858,0.,21.9890855550766));
#11569=CARTESIAN_POINT('Ctrl Pts',(20.0600282549858,0.,21.9890855550766));
#11570=CARTESIAN_POINT('Ctrl Pts',(19.9218859360463,0.,22.19247803815));
#11571=CARTESIAN_POINT('Ctrl Pts',(19.661226510195,0.,22.5762573772216));
#11572=CARTESIAN_POINT('Ctrl Pts',(19.2513278965071,0.,22.7911954657505));
#11573=CARTESIAN_POINT('Ctrl Pts',(19.0586642622948,0.,22.8922222852707));
#11574=CARTESIAN_POINT('',(20.0600282549858,2.,21.9890855550766));
#11575=CARTESIAN_POINT('',(20.0600282549858,0.,21.9890855550766));
#11576=CARTESIAN_POINT('Ctrl Pts',(20.0600282549858,2.,21.9890855550766));
#11577=CARTESIAN_POINT('Ctrl Pts',(19.9218859360463,2.,22.19247803815));
#11578=CARTESIAN_POINT('Ctrl Pts',(19.661226510195,2.,22.5762573772216));
#11579=CARTESIAN_POINT('Ctrl Pts',(19.2513278965071,2.,22.7911954657505));
#11580=CARTESIAN_POINT('Ctrl Pts',(19.0586642622948,2.,22.8922222852707));
#11581=CARTESIAN_POINT('Ctrl Pts',(20.4720346331596,0.,20.0600265264511));
#11582=CARTESIAN_POINT('Ctrl Pts',(20.4720346331596,2.,20.0600265264511));
#11583=CARTESIAN_POINT('Ctrl Pts',(20.4648029809609,0.,20.4362162310368));
#11584=CARTESIAN_POINT('Ctrl Pts',(20.4648029809609,2.,20.4362162310368));
#11585=CARTESIAN_POINT('Ctrl Pts',(20.4518904462233,0.,21.1079247832305));
#11586=CARTESIAN_POINT('Ctrl Pts',(20.4518904462233,2.,21.1079247832305));
#11587=CARTESIAN_POINT('Ctrl Pts',(20.1797546638938,0.,21.719862809829));
#11588=CARTESIAN_POINT('Ctrl Pts',(20.1797546638938,2.,21.719862809829));
#11589=CARTESIAN_POINT('Ctrl Pts',(20.0600282549858,0.,21.9890855550766));
#11590=CARTESIAN_POINT('Ctrl Pts',(20.0600282549858,2.,21.9890855550766));
#11591=CARTESIAN_POINT('',(20.4720346331596,0.,20.0600265264511));
#11592=CARTESIAN_POINT('Ctrl Pts',(20.4720346331596,0.,20.0600265264511));
#11593=CARTESIAN_POINT('Ctrl Pts',(20.4648029809609,0.,20.4362162310368));
#11594=CARTESIAN_POINT('Ctrl Pts',(20.4518904462233,0.,21.1079247832305));
#11595=CARTESIAN_POINT('Ctrl Pts',(20.1797546638938,0.,21.719862809829));
#11596=CARTESIAN_POINT('Ctrl Pts',(20.0600282549858,0.,21.9890855550766));
#11597=CARTESIAN_POINT('',(20.4720346331596,2.,20.0600265264511));
#11598=CARTESIAN_POINT('',(20.4720346331596,0.,20.0600265264511));
#11599=CARTESIAN_POINT('Ctrl Pts',(20.4720346331596,2.,20.0600265264511));
#11600=CARTESIAN_POINT('Ctrl Pts',(20.4648029809609,2.,20.4362162310368));
#11601=CARTESIAN_POINT('Ctrl Pts',(20.4518904462233,2.,21.1079247832305));
#11602=CARTESIAN_POINT('Ctrl Pts',(20.1797546638938,2.,21.719862809829));
#11603=CARTESIAN_POINT('Ctrl Pts',(20.0600282549858,2.,21.9890855550766));
#11604=CARTESIAN_POINT('Ctrl Pts',(20.2619389891624,0.,18.518416762352));
#11605=CARTESIAN_POINT('Ctrl Pts',(20.2619389891624,2.,18.518416762352));
#11606=CARTESIAN_POINT('Ctrl Pts',(20.3231220409954,0.,18.7516083989218));
#11607=CARTESIAN_POINT('Ctrl Pts',(20.3231220409954,2.,18.7516083989218));
#11608=CARTESIAN_POINT('Ctrl Pts',(20.4556130184217,0.,19.2565813764242));
#11609=CARTESIAN_POINT('Ctrl Pts',(20.4556130184217,2.,19.2565813764242));
#11610=CARTESIAN_POINT('Ctrl Pts',(20.4662888157656,0.,19.7789062351858));
#11611=CARTESIAN_POINT('Ctrl Pts',(20.4662888157656,2.,19.7789062351858));
#11612=CARTESIAN_POINT('Ctrl Pts',(20.4720346331596,0.,20.0600265264511));
#11613=CARTESIAN_POINT('Ctrl Pts',(20.4720346331596,2.,20.0600265264511));
#11614=CARTESIAN_POINT('',(20.2619389891624,0.,18.518416762352));
#11615=CARTESIAN_POINT('Ctrl Pts',(20.2619389891624,0.,18.518416762352));
#11616=CARTESIAN_POINT('Ctrl Pts',(20.3231220409954,0.,18.7516083989218));
#11617=CARTESIAN_POINT('Ctrl Pts',(20.4556130184217,0.,19.2565813764242));
#11618=CARTESIAN_POINT('Ctrl Pts',(20.4662888157656,0.,19.7789062351858));
#11619=CARTESIAN_POINT('Ctrl Pts',(20.4720346331596,0.,20.0600265264511));
#11620=CARTESIAN_POINT('',(20.2619389891624,2.,18.518416762352));
#11621=CARTESIAN_POINT('',(20.2619389891624,0.,18.518416762352));
#11622=CARTESIAN_POINT('Ctrl Pts',(20.2619389891624,2.,18.518416762352));
#11623=CARTESIAN_POINT('Ctrl Pts',(20.3231220409954,2.,18.7516083989218));
#11624=CARTESIAN_POINT('Ctrl Pts',(20.4556130184217,2.,19.2565813764242));
#11625=CARTESIAN_POINT('Ctrl Pts',(20.4662888157656,2.,19.7789062351858));
#11626=CARTESIAN_POINT('Ctrl Pts',(20.4720346331596,2.,20.0600265264511));
#11627=CARTESIAN_POINT('Ctrl Pts',(19.6753088831902,0.,17.5061379671097));
#11628=CARTESIAN_POINT('Ctrl Pts',(19.6753088831902,2.,17.5061379671097));
#11629=CARTESIAN_POINT('Ctrl Pts',(19.7956848151884,0.,17.6481071214801));
#11630=CARTESIAN_POINT('Ctrl Pts',(19.7956848151884,2.,17.6481071214801));
#11631=CARTESIAN_POINT('Ctrl Pts',(20.0516302329581,0.,17.9499644273598));
#11632=CARTESIAN_POINT('Ctrl Pts',(20.0516302329581,2.,17.9499644273598));
#11633=CARTESIAN_POINT('Ctrl Pts',(20.1891155802092,0.,18.3215793238703));
#11634=CARTESIAN_POINT('Ctrl Pts',(20.1891155802092,2.,18.3215793238703));
#11635=CARTESIAN_POINT('Ctrl Pts',(20.2619389891624,0.,18.518416762352));
#11636=CARTESIAN_POINT('Ctrl Pts',(20.2619389891624,2.,18.518416762352));
#11637=CARTESIAN_POINT('',(19.6753088831902,0.,17.5061379671097));
#11638=CARTESIAN_POINT('Ctrl Pts',(19.6753088831902,0.,17.5061379671097));
#11639=CARTESIAN_POINT('Ctrl Pts',(19.7956848151884,0.,17.6481071214801));
#11640=CARTESIAN_POINT('Ctrl Pts',(20.0516302329581,0.,17.9499644273598));
#11641=CARTESIAN_POINT('Ctrl Pts',(20.1891155802092,0.,18.3215793238703));
#11642=CARTESIAN_POINT('Ctrl Pts',(20.2619389891624,0.,18.518416762352));
#11643=CARTESIAN_POINT('',(19.6753088831902,2.,17.5061379671097));
#11644=CARTESIAN_POINT('',(19.6753088831902,0.,17.5061379671097));
#11645=CARTESIAN_POINT('Ctrl Pts',(19.6753088831902,2.,17.5061379671097));
#11646=CARTESIAN_POINT('Ctrl Pts',(19.7956848151884,2.,17.6481071214801));
#11647=CARTESIAN_POINT('Ctrl Pts',(20.0516302329581,2.,17.9499644273598));
#11648=CARTESIAN_POINT('Ctrl Pts',(20.1891155802092,2.,18.3215793238703));
#11649=CARTESIAN_POINT('Ctrl Pts',(20.2619389891624,2.,18.518416762352));
#11650=CARTESIAN_POINT('Ctrl Pts',(18.9577094912529,0.,17.0914040803909));
#11651=CARTESIAN_POINT('Ctrl Pts',(18.9577094912529,2.,17.0914040803909));
#11652=CARTESIAN_POINT('Ctrl Pts',(19.0971784181455,0.,17.1426284273695));
#11653=CARTESIAN_POINT('Ctrl Pts',(19.0971784181455,2.,17.1426284273695));
#11654=CARTESIAN_POINT('Ctrl Pts',(19.3607185403348,0.,17.2394218204397));
#11655=CARTESIAN_POINT('Ctrl Pts',(19.3607185403348,2.,17.2394218204397));
#11656=CARTESIAN_POINT('Ctrl Pts',(19.5746111014019,0.,17.4207643218382));
#11657=CARTESIAN_POINT('Ctrl Pts',(19.5746111014019,2.,17.4207643218382));
#11658=CARTESIAN_POINT('Ctrl Pts',(19.6753088831902,0.,17.5061379671097));
#11659=CARTESIAN_POINT('Ctrl Pts',(19.6753088831902,2.,17.5061379671097));
#11660=CARTESIAN_POINT('',(18.9577094912529,0.,17.0914040803909));
#11661=CARTESIAN_POINT('Ctrl Pts',(18.9577094912529,0.,17.0914040803909));
#11662=CARTESIAN_POINT('Ctrl Pts',(19.0971784181455,0.,17.1426284273695));
#11663=CARTESIAN_POINT('Ctrl Pts',(19.3607185403348,0.,17.2394218204397));
#11664=CARTESIAN_POINT('Ctrl Pts',(19.5746111014019,0.,17.4207643218382));
#11665=CARTESIAN_POINT('Ctrl Pts',(19.6753088831902,0.,17.5061379671097));
#11666=CARTESIAN_POINT('',(18.9577094912529,2.,17.0914040803909));
#11667=CARTESIAN_POINT('',(18.9577094912529,0.,17.0914040803909));
#11668=CARTESIAN_POINT('Ctrl Pts',(18.9577094912529,2.,17.0914040803909));
#11669=CARTESIAN_POINT('Ctrl Pts',(19.0971784181455,2.,17.1426284273695));
#11670=CARTESIAN_POINT('Ctrl Pts',(19.3607185403348,2.,17.2394218204397));
#11671=CARTESIAN_POINT('Ctrl Pts',(19.5746111014019,2.,17.4207643218382));
#11672=CARTESIAN_POINT('Ctrl Pts',(19.6753088831902,2.,17.5061379671097));
#11673=CARTESIAN_POINT('Ctrl Pts',(17.716235935688,0.,16.9440649747849));
#11674=CARTESIAN_POINT('Ctrl Pts',(17.716235935688,2.,16.9440649747849));
#11675=CARTESIAN_POINT('Ctrl Pts',(17.9528511050549,0.,16.946376322898));
#11676=CARTESIAN_POINT('Ctrl Pts',(17.9528511050549,2.,16.946376322898));
#11677=CARTESIAN_POINT('Ctrl Pts',(18.3724608270848,0.,16.950475232287));
#11678=CARTESIAN_POINT('Ctrl Pts',(18.3724608270848,2.,16.950475232287));
#11679=CARTESIAN_POINT('Ctrl Pts',(18.7799853661616,0.,17.0486078165754));
#11680=CARTESIAN_POINT('Ctrl Pts',(18.7799853661616,2.,17.0486078165754));
#11681=CARTESIAN_POINT('Ctrl Pts',(18.9577094912529,0.,17.0914040803909));
#11682=CARTESIAN_POINT('Ctrl Pts',(18.9577094912529,2.,17.0914040803909));
#11683=CARTESIAN_POINT('',(17.716235935688,0.,16.9440649747849));
#11684=CARTESIAN_POINT('Ctrl Pts',(17.716235935688,0.,16.9440649747849));
#11685=CARTESIAN_POINT('Ctrl Pts',(17.9528511050549,0.,16.946376322898));
#11686=CARTESIAN_POINT('Ctrl Pts',(18.3724608270848,0.,16.950475232287));
#11687=CARTESIAN_POINT('Ctrl Pts',(18.7799853661616,0.,17.0486078165754));
#11688=CARTESIAN_POINT('Ctrl Pts',(18.9577094912529,0.,17.0914040803909));
#11689=CARTESIAN_POINT('',(17.716235935688,2.,16.9440649747849));
#11690=CARTESIAN_POINT('',(17.716235935688,0.,16.9440649747849));
#11691=CARTESIAN_POINT('Ctrl Pts',(17.716235935688,2.,16.9440649747849));
#11692=CARTESIAN_POINT('Ctrl Pts',(17.9528511050549,2.,16.946376322898));
#11693=CARTESIAN_POINT('Ctrl Pts',(18.3724608270848,2.,16.950475232287));
#11694=CARTESIAN_POINT('Ctrl Pts',(18.7799853661616,2.,17.0486078165754));
#11695=CARTESIAN_POINT('Ctrl Pts',(18.9577094912529,2.,17.0914040803909));
#11696=CARTESIAN_POINT('Origin',(16.0081867575645,0.,16.9440649747849));
#11697=CARTESIAN_POINT('',(16.0081867575645,0.,16.9440649747849));
#11698=CARTESIAN_POINT('',(8.00409337878227,0.,16.9440649747849));
#11699=CARTESIAN_POINT('',(16.0081867575645,2.,16.9440649747849));
#11700=CARTESIAN_POINT('',(16.0081867575645,0.,16.9440649747849));
#11701=CARTESIAN_POINT('',(16.0081867575645,2.,16.9440649747849));
#11702=CARTESIAN_POINT('Origin',(16.0081867575645,0.,23.0559335947037));
#11703=CARTESIAN_POINT('',(16.0081867575645,0.,11.5279667973518));
#11704=CARTESIAN_POINT('',(16.0081867575645,2.,23.0559335947037));
#11705=CARTESIAN_POINT('Ctrl Pts',(19.121419608593,0.,16.1364244222641));
#11706=CARTESIAN_POINT('Ctrl Pts',(19.121419608593,2.,16.1364244222641));
#11707=CARTESIAN_POINT('Ctrl Pts',(18.9217208899601,0.,16.0966698261259));
#11708=CARTESIAN_POINT('Ctrl Pts',(18.9217208899601,2.,16.0966698261259));
#11709=CARTESIAN_POINT('Ctrl Pts',(18.4976163462142,0.,16.0122421193663));
#11710=CARTESIAN_POINT('Ctrl Pts',(18.4976163462142,2.,16.0122421193663));
#11711=CARTESIAN_POINT('Ctrl Pts',(18.0651312368506,0.,16.0042354725762));
#11712=CARTESIAN_POINT('Ctrl Pts',(18.0651312368506,2.,16.0042354725762));
#11713=CARTESIAN_POINT('Ctrl Pts',(17.8362910151482,0.,15.9999989271164));
#11714=CARTESIAN_POINT('Ctrl Pts',(17.8362910151482,2.,15.9999989271164));
#11715=CARTESIAN_POINT('',(19.121419608593,0.,16.1364244222641));
#11716=CARTESIAN_POINT('',(17.8362910151482,0.,15.9999989271164));
#11717=CARTESIAN_POINT('Ctrl Pts',(19.121419608593,0.,16.1364244222641));
#11718=CARTESIAN_POINT('Ctrl Pts',(18.9217208899601,0.,16.0966698261259));
#11719=CARTESIAN_POINT('Ctrl Pts',(18.4976163462142,0.,16.0122421193663));
#11720=CARTESIAN_POINT('Ctrl Pts',(18.0651312368506,0.,16.0042354725762));
#11721=CARTESIAN_POINT('Ctrl Pts',(17.8362910151482,0.,15.9999989271164));
#11722=CARTESIAN_POINT('',(19.121419608593,2.,16.1364244222641));
#11723=CARTESIAN_POINT('',(19.121419608593,0.,16.1364244222641));
#11724=CARTESIAN_POINT('',(17.8362910151482,2.,15.9999989271164));
#11725=CARTESIAN_POINT('Ctrl Pts',(19.121419608593,2.,16.1364244222641));
#11726=CARTESIAN_POINT('Ctrl Pts',(18.9217208899601,2.,16.0966698261259));
#11727=CARTESIAN_POINT('Ctrl Pts',(18.4976163462142,2.,16.0122421193663));
#11728=CARTESIAN_POINT('Ctrl Pts',(18.0651312368506,2.,16.0042354725762));
#11729=CARTESIAN_POINT('Ctrl Pts',(17.8362910151482,2.,15.9999989271164));
#11730=CARTESIAN_POINT('',(17.8362910151482,0.,15.9999989271164));
#11731=CARTESIAN_POINT('Ctrl Pts',(20.0763992667198,0.,16.5375159978867));
#11732=CARTESIAN_POINT('Ctrl Pts',(20.0763992667198,2.,16.5375159978867));
#11733=CARTESIAN_POINT('Ctrl Pts',(19.9335648347463,0.,16.453660272304));
#11734=CARTESIAN_POINT('Ctrl Pts',(19.9335648347463,2.,16.453660272304));
#11735=CARTESIAN_POINT('Ctrl Pts',(19.6333298175731,0.,16.2773972742122));
#11736=CARTESIAN_POINT('Ctrl Pts',(19.6333298175731,2.,16.2773972742122));
#11737=CARTESIAN_POINT('Ctrl Pts',(19.297487567566,0.,16.1849110550323));
#11738=CARTESIAN_POINT('Ctrl Pts',(19.297487567566,2.,16.1849110550323));
#11739=CARTESIAN_POINT('Ctrl Pts',(19.121419608593,0.,16.1364244222641));
#11740=CARTESIAN_POINT('Ctrl Pts',(19.121419608593,2.,16.1364244222641));
#11741=CARTESIAN_POINT('',(20.0763992667198,0.,16.5375159978867));
#11742=CARTESIAN_POINT('Ctrl Pts',(20.0763992667198,0.,16.5375159978867));
#11743=CARTESIAN_POINT('Ctrl Pts',(19.9335648347463,0.,16.453660272304));
#11744=CARTESIAN_POINT('Ctrl Pts',(19.6333298175731,0.,16.2773972742122));
#11745=CARTESIAN_POINT('Ctrl Pts',(19.297487567566,0.,16.1849110550323));
#11746=CARTESIAN_POINT('Ctrl Pts',(19.121419608593,0.,16.1364244222641));
#11747=CARTESIAN_POINT('',(20.0763992667198,2.,16.5375159978867));
#11748=CARTESIAN_POINT('',(20.0763992667198,0.,16.5375159978867));
#11749=CARTESIAN_POINT('Ctrl Pts',(20.0763992667198,2.,16.5375159978867));
#11750=CARTESIAN_POINT('Ctrl Pts',(19.9335648347463,2.,16.453660272304));
#11751=CARTESIAN_POINT('Ctrl Pts',(19.6333298175731,2.,16.2773972742122));
#11752=CARTESIAN_POINT('Ctrl Pts',(19.297487567566,2.,16.1849110550323));
#11753=CARTESIAN_POINT('Ctrl Pts',(19.121419608593,2.,16.1364244222641));
#11754=CARTESIAN_POINT('Ctrl Pts',(20.8049122691154,0.,17.2633002996445));
#11755=CARTESIAN_POINT('Ctrl Pts',(20.8049122691154,2.,17.2633002996445));
#11756=CARTESIAN_POINT('Ctrl Pts',(20.694608034181,0.,17.1200106468552));
#11757=CARTESIAN_POINT('Ctrl Pts',(20.694608034181,2.,17.1200106468552));
#11758=CARTESIAN_POINT('Ctrl Pts',(20.4835870080608,0.,16.845885817632));
#11759=CARTESIAN_POINT('Ctrl Pts',(20.4835870080608,2.,16.845885817632));
#11760=CARTESIAN_POINT('Ctrl Pts',(20.2079541838372,0.,16.637144650617));
#11761=CARTESIAN_POINT('Ctrl Pts',(20.2079541838372,2.,16.637144650617));
#11762=CARTESIAN_POINT('Ctrl Pts',(20.0763992667198,0.,16.5375159978867));
#11763=CARTESIAN_POINT('Ctrl Pts',(20.0763992667198,2.,16.5375159978867));
#11764=CARTESIAN_POINT('',(20.8049122691154,0.,17.2633002996445));
#11765=CARTESIAN_POINT('Ctrl Pts',(20.8049122691154,0.,17.2633002996445));
#11766=CARTESIAN_POINT('Ctrl Pts',(20.694608034181,0.,17.1200106468552));
#11767=CARTESIAN_POINT('Ctrl Pts',(20.4835870080608,0.,16.845885817632));
#11768=CARTESIAN_POINT('Ctrl Pts',(20.2079541838372,0.,16.637144650617));
#11769=CARTESIAN_POINT('Ctrl Pts',(20.0763992667198,0.,16.5375159978867));
#11770=CARTESIAN_POINT('',(20.8049122691154,2.,17.2633002996445));
#11771=CARTESIAN_POINT('',(20.8049122691154,0.,17.2633002996445));
#11772=CARTESIAN_POINT('Ctrl Pts',(20.8049122691154,2.,17.2633002996445));
#11773=CARTESIAN_POINT('Ctrl Pts',(20.694608034181,2.,17.1200106468552));
#11774=CARTESIAN_POINT('Ctrl Pts',(20.4835870080608,2.,16.845885817632));
#11775=CARTESIAN_POINT('Ctrl Pts',(20.2079541838372,2.,16.637144650617));
#11776=CARTESIAN_POINT('Ctrl Pts',(20.0763992667198,2.,16.5375159978867));
#11777=CARTESIAN_POINT('Ctrl Pts',(21.3506154417992,0.,18.4283756017685));
#11778=CARTESIAN_POINT('Ctrl Pts',(21.3506154417992,2.,18.4283756017685));
#11779=CARTESIAN_POINT('Ctrl Pts',(21.2787503729459,0.,18.2096470558313));
#11780=CARTESIAN_POINT('Ctrl Pts',(21.2787503729459,2.,18.2096470558313));
#11781=CARTESIAN_POINT('Ctrl Pts',(21.1438216573126,0.,17.7989779749188));
#11782=CARTESIAN_POINT('Ctrl Pts',(21.1438216573126,2.,17.7989779749188));
#11783=CARTESIAN_POINT('Ctrl Pts',(20.9128601802733,0.,17.4339219705499));
#11784=CARTESIAN_POINT('Ctrl Pts',(20.9128601802733,2.,17.4339219705499));
#11785=CARTESIAN_POINT('Ctrl Pts',(20.8049122691154,0.,17.2633002996445));
#11786=CARTESIAN_POINT('Ctrl Pts',(20.8049122691154,2.,17.2633002996445));
#11787=CARTESIAN_POINT('',(21.3506154417992,0.,18.4283756017685));
#11788=CARTESIAN_POINT('Ctrl Pts',(21.3506154417992,0.,18.4283756017685));
#11789=CARTESIAN_POINT('Ctrl Pts',(21.2787503729459,0.,18.2096470558313));
#11790=CARTESIAN_POINT('Ctrl Pts',(21.1438216573126,0.,17.7989779749188));
#11791=CARTESIAN_POINT('Ctrl Pts',(20.9128601802733,0.,17.4339219705499));
#11792=CARTESIAN_POINT('Ctrl Pts',(20.8049122691154,0.,17.2633002996445));
#11793=CARTESIAN_POINT('',(21.3506154417992,2.,18.4283756017685));
#11794=CARTESIAN_POINT('',(21.3506154417992,0.,18.4283756017685));
#11795=CARTESIAN_POINT('Ctrl Pts',(21.3506154417992,2.,18.4283756017685));
#11796=CARTESIAN_POINT('Ctrl Pts',(21.2787503729459,2.,18.2096470558313));
#11797=CARTESIAN_POINT('Ctrl Pts',(21.1438216573126,2.,17.7989779749188));
#11798=CARTESIAN_POINT('Ctrl Pts',(20.9128601802733,2.,17.4339219705499));
#11799=CARTESIAN_POINT('Ctrl Pts',(20.8049122691154,2.,17.2633002996445));
#11800=CARTESIAN_POINT('Ctrl Pts',(21.5634397864342,0.,20.0436555147171));
#11801=CARTESIAN_POINT('Ctrl Pts',(21.5634397864342,2.,20.0436555147171));
#11802=CARTESIAN_POINT('Ctrl Pts',(21.5566631327913,0.,19.7556735919095));
#11803=CARTESIAN_POINT('Ctrl Pts',(21.5566631327913,2.,19.7556735919095));
#11804=CARTESIAN_POINT('Ctrl Pts',(21.5438075079881,0.,19.2093585897282));
#11805=CARTESIAN_POINT('Ctrl Pts',(21.5438075079881,2.,19.2093585897282));
#11806=CARTESIAN_POINT('Ctrl Pts',(21.4126399497962,0.,18.6791109789389));
#11807=CARTESIAN_POINT('Ctrl Pts',(21.4126399497962,2.,18.6791109789389));
#11808=CARTESIAN_POINT('Ctrl Pts',(21.3506154417992,0.,18.4283756017685));
#11809=CARTESIAN_POINT('Ctrl Pts',(21.3506154417992,2.,18.4283756017685));
#11810=CARTESIAN_POINT('',(21.5634397864342,0.,20.0436555147171));
#11811=CARTESIAN_POINT('Ctrl Pts',(21.5634397864342,0.,20.0436555147171));
#11812=CARTESIAN_POINT('Ctrl Pts',(21.5566631327913,0.,19.7556735919095));
#11813=CARTESIAN_POINT('Ctrl Pts',(21.5438075079881,0.,19.2093585897282));
#11814=CARTESIAN_POINT('Ctrl Pts',(21.4126399497962,0.,18.6791109789389));
#11815=CARTESIAN_POINT('Ctrl Pts',(21.3506154417992,0.,18.4283756017685));
#11816=CARTESIAN_POINT('',(21.5634397864342,2.,20.0436555147171));
#11817=CARTESIAN_POINT('',(21.5634397864342,0.,20.0436555147171));
#11818=CARTESIAN_POINT('Ctrl Pts',(21.5634397864342,2.,20.0436555147171));
#11819=CARTESIAN_POINT('Ctrl Pts',(21.5566631327913,2.,19.7556735919095));
#11820=CARTESIAN_POINT('Ctrl Pts',(21.5438075079881,2.,19.2093585897282));
#11821=CARTESIAN_POINT('Ctrl Pts',(21.4126399497962,2.,18.6791109789389));
#11822=CARTESIAN_POINT('Ctrl Pts',(21.3506154417992,2.,18.4283756017685));
#11823=CARTESIAN_POINT('Ctrl Pts',(21.2496606707573,0.,21.9454287290573));
#11824=CARTESIAN_POINT('Ctrl Pts',(21.2496606707573,2.,21.9454287290573));
#11825=CARTESIAN_POINT('Ctrl Pts',(21.3411242784686,0.,21.6504534054403));
#11826=CARTESIAN_POINT('Ctrl Pts',(21.3411242784686,2.,21.6504534054403));
#11827=CARTESIAN_POINT('Ctrl Pts',(21.5330973720459,0.,21.0313292879826));
#11828=CARTESIAN_POINT('Ctrl Pts',(21.5330973720459,2.,21.0313292879826));
#11829=CARTESIAN_POINT('Ctrl Pts',(21.5530128390382,0.,20.3830623379995));
#11830=CARTESIAN_POINT('Ctrl Pts',(21.5530128390382,2.,20.3830623379995));
#11831=CARTESIAN_POINT('Ctrl Pts',(21.5634397864342,0.,20.0436555147171));
#11832=CARTESIAN_POINT('Ctrl Pts',(21.5634397864342,2.,20.0436555147171));
#11833=CARTESIAN_POINT('',(21.2496606707573,0.,21.9454287290573));
#11834=CARTESIAN_POINT('Ctrl Pts',(21.2496606707573,0.,21.9454287290573));
#11835=CARTESIAN_POINT('Ctrl Pts',(21.3411242784686,0.,21.6504534054403));
#11836=CARTESIAN_POINT('Ctrl Pts',(21.5330973720459,0.,21.0313292879826));
#11837=CARTESIAN_POINT('Ctrl Pts',(21.5530128390382,0.,20.3830623379995));
#11838=CARTESIAN_POINT('Ctrl Pts',(21.5634397864342,0.,20.0436555147171));
#11839=CARTESIAN_POINT('',(21.2496606707573,2.,21.9454287290573));
#11840=CARTESIAN_POINT('',(21.2496606707573,0.,21.9454287290573));
#11841=CARTESIAN_POINT('Ctrl Pts',(21.2496606707573,2.,21.9454287290573));
#11842=CARTESIAN_POINT('Ctrl Pts',(21.3411242784686,2.,21.6504534054403));
#11843=CARTESIAN_POINT('Ctrl Pts',(21.5330973720459,2.,21.0313292879826));
#11844=CARTESIAN_POINT('Ctrl Pts',(21.5530128390382,2.,20.3830623379995));
#11845=CARTESIAN_POINT('Ctrl Pts',(21.5634397864342,2.,20.0436555147171));
#11846=CARTESIAN_POINT('Ctrl Pts',(20.302865922451,0.,23.3124135732651));
#11847=CARTESIAN_POINT('Ctrl Pts',(20.302865922451,2.,23.3124135732651));
#11848=CARTESIAN_POINT('Ctrl Pts',(20.5014951433128,0.,23.119271516786));
#11849=CARTESIAN_POINT('Ctrl Pts',(20.5014951433128,2.,23.119271516786));
#11850=CARTESIAN_POINT('Ctrl Pts',(20.906261152043,0.,22.7256872345752));
#11851=CARTESIAN_POINT('Ctrl Pts',(20.906261152043,2.,22.7256872345752));
#11852=CARTESIAN_POINT('Ctrl Pts',(21.1337874514211,0.,22.2087111742025));
#11853=CARTESIAN_POINT('Ctrl Pts',(21.1337874514211,2.,22.2087111742025));
#11854=CARTESIAN_POINT('Ctrl Pts',(21.2496606707573,0.,21.9454287290573));
#11855=CARTESIAN_POINT('Ctrl Pts',(21.2496606707573,2.,21.9454287290573));
#11856=CARTESIAN_POINT('',(20.302865922451,0.,23.3124135732651));
#11857=CARTESIAN_POINT('Ctrl Pts',(20.302865922451,0.,23.3124135732651));
#11858=CARTESIAN_POINT('Ctrl Pts',(20.5014951433128,0.,23.119271516786));
#11859=CARTESIAN_POINT('Ctrl Pts',(20.906261152043,0.,22.7256872345752));
#11860=CARTESIAN_POINT('Ctrl Pts',(21.1337874514211,0.,22.2087111742025));
#11861=CARTESIAN_POINT('Ctrl Pts',(21.2496606707573,0.,21.9454287290573));
#11862=CARTESIAN_POINT('',(20.302865922451,2.,23.3124135732651));
#11863=CARTESIAN_POINT('',(20.302865922451,0.,23.3124135732651));
#11864=CARTESIAN_POINT('Ctrl Pts',(20.302865922451,2.,23.3124135732651));
#11865=CARTESIAN_POINT('Ctrl Pts',(20.5014951433128,2.,23.119271516786));
#11866=CARTESIAN_POINT('Ctrl Pts',(20.906261152043,2.,22.7256872345752));
#11867=CARTESIAN_POINT('Ctrl Pts',(21.1337874514211,2.,22.2087111742025));
#11868=CARTESIAN_POINT('Ctrl Pts',(21.2496606707573,2.,21.9454287290573));
#11869=CARTESIAN_POINT('Ctrl Pts',(19.1296057105064,0.,23.8854013681412));
#11870=CARTESIAN_POINT('Ctrl Pts',(19.1296057105064,2.,23.8854013681412));
#11871=CARTESIAN_POINT('Ctrl Pts',(19.3481605485612,0.,23.8238409258421));
#11872=CARTESIAN_POINT('Ctrl Pts',(19.3481605485612,2.,23.8238409258421));
#11873=CARTESIAN_POINT('Ctrl Pts',(19.7741984327842,0.,23.7038386379845));
#11874=CARTESIAN_POINT('Ctrl Pts',(19.7741984327842,2.,23.7038386379845));
#11875=CARTESIAN_POINT('Ctrl Pts',(20.1297231959772,0.,23.4406083350773));
#11876=CARTESIAN_POINT('Ctrl Pts',(20.1297231959772,2.,23.4406083350773));
#11877=CARTESIAN_POINT('Ctrl Pts',(20.302865922451,0.,23.3124135732651));
#11878=CARTESIAN_POINT('Ctrl Pts',(20.302865922451,2.,23.3124135732651));
#11879=CARTESIAN_POINT('',(19.1296057105064,0.,23.8854013681412));
#11880=CARTESIAN_POINT('Ctrl Pts',(19.1296057105064,0.,23.8854013681412));
#11881=CARTESIAN_POINT('Ctrl Pts',(19.3481605485612,0.,23.8238409258421));
#11882=CARTESIAN_POINT('Ctrl Pts',(19.7741984327842,0.,23.7038386379845));
#11883=CARTESIAN_POINT('Ctrl Pts',(20.1297231959772,0.,23.4406083350773));
#11884=CARTESIAN_POINT('Ctrl Pts',(20.302865922451,0.,23.3124135732651));
#11885=CARTESIAN_POINT('',(19.1296057105064,2.,23.8854013681412));
#11886=CARTESIAN_POINT('',(19.1296057105064,0.,23.8854013681412));
#11887=CARTESIAN_POINT('Ctrl Pts',(19.1296057105064,2.,23.8854013681412));
#11888=CARTESIAN_POINT('Ctrl Pts',(19.3481605485612,2.,23.8238409258421));
#11889=CARTESIAN_POINT('Ctrl Pts',(19.7741984327842,2.,23.7038386379845));
#11890=CARTESIAN_POINT('Ctrl Pts',(20.1297231959772,2.,23.4406083350773));
#11891=CARTESIAN_POINT('Ctrl Pts',(20.302865922451,2.,23.3124135732651));
#11892=CARTESIAN_POINT('Ctrl Pts',(17.7053217291832,0.,23.9999990463257));
#11893=CARTESIAN_POINT('Ctrl Pts',(17.7053217291832,2.,23.9999990463257));
#11894=CARTESIAN_POINT('Ctrl Pts',(17.9802826639121,0.,23.9988638326855));
#11895=CARTESIAN_POINT('Ctrl Pts',(17.9802826639121,2.,23.9988638326855));
#11896=CARTESIAN_POINT('Ctrl Pts',(18.4582530671236,0.,23.996890466826));
#11897=CARTESIAN_POINT('Ctrl Pts',(18.4582530671236,2.,23.996890466826));
#11898=CARTESIAN_POINT('Ctrl Pts',(18.9294662512321,0.,23.9186378022949));
#11899=CARTESIAN_POINT('Ctrl Pts',(18.9294662512321,2.,23.9186378022949));
#11900=CARTESIAN_POINT('Ctrl Pts',(19.1296057105064,0.,23.8854013681412));
#11901=CARTESIAN_POINT('Ctrl Pts',(19.1296057105064,2.,23.8854013681412));
#11902=CARTESIAN_POINT('',(17.7053217291832,0.,23.9999990463257));
#11903=CARTESIAN_POINT('Ctrl Pts',(17.7053217291832,0.,23.9999990463257));
#11904=CARTESIAN_POINT('Ctrl Pts',(17.9802826639121,0.,23.9988638326855));
#11905=CARTESIAN_POINT('Ctrl Pts',(18.4582530671236,0.,23.996890466826));
#11906=CARTESIAN_POINT('Ctrl Pts',(18.9294662512321,0.,23.9186378022949));
#11907=CARTESIAN_POINT('Ctrl Pts',(19.1296057105064,0.,23.8854013681412));
#11908=CARTESIAN_POINT('',(17.7053217291832,2.,23.9999990463257));
#11909=CARTESIAN_POINT('',(17.7053217291832,0.,23.9999990463257));
#11910=CARTESIAN_POINT('Ctrl Pts',(17.7053217291832,2.,23.9999990463257));
#11911=CARTESIAN_POINT('Ctrl Pts',(17.9802826639121,2.,23.9988638326855));
#11912=CARTESIAN_POINT('Ctrl Pts',(18.4582530671236,2.,23.996890466826));
#11913=CARTESIAN_POINT('Ctrl Pts',(18.9294662512321,2.,23.9186378022949));
#11914=CARTESIAN_POINT('Ctrl Pts',(19.1296057105064,2.,23.8854013681412));
#11915=CARTESIAN_POINT('Origin',(14.949523627758,0.,23.9999990463257));
#11916=CARTESIAN_POINT('',(14.949523627758,0.,23.9999990463257));
#11917=CARTESIAN_POINT('',(7.47476181387901,0.,23.9999990463257));
#11918=CARTESIAN_POINT('',(14.949523627758,2.,23.9999990463257));
#11919=CARTESIAN_POINT('',(14.949523627758,0.,23.9999990463257));
#11920=CARTESIAN_POINT('',(14.949523627758,2.,23.9999990463257));
#11921=CARTESIAN_POINT('Origin',(14.949523627758,0.,15.9999989271164));
#11922=CARTESIAN_POINT('',(14.949523627758,0.,15.9999989271164));
#11923=CARTESIAN_POINT('',(14.949523627758,0.,7.9999994635582));
#11924=CARTESIAN_POINT('',(14.949523627758,2.,15.9999989271164));
#11925=CARTESIAN_POINT('',(14.949523627758,0.,15.9999989271164));
#11926=CARTESIAN_POINT('',(14.949523627758,2.,15.9999989271164));
#11927=CARTESIAN_POINT('Origin',(17.8362910151482,0.,15.9999989271164));
#11928=CARTESIAN_POINT('',(8.91814550757408,0.,15.9999989271164));
#11929=CARTESIAN_POINT('',(17.8362910151482,2.,15.9999989271164));
#11930=CARTESIAN_POINT('Origin',(50.0000004172325,2.,18.8894941210747));
#11931=CARTESIAN_POINT('Origin',(0.,0.,0.));
#11932=CARTESIAN_POINT('Origin',(0.,0.,0.));
#11933=CARTESIAN_POINT('Origin',(0.,0.,0.));
#11934=CARTESIAN_POINT('Origin',(0.,0.,0.));
#11935=CARTESIAN_POINT('Origin',(0.,0.,0.));
#11936=CARTESIAN_POINT('Origin',(0.,0.,0.));
#11937=CARTESIAN_POINT('Origin',(0.,0.,0.));
#11938=CARTESIAN_POINT('Origin',(61.9339727544629,72.5,19.9011003096985));
#11939=CARTESIAN_POINT('',(61.9339727544629,80.,18.6366003096985));
#11940=CARTESIAN_POINT('Origin',(61.9339727544629,80.,19.9011003096985));
#11941=CARTESIAN_POINT('',(61.9339727544629,75.,18.6366003096985));
#11942=CARTESIAN_POINT('',(61.9339727544629,72.5,18.6366003096985));
#11943=CARTESIAN_POINT('Origin',(61.9339727544629,75.,19.9011003096985));
#11944=CARTESIAN_POINT('Origin',(38.3274644793436,71.,19.9241494554417));
#11945=CARTESIAN_POINT('',(38.3274644793436,80.,18.6596494554417));
#11946=CARTESIAN_POINT('Origin',(38.3274644793436,80.,19.9241494554417));
#11947=CARTESIAN_POINT('',(38.3274644793436,75.,18.6596494554417));
#11948=CARTESIAN_POINT('',(38.3274644793436,71.,18.6596494554417));
#11949=CARTESIAN_POINT('Origin',(38.3274644793436,75.,19.9241494554417));
#11950=CARTESIAN_POINT('Origin',(56.0000001788139,80.,23.));
#11951=CARTESIAN_POINT('',(44.,75.,23.));
#11952=CARTESIAN_POINT('',(56.0000001788139,75.,23.));
#11953=CARTESIAN_POINT('',(78.0000000894069,75.,23.));
#11954=CARTESIAN_POINT('',(44.,80.,23.));
#11955=CARTESIAN_POINT('',(44.,80.,23.));
#11956=CARTESIAN_POINT('',(56.0000001788139,80.,23.));
#11957=CARTESIAN_POINT('',(78.0000000894069,80.,23.));
#11958=CARTESIAN_POINT('',(56.0000001788139,80.,23.));
#11959=CARTESIAN_POINT('Origin',(56.0000001788139,80.,19.9999999552965));
#11960=CARTESIAN_POINT('',(56.0000001788139,75.,16.999999910593));
#11961=CARTESIAN_POINT('Origin',(56.0000001788139,75.,19.9999999552965));
#11962=CARTESIAN_POINT('',(56.0000001788139,80.,16.999999910593));
#11963=CARTESIAN_POINT('Origin',(56.0000001788139,80.,19.9999999552965));
#11964=CARTESIAN_POINT('',(56.0000001788139,80.,16.999999910593));
#11965=CARTESIAN_POINT('Origin',(44.,80.,16.999999910593));
#11966=CARTESIAN_POINT('',(44.,75.,16.999999910593));
#11967=CARTESIAN_POINT('',(72.,75.,16.999999910593));
#11968=CARTESIAN_POINT('',(44.,80.,16.999999910593));
#11969=CARTESIAN_POINT('',(72.,80.,16.999999910593));
#11970=CARTESIAN_POINT('',(44.,80.,16.999999910593));
#11971=CARTESIAN_POINT('Origin',(44.,80.,19.9999999552965));
#11972=CARTESIAN_POINT('Origin',(44.,75.,19.9999999552965));
#11973=CARTESIAN_POINT('Origin',(44.,80.,19.9999999552965));
#11974=CARTESIAN_POINT('Origin',(100.,50.8,6.69999999999999));
#11975=CARTESIAN_POINT('',(100.,49.1,6.69999999999999));
#11976=CARTESIAN_POINT('Origin',(100.,50.8,6.69999999999999));
#11977=CARTESIAN_POINT('',(91.,49.1,6.69999999999999));
#11978=CARTESIAN_POINT('',(100.,49.1,6.69999999999999));
#11979=CARTESIAN_POINT('',(91.,50.8,5.));
#11980=CARTESIAN_POINT('Origin',(91.,50.8,6.69999999999999));
#11981=CARTESIAN_POINT('Origin',(91.,50.8,6.69999999999999));
#11982=CARTESIAN_POINT('Origin',(100.,50.8,6.69999999999999));
#11983=CARTESIAN_POINT('',(8.99999999999999,50.8,5.));
#11984=CARTESIAN_POINT('',(8.99999999999999,49.1,6.69999999999999));
#11985=CARTESIAN_POINT('Origin',(8.99999999999999,50.8,6.69999999999999));
#11986=CARTESIAN_POINT('Origin',(8.99999999999999,50.8,6.69999999999999));
#11987=CARTESIAN_POINT('',(-1.77635683940025E-14,49.1,6.69999999999999));
#11988=CARTESIAN_POINT('',(100.,49.1,6.69999999999999));
#11989=CARTESIAN_POINT('Origin',(-1.77635683940025E-14,50.8,6.69999999999999));
#11990=CARTESIAN_POINT('Origin',(100.,40.,20.));
#11991=CARTESIAN_POINT('',(100.,30.5,20.));
#11992=CARTESIAN_POINT('Origin',(100.,40.,20.));
#11993=CARTESIAN_POINT('',(91.,30.5,20.));
#11994=CARTESIAN_POINT('',(100.,30.5,20.));
#11995=CARTESIAN_POINT('Origin',(91.,40.,20.));
#11996=CARTESIAN_POINT('Origin',(100.,40.,20.));
#11997=CARTESIAN_POINT('',(8.99999999999999,30.5,20.));
#11998=CARTESIAN_POINT('Origin',(8.99999999999999,40.,20.));
#11999=CARTESIAN_POINT('',(-1.77635683940025E-14,30.5,20.));
#12000=CARTESIAN_POINT('',(100.,30.5,20.));
#12001=CARTESIAN_POINT('Origin',(-1.77635683940025E-14,40.,20.));
#12002=CARTESIAN_POINT('Origin',(100.,29.2,33.3));
#12003=CARTESIAN_POINT('',(100.,27.5,33.3));
#12004=CARTESIAN_POINT('Origin',(100.,29.2,33.3));
#12005=CARTESIAN_POINT('',(91.,27.5,33.3));
#12006=CARTESIAN_POINT('',(100.,27.5,33.3));
#12007=CARTESIAN_POINT('',(91.,29.2,35.0000005215406));
#12008=CARTESIAN_POINT('Origin',(91.,29.2,33.3));
#12009=CARTESIAN_POINT('',(95.,29.2,35.0000005215406));
#12010=CARTESIAN_POINT('',(100.,29.2,35.0000005215406));
#12011=CARTESIAN_POINT('',(100.,29.2,35.0000005215406));
#12012=CARTESIAN_POINT('Origin',(91.,29.2,33.3));
#12013=CARTESIAN_POINT('Origin',(100.,29.2,33.3));
#12014=CARTESIAN_POINT('',(8.99999999999999,29.2,35.0000005215406));
#12015=CARTESIAN_POINT('',(5.,29.2,35.0000005215406));
#12016=CARTESIAN_POINT('',(100.,29.2,35.0000005215406));
#12017=CARTESIAN_POINT('',(8.99999999999999,27.5,33.3));
#12018=CARTESIAN_POINT('Origin',(8.99999999999999,29.2,33.3));
#12019=CARTESIAN_POINT('',(-1.77635683940025E-14,27.5,33.3));
#12020=CARTESIAN_POINT('',(100.,27.5,33.3));
#12021=CARTESIAN_POINT('Origin',(-1.77635683940025E-14,29.2,33.3));
#12022=CARTESIAN_POINT('Origin',(8.99999999999999,29.2,33.3));
#12023=CARTESIAN_POINT('',(100.,29.2,35.0000005215406));
#12024=CARTESIAN_POINT('Origin',(50.,40.,5.));
#12025=CARTESIAN_POINT('',(8.99999999999999,27.0000010281801,5.));
#12026=CARTESIAN_POINT('',(8.99999999999999,40.0000005140901,5.));
#12027=CARTESIAN_POINT('',(4.99999999999999,27.0000010281801,5.));
#12028=CARTESIAN_POINT('',(27.5,27.0000010281801,5.));
#12029=CARTESIAN_POINT('',(5.,11.0000001639128,5.));
#12030=CARTESIAN_POINT('',(4.99999999999998,60.,5.));
#12031=CARTESIAN_POINT('',(11.0000001639128,11.0000001639128,5.));
#12032=CARTESIAN_POINT('',(30.5000000819564,11.0000001639128,5.));
#12033=CARTESIAN_POINT('',(11.0000001639128,5.,5.));
#12034=CARTESIAN_POINT('',(11.0000001639128,22.5,5.));
#12035=CARTESIAN_POINT('',(89.0000013262033,5.,5.));
#12036=CARTESIAN_POINT('',(25.,5.,5.));
#12037=CARTESIAN_POINT('',(89.0000013262033,11.0000001639128,5.));
#12038=CARTESIAN_POINT('',(89.0000013262033,25.5000000819564,5.));
#12039=CARTESIAN_POINT('',(95.,11.0000001639128,5.));
#12040=CARTESIAN_POINT('',(72.5,11.0000001639128,5.));
#12041=CARTESIAN_POINT('',(95.,27.0000004023314,5.00000007450581));
#12042=CARTESIAN_POINT('',(95.,20.,5.));
#12043=CARTESIAN_POINT('',(91.,27.0000004023314,5.00000007450581));
#12044=CARTESIAN_POINT('',(72.5,27.0000004023314,5.));
#12045=CARTESIAN_POINT('',(91.,40.0000002980232,5.));
#12046=CARTESIAN_POINT('',(91.,53.0000007897615,5.00000007450581));
#12047=CARTESIAN_POINT('',(91.,40.0000002980232,5.));
#12048=CARTESIAN_POINT('',(95.,53.0000007897615,5.00000007450581));
#12049=CARTESIAN_POINT('',(72.5,53.0000007897615,5.));
#12050=CARTESIAN_POINT('',(95.,69.0000010281801,5.));
#12051=CARTESIAN_POINT('',(95.,20.,5.));
#12052=CARTESIAN_POINT('',(89.0000013262033,69.0000010281801,5.));
#12053=CARTESIAN_POINT('',(69.5000006631017,69.0000010281801,5.));
#12054=CARTESIAN_POINT('',(89.0000013262033,75.,5.));
#12055=CARTESIAN_POINT('',(89.0000013262033,57.5,5.));
#12056=CARTESIAN_POINT('',(11.0000001639128,75.,5.));
#12057=CARTESIAN_POINT('',(75.,75.,5.));
#12058=CARTESIAN_POINT('',(11.0000001639128,69.0000010281801,5.));
#12059=CARTESIAN_POINT('',(11.0000001639128,54.5000005140901,5.));
#12060=CARTESIAN_POINT('',(4.99999999999998,69.0000010281801,5.));
#12061=CARTESIAN_POINT('',(27.5,69.0000010281801,5.));
#12062=CARTESIAN_POINT('',(4.99999999999999,53.0000010281801,5.00000007450581));
#12063=CARTESIAN_POINT('',(4.99999999999998,60.,5.));
#12064=CARTESIAN_POINT('',(8.99999999999999,53.0000010281801,5.00000007450581));
#12065=CARTESIAN_POINT('',(27.5,53.0000010281801,5.));
#12066=CARTESIAN_POINT('',(8.99999999999999,40.0000005140901,5.));
#12067=CARTESIAN_POINT('Origin',(4.99999999999999,53.0000010281801,35.0000005215406));
#12068=CARTESIAN_POINT('',(8.99999999999999,53.0000010281801,35.0000005215406));
#12069=CARTESIAN_POINT('',(8.99999999999999,53.0000010281801,35.0000005215406));
#12070=CARTESIAN_POINT('',(4.99999999999999,53.0000010281801,35.0000005215406));
#12071=CARTESIAN_POINT('',(4.99999999999999,53.0000010281801,35.0000005215406));
#12072=CARTESIAN_POINT('',(4.99999999999998,66.5000005140901,35.0000005215406));
#12073=CARTESIAN_POINT('Origin',(95.,27.0000004023314,35.0000005215406));
#12074=CARTESIAN_POINT('',(95.,53.0000007897615,35.0000005215406));
#12075=CARTESIAN_POINT('',(95.,13.5000002011657,35.0000005215406));
#12076=CARTESIAN_POINT('',(91.,53.0000007897615,35.0000005215406));
#12077=CARTESIAN_POINT('',(95.,53.0000007897615,35.0000005215406));
#12078=CARTESIAN_POINT('',(91.,27.0000004023314,35.0000005215406));
#12079=CARTESIAN_POINT('Origin',(8.99999999999999,40.0000010281801,20.0000002607703));
#12080=CARTESIAN_POINT('',(8.99999999999999,27.0000010281801,35.0000005215406));
#12081=CARTESIAN_POINT('',(8.99999999999999,27.0000010281801,35.0000005215406));
#12082=CARTESIAN_POINT('',(8.99999999999999,53.0000010281801,5.00000007450581));
#12083=CARTESIAN_POINT('',(8.99999999999999,53.0000010281801,35.0000005215406));
#12084=CARTESIAN_POINT('Origin',(91.,40.0000005960464,20.0000002980232));
#12085=CARTESIAN_POINT('',(91.,27.0000004023314,35.0000005215406));
#12086=CARTESIAN_POINT('',(91.,27.0000004023314,5.00000007450581));
#12087=CARTESIAN_POINT('',(91.,27.0000004023314,35.0000005215406));
#12088=CARTESIAN_POINT('',(91.,53.0000007897615,35.0000005215406));
#12089=CARTESIAN_POINT('Origin',(4.99999999999999,53.0000010281801,35.0000005215406));
#12090=CARTESIAN_POINT('',(4.99999999999999,27.0000010281801,35.0000005215406));
#12091=CARTESIAN_POINT('',(4.99999999999998,66.5000005140901,35.0000005215406));
#12092=CARTESIAN_POINT('',(4.99999999999999,27.0000010281801,35.0000005215406));
#12093=CARTESIAN_POINT('Origin',(4.99999999999999,53.0000010281801,5.00000007450581));
#12094=CARTESIAN_POINT('',(4.99999999999998,53.0000010281801,2.5000000372529));
#12095=CARTESIAN_POINT('Origin',(4.99999999999999,27.0000010281801,35.0000005215406));
#12096=CARTESIAN_POINT('',(4.99999999999999,27.0000010281801,17.5000002607703));
#12097=CARTESIAN_POINT('Origin',(95.,53.0000007897615,35.0000005215406));
#12098=CARTESIAN_POINT('',(95.,53.0000007897615,17.5000002607703));
#12099=CARTESIAN_POINT('Origin',(95.,27.0000004023314,35.0000005215406));
#12100=CARTESIAN_POINT('',(95.,27.0000004023314,35.0000005215406));
#12101=CARTESIAN_POINT('',(95.,27.0000004023314,35.0000005215406));
#12102=CARTESIAN_POINT('',(95.,13.5000002011657,35.0000005215406));
#12103=CARTESIAN_POINT('Origin',(95.,27.0000004023314,5.00000007450581));
#12104=CARTESIAN_POINT('',(95.,27.0000004023314,2.5000000372529));
#12105=CARTESIAN_POINT('Origin',(95.,0.,0.));
#12106=CARTESIAN_POINT('',(95.,11.0000001639128,38.));
#12107=CARTESIAN_POINT('',(95.,11.0000001639128,2.5));
#12108=CARTESIAN_POINT('',(95.,5.,38.));
#12109=CARTESIAN_POINT('',(95.,4.00000004097819,38.));
#12110=CARTESIAN_POINT('',(95.,5.,40.));
#12111=CARTESIAN_POINT('',(95.,5.,0.));
#12112=CARTESIAN_POINT('',(95.,75.,40.));
#12113=CARTESIAN_POINT('',(95.,57.5,40.));
#12114=CARTESIAN_POINT('',(95.,75.,38.));
#12115=CARTESIAN_POINT('',(95.,75.,0.));
#12116=CARTESIAN_POINT('',(95.,69.0000010281801,38.));
#12117=CARTESIAN_POINT('',(95.,36.000000257045,38.));
#12118=CARTESIAN_POINT('',(95.,69.0000010281801,2.5));
#12119=CARTESIAN_POINT('Origin',(92.0000006631017,72.0000005140901,31.5));
#12120=CARTESIAN_POINT('',(90.7355006631016,72.0000005140901,38.));
#12121=CARTESIAN_POINT('Origin',(92.0000006631017,72.0000005140901,38.));
#12122=CARTESIAN_POINT('',(90.7355006631016,72.0000005140901,25.));
#12123=CARTESIAN_POINT('',(90.7355006631016,72.0000005140901,31.5));
#12124=CARTESIAN_POINT('Origin',(92.0000006631017,72.0000005140901,25.));
#12125=CARTESIAN_POINT('Origin',(92.0000006631017,72.0000005140901,25.));
#12126=CARTESIAN_POINT('Origin',(92.0000006631017,8.00000008195638,31.5));
#12127=CARTESIAN_POINT('',(90.7355006631017,8.00000008195638,38.));
#12128=CARTESIAN_POINT('Origin',(92.0000006631017,8.00000008195638,38.));
#12129=CARTESIAN_POINT('',(90.7355006631017,8.00000008195638,25.));
#12130=CARTESIAN_POINT('',(90.7355006631017,8.00000008195638,31.5));
#12131=CARTESIAN_POINT('Origin',(92.0000006631017,8.00000008195638,25.));
#12132=CARTESIAN_POINT('Origin',(92.0000006631017,8.00000008195638,25.));
#12133=CARTESIAN_POINT('Origin',(8.00000008195638,72.0000005140901,31.5));
#12134=CARTESIAN_POINT('',(6.73550008195638,72.0000005140901,38.));
#12135=CARTESIAN_POINT('Origin',(8.00000008195638,72.0000005140901,38.));
#12136=CARTESIAN_POINT('',(6.73550008195638,72.0000005140901,25.));
#12137=CARTESIAN_POINT('',(6.73550008195638,72.0000005140901,31.5));
#12138=CARTESIAN_POINT('Origin',(8.00000008195638,72.0000005140901,25.));
#12139=CARTESIAN_POINT('Origin',(8.00000008195638,72.0000005140901,25.));
#12140=CARTESIAN_POINT('Origin',(8.00000008195638,8.00000008195639,31.5));
#12141=CARTESIAN_POINT('',(6.73550008195638,8.00000008195639,38.));
#12142=CARTESIAN_POINT('Origin',(8.00000008195638,8.00000008195639,38.));
#12143=CARTESIAN_POINT('',(6.73550008195638,8.00000008195639,25.));
#12144=CARTESIAN_POINT('',(6.73550008195638,8.00000008195639,31.5));
#12145=CARTESIAN_POINT('Origin',(8.00000008195638,8.00000008195639,25.));
#12146=CARTESIAN_POINT('Origin',(8.00000008195638,8.00000008195639,25.));
#12147=CARTESIAN_POINT('Origin',(11.0000001639128,11.0000001639128,5.));
#12148=CARTESIAN_POINT('',(5.,11.0000001639128,38.));
#12149=CARTESIAN_POINT('',(5.,11.0000001639128,2.5));
#12150=CARTESIAN_POINT('',(11.0000001639128,11.0000001639128,38.));
#12151=CARTESIAN_POINT('',(11.0000001639128,11.0000001639128,38.));
#12152=CARTESIAN_POINT('',(11.0000001639128,11.0000001639128,5.));
#12153=CARTESIAN_POINT('Origin',(11.0000001639128,5.,5.));
#12154=CARTESIAN_POINT('',(11.0000001639128,5.,38.));
#12155=CARTESIAN_POINT('',(11.0000001639128,5.,38.));
#12156=CARTESIAN_POINT('',(11.0000001639128,5.,2.5));
#12157=CARTESIAN_POINT('Origin',(8.00000008195638,8.00000008195639,38.));
#12158=CARTESIAN_POINT('',(5.,5.,38.));
#12159=CARTESIAN_POINT('',(4.99999999999999,44.0000000409782,38.));
#12160=CARTESIAN_POINT('',(4.00000004097819,5.,38.));
#12161=CARTESIAN_POINT('Origin',(4.99999999999997,80.,0.));
#12162=CARTESIAN_POINT('',(4.99999999999998,69.0000010281801,38.));
#12163=CARTESIAN_POINT('',(4.99999999999998,69.0000010281801,2.5));
#12164=CARTESIAN_POINT('',(4.99999999999998,75.,38.));
#12165=CARTESIAN_POINT('',(4.99999999999998,76.000000257045,38.));
#12166=CARTESIAN_POINT('',(5.,75.,40.));
#12167=CARTESIAN_POINT('',(4.99999999999998,75.,0.));
#12168=CARTESIAN_POINT('',(5.,5.,40.));
#12169=CARTESIAN_POINT('',(5.,22.5,40.));
#12170=CARTESIAN_POINT('',(5.,5.,0.));
#12171=CARTESIAN_POINT('Origin',(11.0000001639128,69.0000010281801,5.));
#12172=CARTESIAN_POINT('',(11.0000001639128,75.,38.));
#12173=CARTESIAN_POINT('',(11.0000001639128,75.,2.5));
#12174=CARTESIAN_POINT('',(11.0000001639128,69.0000010281801,38.));
#12175=CARTESIAN_POINT('',(11.0000001639128,75.,38.));
#12176=CARTESIAN_POINT('',(11.0000001639128,69.0000010281801,5.));
#12177=CARTESIAN_POINT('Origin',(4.99999999999998,69.0000010281801,5.));
#12178=CARTESIAN_POINT('',(11.0000001639128,69.0000010281801,38.));
#12179=CARTESIAN_POINT('Origin',(8.00000008195638,72.0000005140901,38.));
#12180=CARTESIAN_POINT('',(54.0000000409782,75.,38.));
#12181=CARTESIAN_POINT('Origin',(89.0000013262033,11.0000001639128,5.));
#12182=CARTESIAN_POINT('',(89.0000013262033,5.,38.));
#12183=CARTESIAN_POINT('',(89.0000013262033,5.,2.5));
#12184=CARTESIAN_POINT('',(89.0000013262033,11.0000001639128,38.));
#12185=CARTESIAN_POINT('',(89.0000013262033,5.,38.));
#12186=CARTESIAN_POINT('',(89.0000013262033,11.0000001639128,5.));
#12187=CARTESIAN_POINT('Origin',(95.,11.0000001639128,5.));
#12188=CARTESIAN_POINT('',(89.0000013262033,11.0000001639128,38.));
#12189=CARTESIAN_POINT('Origin',(92.0000006631017,8.00000008195639,38.));
#12190=CARTESIAN_POINT('',(46.0000003315508,5.,38.));
#12191=CARTESIAN_POINT('Origin',(89.0000013262033,69.0000010281801,5.));
#12192=CARTESIAN_POINT('',(89.0000013262033,69.0000010281801,38.));
#12193=CARTESIAN_POINT('',(89.0000013262033,69.0000010281801,38.));
#12194=CARTESIAN_POINT('',(89.0000013262033,69.0000010281801,5.));
#12195=CARTESIAN_POINT('Origin',(89.0000013262033,75.,5.));
#12196=CARTESIAN_POINT('',(89.0000013262033,75.,38.));
#12197=CARTESIAN_POINT('',(89.0000013262033,75.,38.));
#12198=CARTESIAN_POINT('',(89.0000013262033,75.,2.5));
#12199=CARTESIAN_POINT('Origin',(92.0000006631017,72.0000005140901,38.));
#12200=CARTESIAN_POINT('',(96.0000003315508,75.,38.));
#12201=CARTESIAN_POINT('Origin',(2.5,2.5,2.5));
#12202=CARTESIAN_POINT('',(-4.99833939540823E-16,2.5,2.5));
#12203=CARTESIAN_POINT('',(2.5,0.,2.5));
#12204=CARTESIAN_POINT('Origin',(2.5,2.5,2.5));
#12205=CARTESIAN_POINT('',(2.5,2.5,0.));
#12206=CARTESIAN_POINT('Origin',(2.5,2.5,2.5));
#12207=CARTESIAN_POINT('Origin',(2.5,2.5,2.5));
#12208=CARTESIAN_POINT('Origin',(97.5,2.5,2.5));
#12209=CARTESIAN_POINT('',(97.5,0.,2.5));
#12210=CARTESIAN_POINT('',(100.,2.5,2.5));
#12211=CARTESIAN_POINT('Origin',(97.5,2.5,2.5));
#12212=CARTESIAN_POINT('',(97.5,2.5,0.));
#12213=CARTESIAN_POINT('Origin',(97.5,2.5,2.5));
#12214=CARTESIAN_POINT('Origin',(97.5,2.5,2.5));
#12215=CARTESIAN_POINT('Origin',(25.,2.5,2.5));
#12216=CARTESIAN_POINT('',(25.,0.,2.5));
#12217=CARTESIAN_POINT('',(25.,2.5,0.));
#12218=CARTESIAN_POINT('Origin',(2.49999999999997,77.5,2.5));
#12219=CARTESIAN_POINT('',(2.49999999999997,77.5,0.));
#12220=CARTESIAN_POINT('',(2.49999999999997,80.,2.5));
#12221=CARTESIAN_POINT('Origin',(2.49999999999997,77.5,2.5));
#12222=CARTESIAN_POINT('',(-2.55351295663786E-14,77.5,2.5));
#12223=CARTESIAN_POINT('Origin',(2.49999999999997,77.5,2.5));
#12224=CARTESIAN_POINT('Origin',(2.49999999999997,77.5,2.5));
#12225=CARTESIAN_POINT('Origin',(2.49999999999998,60.,2.5));
#12226=CARTESIAN_POINT('',(-1.94289029309402E-14,60.,2.5));
#12227=CARTESIAN_POINT('',(2.49999999999998,60.,0.));
#12228=CARTESIAN_POINT('Origin',(2.5,2.5,37.5));
#12229=CARTESIAN_POINT('',(-8.32667268468867E-16,2.5,37.5));
#12230=CARTESIAN_POINT('',(2.5,2.5,40.));
#12231=CARTESIAN_POINT('Origin',(2.5,2.5,37.5));
#12232=CARTESIAN_POINT('',(2.5,0.,37.5));
#12233=CARTESIAN_POINT('Origin',(2.5,2.5,37.5));
#12234=CARTESIAN_POINT('Origin',(2.5,2.5,37.5));
#12235=CARTESIAN_POINT('Origin',(2.5,2.5,0.));
#12236=CARTESIAN_POINT('',(-8.32667268468867E-16,2.5,0.));
#12237=CARTESIAN_POINT('',(2.5,0.,0.));
#12238=CARTESIAN_POINT('Origin',(97.5,77.5,2.5));
#12239=CARTESIAN_POINT('',(100.,77.5,2.5));
#12240=CARTESIAN_POINT('',(97.5,80.,2.5));
#12241=CARTESIAN_POINT('Origin',(97.5,77.5,2.5));
#12242=CARTESIAN_POINT('',(97.5,77.5,0.));
#12243=CARTESIAN_POINT('Origin',(97.5,77.5,2.5));
#12244=CARTESIAN_POINT('Origin',(97.5,77.5,2.5));
#12245=CARTESIAN_POINT('Origin',(97.5,20.,2.5));
#12246=CARTESIAN_POINT('',(100.,20.,2.5));
#12247=CARTESIAN_POINT('',(97.5,20.,0.));
#12248=CARTESIAN_POINT('Origin',(75.,77.5,2.5));
#12249=CARTESIAN_POINT('',(75.,80.,2.5));
#12250=CARTESIAN_POINT('',(75.,77.5,0.));
#12251=CARTESIAN_POINT('Origin',(97.5,2.5,37.5));
#12252=CARTESIAN_POINT('',(97.5,0.,37.5));
#12253=CARTESIAN_POINT('',(97.5,2.5,40.));
#12254=CARTESIAN_POINT('Origin',(97.5,2.5,37.5));
#12255=CARTESIAN_POINT('',(100.,2.5,37.5));
#12256=CARTESIAN_POINT('Origin',(97.5,2.5,37.5));
#12257=CARTESIAN_POINT('Origin',(97.5,2.5,37.5));
#12258=CARTESIAN_POINT('Origin',(97.5,2.5,0.));
#12259=CARTESIAN_POINT('',(97.5,0.,0.));
#12260=CARTESIAN_POINT('',(100.,2.5,0.));
#12261=CARTESIAN_POINT('Origin',(2.49999999999997,77.5,37.5));
#12262=CARTESIAN_POINT('',(2.49999999999997,80.,37.5));
#12263=CARTESIAN_POINT('',(2.49999999999997,77.5,40.));
#12264=CARTESIAN_POINT('Origin',(2.49999999999997,77.5,37.5));
#12265=CARTESIAN_POINT('',(-2.51899239283227E-14,77.5,37.5));
#12266=CARTESIAN_POINT('Origin',(2.49999999999997,77.5,37.5));
#12267=CARTESIAN_POINT('Origin',(2.49999999999997,77.5,37.5));
#12268=CARTESIAN_POINT('Origin',(2.49999999999997,77.5,0.));
#12269=CARTESIAN_POINT('',(2.49999999999997,80.,0.));
#12270=CARTESIAN_POINT('',(-2.55351295663786E-14,77.5,0.));
#12271=CARTESIAN_POINT('Origin',(2.49999999999998,60.,37.5));
#12272=CARTESIAN_POINT('',(2.49999999999998,60.,40.));
#12273=CARTESIAN_POINT('',(-1.94289029309402E-14,60.,37.5));
#12274=CARTESIAN_POINT('Origin',(97.5,77.5,37.5));
#12275=CARTESIAN_POINT('',(100.,77.5,37.5));
#12276=CARTESIAN_POINT('',(97.5,77.5,40.));
#12277=CARTESIAN_POINT('Origin',(97.5,77.5,37.5));
#12278=CARTESIAN_POINT('',(97.5,80.,37.5));
#12279=CARTESIAN_POINT('Origin',(97.5,77.5,37.5));
#12280=CARTESIAN_POINT('Origin',(97.5,77.5,37.5));
#12281=CARTESIAN_POINT('Origin',(97.5,77.5,0.));
#12282=CARTESIAN_POINT('',(100.,77.5,0.));
#12283=CARTESIAN_POINT('',(97.5,80.,0.));
#12284=CARTESIAN_POINT('Origin',(75.,77.5,37.5));
#12285=CARTESIAN_POINT('',(75.,77.5,40.));
#12286=CARTESIAN_POINT('',(75.,80.,37.5));
#12287=CARTESIAN_POINT('Origin',(97.5,20.,37.5));
#12288=CARTESIAN_POINT('',(97.5,20.,40.));
#12289=CARTESIAN_POINT('',(100.,20.,37.5));
#12290=CARTESIAN_POINT('Origin',(25.,2.5,37.5));
#12291=CARTESIAN_POINT('',(25.,2.5,40.));
#12292=CARTESIAN_POINT('',(25.,0.,37.5));
#12293=CARTESIAN_POINT('Origin',(0.,0.,0.));
#12294=CARTESIAN_POINT('Origin',(50.,40.,0.));
#12295=CARTESIAN_POINT('Origin',(-2.6336095988034E-14,80.,0.));
#12296=CARTESIAN_POINT('Origin',(100.,0.,0.));
#12297=CARTESIAN_POINT('Origin',(100.,80.,0.));
#12298=CARTESIAN_POINT('Origin',(50.,40.,40.));
#12299=CARTESIAN_POINT('',(27.5,75.,40.));
#12300=CARTESIAN_POINT('',(72.5,5.,40.));
#12301=CARTESIAN_POINT('Origin',(0.,5.,0.));
#12302=CARTESIAN_POINT('Origin',(100.,75.,0.));
#12303=CARTESIAN_POINT('Origin',(22.5,22.5,9.62010587361983));
#12304=CARTESIAN_POINT('',(21.2355,22.5,10.));
#12305=CARTESIAN_POINT('Origin',(22.5,22.5,10.));
#12306=CARTESIAN_POINT('',(22.5,22.5,9.24021174723965));
#12307=CARTESIAN_POINT('',(21.86775,22.5,9.62010587361983));
#12308=CARTESIAN_POINT('Origin',(22.5,22.5,12.5));
#12309=CARTESIAN_POINT('',(21.2355,22.5,15.));
#12310=CARTESIAN_POINT('Origin',(22.5,22.5,15.));
#12311=CARTESIAN_POINT('',(21.2355,22.5,12.5));
#12312=CARTESIAN_POINT('Origin',(25.,25.,5.));
#12313=CARTESIAN_POINT('',(25.,25.,5.));
#12314=CARTESIAN_POINT('',(20.,25.,5.));
#12315=CARTESIAN_POINT('',(25.,25.,5.));
#12316=CARTESIAN_POINT('',(20.,25.,15.));
#12317=CARTESIAN_POINT('',(20.,25.,5.));
#12318=CARTESIAN_POINT('',(25.,25.,15.));
#12319=CARTESIAN_POINT('',(25.,25.,15.));
#12320=CARTESIAN_POINT('',(25.,25.,5.));
#12321=CARTESIAN_POINT('Origin',(25.,20.,5.));
#12322=CARTESIAN_POINT('',(25.,20.,5.));
#12323=CARTESIAN_POINT('',(25.,20.,5.));
#12324=CARTESIAN_POINT('',(25.,20.,15.));
#12325=CARTESIAN_POINT('',(25.,20.,15.));
#12326=CARTESIAN_POINT('',(25.,20.,5.));
#12327=CARTESIAN_POINT('Origin',(20.,20.,5.));
#12328=CARTESIAN_POINT('',(20.,20.,5.));
#12329=CARTESIAN_POINT('',(20.,20.,5.));
#12330=CARTESIAN_POINT('',(20.,20.,15.));
#12331=CARTESIAN_POINT('',(20.,20.,15.));
#12332=CARTESIAN_POINT('',(20.,20.,5.));
#12333=CARTESIAN_POINT('Origin',(20.,25.,5.));
#12334=CARTESIAN_POINT('',(20.,25.,5.));
#12335=CARTESIAN_POINT('',(20.,25.,15.));
#12336=CARTESIAN_POINT('Origin',(22.5,22.5,15.));
#12337=CARTESIAN_POINT('Origin',(22.5,22.5,5.));
#12338=CARTESIAN_POINT('Origin',(77.5,22.5,9.62010587361983));
#12339=CARTESIAN_POINT('',(76.2355,22.5,10.));
#12340=CARTESIAN_POINT('Origin',(77.5,22.5,10.));
#12341=CARTESIAN_POINT('',(77.5,22.5,9.24021174723965));
#12342=CARTESIAN_POINT('',(76.86775,22.5,9.62010587361983));
#12343=CARTESIAN_POINT('Origin',(77.5,22.5,12.5));
#12344=CARTESIAN_POINT('',(76.2355,22.5,15.));
#12345=CARTESIAN_POINT('Origin',(77.5,22.5,15.));
#12346=CARTESIAN_POINT('',(76.2355,22.5,12.5));
#12347=CARTESIAN_POINT('Origin',(80.,20.,5.));
#12348=CARTESIAN_POINT('',(80.,25.,5.));
#12349=CARTESIAN_POINT('',(80.,20.,5.));
#12350=CARTESIAN_POINT('',(80.,25.,5.));
#12351=CARTESIAN_POINT('',(80.,25.,15.));
#12352=CARTESIAN_POINT('',(80.,25.,5.));
#12353=CARTESIAN_POINT('',(80.,20.,15.));
#12354=CARTESIAN_POINT('',(80.,25.,15.));
#12355=CARTESIAN_POINT('',(80.,20.,5.));
#12356=CARTESIAN_POINT('Origin',(75.,20.,5.));
#12357=CARTESIAN_POINT('',(75.,20.,5.));
#12358=CARTESIAN_POINT('',(80.,20.,5.));
#12359=CARTESIAN_POINT('',(75.,20.,15.));
#12360=CARTESIAN_POINT('',(80.,20.,15.));
#12361=CARTESIAN_POINT('',(75.,20.,5.));
#12362=CARTESIAN_POINT('Origin',(75.,25.,5.));
#12363=CARTESIAN_POINT('',(75.,25.,5.));
#12364=CARTESIAN_POINT('',(75.,20.,5.));
#12365=CARTESIAN_POINT('',(75.,25.,15.));
#12366=CARTESIAN_POINT('',(75.,20.,15.));
#12367=CARTESIAN_POINT('',(75.,25.,5.));
#12368=CARTESIAN_POINT('Origin',(80.,25.,5.));
#12369=CARTESIAN_POINT('',(75.,25.,5.));
#12370=CARTESIAN_POINT('',(75.,25.,15.));
#12371=CARTESIAN_POINT('Origin',(77.5,22.5,15.));
#12372=CARTESIAN_POINT('Origin',(77.5,22.5,5.));
#12373=CARTESIAN_POINT('Origin',(22.5,57.5,9.62010587361983));
#12374=CARTESIAN_POINT('',(21.2355,57.5,10.));
#12375=CARTESIAN_POINT('Origin',(22.5,57.5,10.));
#12376=CARTESIAN_POINT('',(22.5,57.5,9.24021174723965));
#12377=CARTESIAN_POINT('',(21.86775,57.5,9.62010587361983));
#12378=CARTESIAN_POINT('Origin',(22.5,57.5,12.5));
#12379=CARTESIAN_POINT('',(21.2355,57.5,15.));
#12380=CARTESIAN_POINT('Origin',(22.5,57.5,15.));
#12381=CARTESIAN_POINT('',(21.2355,57.5,12.5));
#12382=CARTESIAN_POINT('Origin',(20.,60.,5.));
#12383=CARTESIAN_POINT('',(20.,55.,5.));
#12384=CARTESIAN_POINT('',(20.,60.,5.));
#12385=CARTESIAN_POINT('',(20.,55.,5.));
#12386=CARTESIAN_POINT('',(20.,55.,15.));
#12387=CARTESIAN_POINT('',(20.,55.,5.));
#12388=CARTESIAN_POINT('',(20.,60.,15.));
#12389=CARTESIAN_POINT('',(20.,55.,15.));
#12390=CARTESIAN_POINT('',(20.,60.,5.));
#12391=CARTESIAN_POINT('Origin',(25.,60.,5.));
#12392=CARTESIAN_POINT('',(25.,60.,5.));
#12393=CARTESIAN_POINT('',(20.,60.,5.));
#12394=CARTESIAN_POINT('',(25.,60.,15.));
#12395=CARTESIAN_POINT('',(20.,60.,15.));
#12396=CARTESIAN_POINT('',(25.,60.,5.));
#12397=CARTESIAN_POINT('Origin',(25.,55.,5.));
#12398=CARTESIAN_POINT('',(25.,55.,5.));
#12399=CARTESIAN_POINT('',(25.,60.,5.));
#12400=CARTESIAN_POINT('',(25.,55.,15.));
#12401=CARTESIAN_POINT('',(25.,60.,15.));
#12402=CARTESIAN_POINT('',(25.,55.,5.));
#12403=CARTESIAN_POINT('Origin',(20.,55.,5.));
#12404=CARTESIAN_POINT('',(25.,55.,5.));
#12405=CARTESIAN_POINT('',(25.,55.,15.));
#12406=CARTESIAN_POINT('Origin',(22.5,57.5,15.));
#12407=CARTESIAN_POINT('Origin',(22.5,57.5,5.));
#12408=CARTESIAN_POINT('Origin',(77.5,57.5,9.62010587361983));
#12409=CARTESIAN_POINT('',(76.2355,57.5,10.));
#12410=CARTESIAN_POINT('Origin',(77.5,57.5,10.));
#12411=CARTESIAN_POINT('',(77.5,57.5,9.24021174723965));
#12412=CARTESIAN_POINT('',(76.86775,57.5,9.62010587361983));
#12413=CARTESIAN_POINT('Origin',(77.5,57.5,12.5));
#12414=CARTESIAN_POINT('',(76.2355,57.5,15.));
#12415=CARTESIAN_POINT('Origin',(77.5,57.5,15.));
#12416=CARTESIAN_POINT('',(76.2355,57.5,12.5));
#12417=CARTESIAN_POINT('Origin',(75.,55.,5.));
#12418=CARTESIAN_POINT('',(75.,55.,5.));
#12419=CARTESIAN_POINT('',(80.,55.,5.));
#12420=CARTESIAN_POINT('',(75.,55.,5.));
#12421=CARTESIAN_POINT('',(80.,55.,15.));
#12422=CARTESIAN_POINT('',(80.,55.,5.));
#12423=CARTESIAN_POINT('',(75.,55.,15.));
#12424=CARTESIAN_POINT('',(75.,55.,15.));
#12425=CARTESIAN_POINT('',(75.,55.,5.));
#12426=CARTESIAN_POINT('Origin',(75.,60.,5.));
#12427=CARTESIAN_POINT('',(75.,60.,5.));
#12428=CARTESIAN_POINT('',(75.,60.,5.));
#12429=CARTESIAN_POINT('',(75.,60.,15.));
#12430=CARTESIAN_POINT('',(75.,60.,15.));
#12431=CARTESIAN_POINT('',(75.,60.,5.));
#12432=CARTESIAN_POINT('Origin',(80.,60.,5.));
#12433=CARTESIAN_POINT('',(80.,60.,5.));
#12434=CARTESIAN_POINT('',(80.,60.,5.));
#12435=CARTESIAN_POINT('',(80.,60.,15.));
#12436=CARTESIAN_POINT('',(80.,60.,15.));
#12437=CARTESIAN_POINT('',(80.,60.,5.));
#12438=CARTESIAN_POINT('Origin',(80.,55.,5.));
#12439=CARTESIAN_POINT('',(80.,55.,5.));
#12440=CARTESIAN_POINT('',(80.,55.,15.));
#12441=CARTESIAN_POINT('Origin',(77.5,57.5,15.));
#12442=CARTESIAN_POINT('Origin',(77.5,57.5,5.));
#12443=UNCERTAINTY_MEASURE_WITH_UNIT(LENGTH_MEASURE(0.01),#12447,
'DISTANCE_ACCURACY_VALUE',
'Maximum model space distance between geometric entities at asserted c
onnectivities');
#12444=UNCERTAINTY_MEASURE_WITH_UNIT(LENGTH_MEASURE(0.01),#12447,
'DISTANCE_ACCURACY_VALUE',
'Maximum model space distance between geometric entities at asserted c
onnectivities');
#12445=(
GEOMETRIC_REPRESENTATION_CONTEXT(3)
GLOBAL_UNCERTAINTY_ASSIGNED_CONTEXT((#12443))
GLOBAL_UNIT_ASSIGNED_CONTEXT((#12447,#12449,#12450))
REPRESENTATION_CONTEXT('','3D')
);
#12446=(
GEOMETRIC_REPRESENTATION_CONTEXT(3)
GLOBAL_UNCERTAINTY_ASSIGNED_CONTEXT((#12444))
GLOBAL_UNIT_ASSIGNED_CONTEXT((#12447,#12449,#12450))
REPRESENTATION_CONTEXT('','3D')
);
#12447=(
LENGTH_UNIT()
NAMED_UNIT(*)
SI_UNIT(.MILLI.,.METRE.)
);
#12448=(
LENGTH_UNIT()
NAMED_UNIT(*)
SI_UNIT($,.METRE.)
);
#12449=(
NAMED_UNIT(*)
PLANE_ANGLE_UNIT()
SI_UNIT($,.RADIAN.)
);
#12450=(
NAMED_UNIT(*)
SI_UNIT($,.STERADIAN.)
SOLID_ANGLE_UNIT()
);
#12451=SHAPE_DEFINITION_REPRESENTATION(#12452,#12453);
#12452=PRODUCT_DEFINITION_SHAPE('',$,#12455);
#12453=SHAPE_REPRESENTATION('',(#6517),#12445);
#12454=PRODUCT_DEFINITION_CONTEXT('part definition',#12459,'design');
#12455=PRODUCT_DEFINITION('BoxRepeater','BoxRepeater v6',#12456,#12454);
#12456=PRODUCT_DEFINITION_FORMATION('',$,#12461);
#12457=PRODUCT_RELATED_PRODUCT_CATEGORY('BoxRepeater v6',
'BoxRepeater v6',(#12461));
#12458=APPLICATION_PROTOCOL_DEFINITION('international standard',
'automotive_design',2009,#12459);
#12459=APPLICATION_CONTEXT(
'Core Data for Automotive Mechanical Design Process');
#12460=PRODUCT_CONTEXT('part definition',#12459,'mechanical');
#12461=PRODUCT('BoxRepeater','BoxRepeater v6',$,(#12460));
#12462=PRESENTATION_STYLE_ASSIGNMENT((#12463));
#12463=SURFACE_STYLE_USAGE(.BOTH.,#12464);
#12464=SURFACE_SIDE_STYLE('',(#12465));
#12465=SURFACE_STYLE_FILL_AREA(#12466);
#12466=FILL_AREA_STYLE('Acier - Satin\X\E9',(#12467));
#12467=FILL_AREA_STYLE_COLOUR('Acier - Satin\X\E9',#12468);
#12468=COLOUR_RGB('Acier - Satin\X\E9',0.627450980392157,0.627450980392157,
0.627450980392157);
ENDSEC;
END-ISO-10303-21;
